{"type":"FeatureCollection","features":[{"type":"Feature","geometry":{"type":"Point","coordinates":[-117.212349,32.8612]},"properties":{"facility_id":"SAMPLE-FFPP-00001","name":"Sample Kitchen 0001","address":"987 Fictional Boulevard, San Diego, CA 92122","facility_type":"restaurant","council_district":1,"last_visit":{"date":"2025-11-14","type":"complaint"},"grade":{"grade":"A","score":98,"date":"2025-07-21","replaced":null,"open_closure":null},"flags":[]}},{"type":"Feature","geometry":{"type":"Point","coordinates":[-117.076062,33.02194]},"properties":{"facility_id":"SAMPLE-FFPP-00002","name":"Sample Cafe 0002","address":"2404 Pretend Place, San Diego, CA 92128","facility_type":"restaurant","council_district":5,"last_visit":{"date":"2025-12-13","type":"routine"},"grade":{"grade":"A","score":97,"date":"2025-12-13","replaced":null,"open_closure":null},"flags":[],"points":3}},{"type":"Feature","geometry":{"type":"Point","coordinates":[-117.138513,32.833747]},"properties":{"facility_id":"SAMPLE-FFPP-00003","name":"Sample Noodle House 0003","address":"658 Testing Terrace, San Diego, CA 92123","facility_type":"restaurant","council_district":6,"last_visit":{"date":"2026-06-03","type":"routine"},"grade":{"grade":"A","score":98,"date":"2026-06-03","replaced":null,"open_closure":null},"flags":[],"points":4}},{"type":"Feature","geometry":{"type":"Point","coordinates":[-117.110741,32.964098]},"properties":{"facility_id":"SAMPLE-FFPP-00004","name":"Sample Cantina 0004","address":"6405 Specimen Way, San Diego, CA 92129","facility_type":"restaurant","council_district":5,"last_visit":{"date":"2025-12-17","type":"routine"},"grade":{"grade":"A","score":96,"date":"2025-12-17","replaced":null,"open_closure":null},"flags":[],"points":4}},{"type":"Feature","geometry":{"type":"Point","coordinates":[-117.272925,32.846068]},"properties":{"facility_id":"SAMPLE-FFPP-00005","name":"Sample Noodle House 0005","address":"7793 Invented Road, San Diego, CA 92037","facility_type":"restaurant","council_district":1,"last_visit":{"date":"2025-09-25","type":"routine"},"grade":{"grade":"A","score":96,"date":"2025-09-25","replaced":null,"open_closure":null},"flags":[],"points":4}},{"type":"Feature","geometry":{"type":"Point","coordinates":[-117.153675,32.772498]},"properties":{"facility_id":"SAMPLE-FFPP-00006","name":"Sample Grill 0006","address":"3538 Example Avenue, San Diego, CA 92108","facility_type":"restaurant","council_district":7,"last_visit":{"date":"2026-08-15","type":"routine"},"grade":{"grade":"A","score":97,"date":"2026-08-15","replaced":null,"open_closure":null},"flags":[],"points":3}},{"type":"Feature","geometry":{"type":"Point","coordinates":[-117.042155,32.563426]},"properties":{"facility_id":"SAMPLE-FFPP-00007","name":"Sample Cantina 0007","address":"4436 Invented Road, San Diego, CA 92173","facility_type":"restaurant","council_district":8,"last_visit":{"date":"2026-08-05","type":"followup"},"grade":{"grade":"A","score":95,"date":"2025-09-28","replaced":null,"open_closure":{"date":"2026-08-01","reason":"health","later_ungraded":["2026-08-01","2026-08-05"],"status":"Ordered Closed"}},"flags":["major","closed","major_2","temperature","vermin"],"on_hold":true}},{"type":"Feature","geometry":{"type":"Point","coordinates":[-117.259008,32.75023]},"properties":{"facility_id":"SAMPLE-FFPP-00008","name":"Sample Taqueria 0008","address":"3635 Mock Lane, San Diego, CA 92107","facility_type":"restaurant","council_district":2,"last_visit":{"date":"2026-08-09","type":"followup"},"grade":{"grade":"B","score":84,"date":"2026-08-09","replaced":{"grade":"C","score":72,"date":"2026-07-24"},"open_closure":null},"flags":["major","bc","major_2","lt90_2","handsink","temperature"],"band":"1","points":30}},{"type":"Feature","geometry":{"type":"Point","coordinates":[-117.103499,32.815028]},"properties":{"facility_id":"SAMPLE-FFPP-00009","name":"Sample Cantina 0009","address":"1201 Pretend Place, San Diego, CA 92124","facility_type":"restaurant","council_district":7,"last_visit":{"date":"2026-01-09","type":"routine"},"grade":{"grade":"A","score":100,"date":"2026-01-09","replaced":null,"open_closure":null},"flags":[],"points":0}},{"type":"Feature","geometry":{"type":"Point","coordinates":[-117.096223,32.911255]},"properties":{"facility_id":"SAMPLE-FFPP-00010","name":"Sample Noodle House 0010","address":"8331 Pretend Place, San Diego, CA 92131","facility_type":"restaurant","council_district":5,"last_visit":{"date":"2026-06-30","type":"routine"},"grade":{"grade":"A","score":98,"date":"2026-06-30","replaced":null,"open_closure":null},"flags":[],"points":2}},{"type":"Feature","geometry":{"type":"Point","coordinates":[-117.065035,32.776423]},"properties":{"facility_id":"SAMPLE-FFPP-00011","name":"Sample Pizzeria 0011","address":"8247 Mock Lane, San Diego, CA 92115","facility_type":"restaurant","council_district":9,"last_visit":{"date":"2026-04-08","type":"routine"},"grade":{"grade":"A","score":99,"date":"2026-04-08","replaced":null,"open_closure":null},"flags":[],"points":1}},{"type":"Feature","geometry":{"type":"Point","coordinates":[-117.152198,32.822014]},"properties":{"facility_id":"SAMPLE-FFPP-00012","name":"Sample Noodle House 0012","address":"5379 Example Avenue, San Diego, CA 92111","facility_type":"restaurant","council_district":6,"last_visit":{"date":"2026-07-08","type":"routine"},"grade":{"grade":"A","score":96,"date":"2026-07-08","replaced":null,"open_closure":null},"flags":["major","vermin"],"points":3}},{"type":"Feature","geometry":{"type":"Point","coordinates":[-117.12134,32.764931]},"properties":{"facility_id":"SAMPLE-FFPP-00013","name":"Sample Taqueria 0013","address":"4498 Pretend Place, San Diego, CA 92116","facility_type":"restaurant","council_district":9,"last_visit":{"date":"2026-06-10","type":"routine"},"grade":{"grade":"A","score":98,"date":"2026-06-10","replaced":null,"open_closure":null},"flags":[],"points":2}},{"type":"Feature","geometry":{"type":"Point","coordinates":[-117.279989,32.835392]},"properties":{"facility_id":"SAMPLE-FFPP-00014","name":"Sample Deli Market 0014","address":"7106 Example Avenue, San Diego, CA 92037","facility_type":"market","council_district":1,"last_visit":{"date":"2025-07-05","type":"routine"},"grade":{"grade":"A","score":97,"date":"2025-07-05","replaced":null,"open_closure":null},"flags":[]}},{"type":"Feature","geometry":{"type":"Point","coordinates":[-117.150803,32.694213]},"properties":{"facility_id":"SAMPLE-FFPP-00015","name":"Sample Diner 0015","address":"7789 Example Avenue, San Diego, CA 92113","facility_type":"restaurant","council_district":8,"last_visit":{"date":"2026-04-26","type":"routine"},"grade":{"grade":"A","score":96,"date":"2026-04-26","replaced":null,"open_closure":null},"flags":[],"band":"3","points":9}},{"type":"Feature","geometry":{"type":"Point","coordinates":[-117.158939,32.710669]},"properties":{"facility_id":"SAMPLE-FFPP-00016","name":"Sample Grill 0016","address":"3354 Placeholder Street, San Diego, CA 92101","facility_type":"restaurant","council_district":3,"last_visit":{"date":"2025-10-20","type":"routine"},"grade":{"grade":"A","score":98,"date":"2025-10-20","replaced":null,"open_closure":null},"flags":[],"points":2}},{"type":"Feature","geometry":{"type":"Point","coordinates":[-117.13929,32.830789]},"properties":{"facility_id":"SAMPLE-FFPP-00017","name":"Sample Coffee Bar 0017","address":"8671 Example Avenue, San Diego, CA 92123","facility_type":"limited","council_district":6,"last_visit":{"date":"2026-04-11","type":"routine"},"grade":{"grade":"A","score":98,"date":"2026-04-11","replaced":null,"open_closure":null},"flags":[]}},{"type":"Feature","geometry":{"type":"Point","coordinates":[-117.043462,32.546732]},"properties":{"facility_id":"SAMPLE-FFPP-00018","name":"Sample Diner 0018","address":"4692 Mock Lane, San Diego, CA 92173","facility_type":"restaurant","council_district":8,"last_visit":{"date":"2025-12-08","type":"routine"},"grade":{"grade":"A","score":98,"date":"2025-12-08","replaced":null,"open_closure":null},"flags":[],"points":4}},{"type":"Feature","geometry":{"type":"Point","coordinates":[-117.192495,32.82029]},"properties":{"facility_id":"SAMPLE-FFPP-00019","name":"Sample Taqueria 0019","address":"5049 Placeholder Street, San Diego, CA 92117","facility_type":"restaurant","council_district":2,"last_visit":{"date":"2025-09-13","type":"routine"},"grade":{"grade":"A","score":98,"date":"2025-09-13","replaced":null,"open_closure":null},"flags":[],"points":2}},{"type":"Feature","geometry":{"type":"Point","coordinates":[-117.157553,32.771514]},"properties":{"facility_id":"SAMPLE-FFPP-00020","name":"Sample Juice Bar 0020","address":"975 Specimen Way, San Diego, CA 92108","facility_type":"limited","council_district":7,"last_visit":{"date":"2026-03-13","type":"reinspection"},"grade":{"grade":"A","score":96,"date":"2026-03-13","replaced":null,"open_closure":null},"flags":["major","major_2","sanitizing"]}},{"type":"Feature","geometry":{"type":"Point","coordinates":[-117.147442,32.916236]},"properties":{"facility_id":"SAMPLE-FFPP-00021","name":"Sample Sushi Bar 0021","address":"4327 Mock Lane, San Diego, CA 92126","facility_type":"restaurant","council_district":6,"last_visit":{"date":"2025-07-30","type":"routine"},"grade":{"grade":"A","score":100,"date":"2025-07-30","replaced":null,"open_closure":null},"flags":[]}},{"type":"Feature","geometry":{"type":"Point","coordinates":[-117.12352,32.94845]},"properties":{"facility_id":"SAMPLE-FFPP-00022","name":"Sample Grill 0022","address":"1192 Pretend Place, San Diego, CA 92129","facility_type":"restaurant","council_district":5,"last_visit":{"date":"2026-06-02","type":"complaint"},"grade":{"grade":"A","score":100,"date":"2026-03-11","replaced":null,"open_closure":null},"flags":[],"points":0}},{"type":"Feature","geometry":{"type":"Point","coordinates":[-117.22257,32.938903]},"properties":{"facility_id":"SAMPLE-FFPP-00023","name":"Sample Grocery 0023","address":"516 Invented Road, San Diego, CA 92130","facility_type":"market","council_district":1,"last_visit":{"date":"2026-04-03","type":"routine"},"grade":{"grade":"A","score":97,"date":"2026-04-03","replaced":null,"open_closure":null},"flags":[]}},{"type":"Feature","geometry":{"type":"Point","coordinates":[-117.062373,32.776376]},"properties":{"facility_id":"SAMPLE-FFPP-00024","name":"Sample Cafe 0024","address":"4688 Example Avenue, San Diego, CA 92115","facility_type":"restaurant","council_district":9,"last_visit":{"date":"2026-04-19","type":"routine"},"grade":{"grade":"A","score":98,"date":"2026-04-19","replaced":null,"open_closure":null},"flags":[],"points":2}},{"type":"Feature","geometry":{"type":"Point","coordinates":[-117.032375,32.554683]},"properties":{"facility_id":"SAMPLE-FFPP-00025","name":"Sample Cafe 0025","address":"6850 Pretend Place, San Diego, CA 92173","facility_type":"restaurant","council_district":8,"last_visit":{"date":"2025-11-04","type":"routine"},"grade":{"grade":"A","score":98,"date":"2025-11-04","replaced":null,"open_closure":null},"flags":[],"points":2}},{"type":"Feature","geometry":{"type":"Point","coordinates":[-117.144483,32.916519]},"properties":{"facility_id":"SAMPLE-FFPP-00026","name":"Sample Diner 0026","address":"6972 Fictional Boulevard, San Diego, CA 92126","facility_type":"restaurant","council_district":6,"last_visit":{"date":"2025-10-26","type":"routine"},"grade":{"grade":"A","score":98,"date":"2025-10-26","replaced":null,"open_closure":null},"flags":[],"points":2}},{"type":"Feature","geometry":{"type":"Point","coordinates":[-117.258962,32.794635]},"properties":{"facility_id":"SAMPLE-FFPP-00027","name":"Sample Cafe 0027","address":"3920 Demo Court, San Diego, CA 92109","facility_type":"restaurant","council_district":2,"last_visit":{"date":"2025-12-12","type":"routine"},"grade":{"grade":"A","score":98,"date":"2025-12-12","replaced":null,"open_closure":null},"flags":[],"points":2}},{"type":"Feature","geometry":{"type":"Point","coordinates":[-117.130166,32.734154]},"properties":{"facility_id":"SAMPLE-FFPP-00028","name":"Sample Kitchen 0028","address":"3225 Invented Road, San Diego, CA 92104","facility_type":"restaurant","council_district":3,"last_visit":{"date":"2026-07-15","type":"routine"},"grade":{"grade":"A","score":97,"date":"2026-07-15","replaced":null,"open_closure":null},"flags":[],"points":3}},{"type":"Feature","geometry":{"type":"Point","coordinates":[-117.152957,32.817078]},"properties":{"facility_id":"SAMPLE-FFPP-00029","name":"Sample Grill 0029","address":"8108 Invented Road, San Diego, CA 92111","facility_type":"restaurant","council_district":6,"last_visit":{"date":"2026-06-07","type":"routine"},"grade":{"grade":"A","score":97,"date":"2026-06-07","replaced":null,"open_closure":null},"flags":[],"points":5}},{"type":"Feature","geometry":{"type":"Point","coordinates":[-117.170269,32.781503]},"properties":{"facility_id":"SAMPLE-FFPP-00030","name":"Sample Grill 0030","address":"7596 Placeholder Street, San Diego, CA 92108","facility_type":"restaurant","council_district":7,"last_visit":{"date":"2026-01-20","type":"reinspection"},"grade":{"grade":"A","score":94,"date":"2026-01-20","replaced":null,"open_closure":null},"flags":["major","vermin"],"points":6}},{"type":"Feature","geometry":{"type":"Point","coordinates":[-117.148278,32.698944]},"properties":{"facility_id":"SAMPLE-FFPP-00031","name":"Sample Diner 0031","address":"7570 Testing Terrace, San Diego, CA 92113","facility_type":"restaurant","council_district":8,"last_visit":{"date":"2026-03-24","type":"routine"},"grade":{"grade":"A","score":98,"date":"2026-03-24","replaced":null,"open_closure":null},"flags":[],"points":2}},{"type":"Feature","geometry":{"type":"Point","coordinates":[-117.276093,32.841867]},"properties":{"facility_id":"SAMPLE-FFPP-00032","name":"Sample Pho House 0032","address":"6088 Demo Court, San Diego, CA 92037","facility_type":"restaurant","council_district":1,"last_visit":{"date":"2025-11-28","type":"routine"},"grade":{"grade":"A","score":98,"date":"2025-11-28","replaced":null,"open_closure":null},"flags":[],"points":4}},{"type":"Feature","geometry":{"type":"Point","coordinates":[-117.159625,32.910586]},"properties":{"facility_id":"SAMPLE-FFPP-00033","name":"Sample Deli Market 0033","address":"8884 Demo Court, San Diego, CA 92126","facility_type":"market","council_district":6,"last_visit":{"date":"2026-01-16","type":"routine"},"grade":{"grade":"A","score":97,"date":"2026-01-16","replaced":null,"open_closure":null},"flags":[]}},{"type":"Feature","geometry":{"type":"Point","coordinates":[-117.153467,32.825527]},"properties":{"facility_id":"SAMPLE-FFPP-00034","name":"Sample Snack Bar 0034","address":"9366 Placeholder Street, San Diego, CA 92111","facility_type":"limited","council_district":6,"last_visit":{"date":"2026-06-23","type":"routine"},"grade":{"grade":"A","score":98,"date":"2026-06-23","replaced":null,"open_closure":null},"flags":[]}},{"type":"Feature","geometry":{"type":"Point","coordinates":[-117.225231,32.944436]},"properties":{"facility_id":"SAMPLE-FFPP-00035","name":"Sample Cantina 0035","address":"8282 Example Avenue, San Diego, CA 92130","facility_type":"restaurant","council_district":1,"last_visit":{"date":"2025-10-04","type":"routine"},"grade":{"grade":"A","score":98,"date":"2025-10-04","replaced":null,"open_closure":null},"flags":[],"points":2}},{"type":"Feature","geometry":{"type":"Point","coordinates":[-117.133686,32.744929]},"properties":{"facility_id":"SAMPLE-FFPP-00036","name":"Sample Juice Bar 0036","address":"9424 Pretend Place, San Diego, CA 92104","facility_type":"limited","council_district":3,"last_visit":{"date":"2026-03-24","type":"routine"},"grade":{"grade":"A","score":98,"date":"2026-03-24","replaced":null,"open_closure":null},"flags":[]}},{"type":"Feature","geometry":{"type":"Point","coordinates":[-117.11812,32.902264]},"properties":{"facility_id":"SAMPLE-FFPP-00037","name":"Sample Snack Bar 0037","address":"8527 Pretend Place, San Diego, CA 92131","facility_type":"limited","council_district":5,"last_visit":{"date":"2026-05-09","type":"routine"},"grade":{"grade":"A","score":96,"date":"2026-05-09","replaced":null,"open_closure":null},"flags":[]}},{"type":"Feature","geometry":{"type":"Point","coordinates":[-117.149599,32.833364]},"properties":{"facility_id":"SAMPLE-FFPP-00038","name":"Sample Pizzeria 0038","address":"6698 Invented Road, San Diego, CA 92111","facility_type":"restaurant","council_district":6,"last_visit":{"date":"2026-04-03","type":"routine"},"grade":{"grade":"A","score":99,"date":"2026-04-03","replaced":null,"open_closure":null},"flags":[],"points":1}},{"type":"Feature","geometry":{"type":"Point","coordinates":[-117.234149,32.879213]},"properties":{"facility_id":"SAMPLE-FFPP-00039","name":"Sample Sushi Bar 0039","address":"158 Example Avenue, San Diego, CA 92122","facility_type":"restaurant","council_district":1,"last_visit":{"date":"2025-07-08","type":"routine"},"grade":{"grade":"A","score":96,"date":"2025-07-08","replaced":null,"open_closure":null},"flags":[]}},{"type":"Feature","geometry":{"type":"Point","coordinates":[-117.142037,32.919315]},"properties":{"facility_id":"SAMPLE-FFPP-00040","name":"Sample Noodle House 0040","address":"9883 Specimen Way, San Diego, CA 92126","facility_type":"restaurant","council_district":6,"last_visit":{"date":"2026-02-24","type":"routine"},"grade":{"grade":"A","score":98,"date":"2026-02-24","replaced":null,"open_closure":null},"flags":[],"points":4}},{"type":"Feature","geometry":{"type":"Point","coordinates":[-117.18504,32.731569]},"properties":{"facility_id":"SAMPLE-FFPP-00041","name":"Sample Tea House 0041","address":"4586 Demo Court, San Diego, CA 92101","facility_type":"limited","council_district":3,"last_visit":{"date":"2026-06-04","type":"routine"},"grade":{"grade":"A","score":98,"date":"2026-06-04","replaced":null,"open_closure":null},"flags":[]}},{"type":"Feature","geometry":{"type":"Point","coordinates":[-117.124899,32.755742]},"properties":{"facility_id":"SAMPLE-FFPP-00042","name":"Sample Kitchen 0042","address":"5281 Specimen Way, San Diego, CA 92104","facility_type":"restaurant","council_district":3,"last_visit":{"date":"2025-12-24","type":"routine"},"grade":{"grade":"A","score":96,"date":"2025-12-24","replaced":null,"open_closure":null},"flags":[],"band":"3","points":8}},{"type":"Feature","geometry":{"type":"Point","coordinates":[-117.097915,32.755834]},"properties":{"facility_id":"SAMPLE-FFPP-00043","name":"Sample Kitchen 0043","address":"4496 Invented Road, San Diego, CA 92105","facility_type":"restaurant","council_district":9,"last_visit":{"date":"2026-07-24","type":"routine"},"grade":{"grade":"A","score":97,"date":"2026-07-24","replaced":null,"open_closure":null},"flags":[],"points":3}},{"type":"Feature","geometry":{"type":"Point","coordinates":[-117.160702,32.727829]},"properties":{"facility_id":"SAMPLE-FFPP-00044","name":"Sample Coffee Bar 0044","address":"9104 Pretend Place, San Diego, CA 92101","facility_type":"limited","council_district":3,"last_visit":{"date":"2025-11-28","type":"routine"},"grade":{"grade":"A","score":96,"date":"2025-11-28","replaced":null,"open_closure":null},"flags":[]}},{"type":"Feature","geometry":{"type":"Point","coordinates":[-117.059895,32.718465]},"properties":{"facility_id":"SAMPLE-FFPP-00045","name":"Sample Pho House 0045","address":"4040 Invented Road, San Diego, CA 92114","facility_type":"restaurant","council_district":4,"last_visit":{"date":"2026-08-05","type":"routine"},"grade":{"grade":"A","score":95,"date":"2026-08-05","replaced":null,"open_closure":null},"flags":[],"band":"3","points":9}},{"type":"Feature","geometry":{"type":"Point","coordinates":[-117.271872,32.846508]},"properties":{"facility_id":"SAMPLE-FFPP-00046","name":"Sample Market 0046","address":"2382 Testing Terrace, San Diego, CA 92037","facility_type":"market","council_district":1,"last_visit":{"date":"2026-08-05","type":"routine"},"grade":{"grade":"A","score":97,"date":"2026-08-05","replaced":null,"open_closure":null},"flags":[]}},{"type":"Feature","geometry":{"type":"Point","coordinates":[-117.250288,32.758872]},"properties":{"facility_id":"SAMPLE-FFPP-00047","name":"Sample Pizzeria 0047","address":"1791 Demo Court, San Diego, CA 92107","facility_type":"restaurant","council_district":2,"last_visit":{"date":"2026-07-17","type":"routine"},"grade":{"grade":"A","score":95,"date":"2026-07-17","replaced":null,"open_closure":null},"flags":[],"points":7}},{"type":"Feature","geometry":{"type":"Point","coordinates":[-117.139447,32.707069]},"properties":{"facility_id":"SAMPLE-FFPP-00048","name":"Sample Deli Market 0048","address":"3258 Example Avenue, San Diego, CA 92113","facility_type":"market","council_district":8,"last_visit":{"date":"2025-11-23","type":"routine"},"grade":{"grade":"A","score":99,"date":"2025-11-23","replaced":null,"open_closure":null},"flags":[]}},{"type":"Feature","geometry":{"type":"Point","coordinates":[-117.090727,32.747423]},"properties":{"facility_id":"SAMPLE-FFPP-00049","name":"Sample Cafe 0049","address":"7601 Placeholder Street, San Diego, CA 92105","facility_type":"restaurant","council_district":9,"last_visit":{"date":"2025-12-15","type":"routine"},"grade":{"grade":"A","score":96,"date":"2025-12-15","replaced":null,"open_closure":null},"flags":[],"points":4}},{"type":"Feature","geometry":{"type":"Point","coordinates":[-117.240838,32.745524]},"properties":{"facility_id":"SAMPLE-FFPP-00050","name":"Sample Sushi Bar 0050","address":"4257 Pretend Place, San Diego, CA 92107","facility_type":"restaurant","council_district":2,"last_visit":{"date":"2026-05-17","type":"routine"},"grade":{"grade":"A","score":98,"date":"2026-05-17","replaced":null,"open_closure":null},"flags":[],"points":2}},{"type":"Feature","geometry":{"type":"Point","coordinates":[-117.073648,32.707375]},"properties":{"facility_id":"SAMPLE-FFPP-00051","name":"Sample Carniceria 0051","address":"8077 Testing Terrace, San Diego, CA 92114","facility_type":"market","council_district":4,"last_visit":{"date":"2026-01-31","type":"routine"},"grade":{"grade":"A","score":98,"date":"2026-01-31","replaced":null,"open_closure":null},"flags":[]}},{"type":"Feature","geometry":{"type":"Point","coordinates":[-117.164408,32.828718]},"properties":{"facility_id":"SAMPLE-FFPP-00052","name":"Sample Carniceria 0052","address":"840 Mock Lane, San Diego, CA 92111","facility_type":"market","council_district":6,"last_visit":{"date":"2026-05-19","type":"routine"},"grade":{"grade":"A","score":98,"date":"2026-05-19","replaced":null,"open_closure":null},"flags":[]}},{"type":"Feature","geometry":{"type":"Point","coordinates":[-117.112282,32.903708]},"properties":{"facility_id":"SAMPLE-FFPP-00053","name":"Sample Cantina 0053","address":"6736 Invented Road, San Diego, CA 92131","facility_type":"restaurant","council_district":5,"last_visit":{"date":"2026-06-14","type":"routine"},"grade":{"grade":"A","score":98,"date":"2026-06-14","replaced":null,"open_closure":null},"flags":[],"points":2}},{"type":"Feature","geometry":{"type":"Point","coordinates":[-117.25686,32.74471]},"properties":{"facility_id":"SAMPLE-FFPP-00054","name":"Sample Market 0054","address":"2059 Pretend Place, San Diego, CA 92107","facility_type":"market","council_district":2,"last_visit":{"date":"2026-08-10","type":"routine"},"grade":{"grade":"A","score":99,"date":"2026-08-10","replaced":null,"open_closure":null},"flags":[]}},{"type":"Feature","geometry":{"type":"Point","coordinates":[-117.125584,32.742457]},"properties":{"facility_id":"SAMPLE-FFPP-00055","name":"Sample Grill 0055","address":"3227 Specimen Way, San Diego, CA 92104","facility_type":"restaurant","council_district":3,"last_visit":{"date":"2026-04-16","type":"reinspection"},"grade":{"grade":"A","score":94,"date":"2026-04-16","replaced":null,"open_closure":null},"flags":["major","major_2","vermin"],"points":6}},{"type":"Feature","geometry":{"type":"Point","coordinates":[-117.022614,32.693938]},"properties":{"facility_id":"SAMPLE-FFPP-00056","name":"Sample Grill 0056","address":"9000 Placeholder Street, San Diego, CA 92114","facility_type":"restaurant","council_district":4,"last_visit":{"date":"2025-10-29","type":"routine"},"grade":{"grade":"A","score":97,"date":"2025-10-29","replaced":null,"open_closure":null},"flags":[],"points":3}},{"type":"Feature","geometry":{"type":"Point","coordinates":[-117.212704,32.92991]},"properties":{"facility_id":"SAMPLE-FFPP-00057","name":"Sample Coffee Bar 0057","address":"3453 Specimen Way, San Diego, CA 92130","facility_type":"limited","council_district":1,"last_visit":{"date":"2026-06-23","type":"reinspection"},"grade":{"grade":"A","score":96,"date":"2026-06-19","replaced":null,"open_closure":null},"flags":["major","hands"]}},{"type":"Feature","geometry":{"type":"Point","coordinates":[-117.135976,32.837137]},"properties":{"facility_id":"SAMPLE-FFPP-00058","name":"Sample Taqueria 0058","address":"7021 Example Avenue, San Diego, CA 92123","facility_type":"restaurant","council_district":6,"last_visit":{"date":"2026-03-03","type":"routine"},"grade":{"grade":"A","score":99,"date":"2026-03-03","replaced":null,"open_closure":null},"flags":[],"points":1}},{"type":"Feature","geometry":{"type":"Point","coordinates":[-117.125275,32.842716]},"properties":{"facility_id":"SAMPLE-FFPP-00059","name":"Sample Carniceria 0059","address":"7275 Mock Lane, San Diego, CA 92123","facility_type":"market","council_district":6,"last_visit":{"date":"2026-05-12","type":"routine"},"grade":{"grade":"A","score":100,"date":"2026-05-12","replaced":null,"open_closure":null},"flags":[]}},{"type":"Feature","geometry":{"type":"Point","coordinates":[-117.277143,32.848004]},"properties":{"facility_id":"SAMPLE-FFPP-00060","name":"Sample Pizzeria 0060","address":"4122 Testing Terrace, San Diego, CA 92037","facility_type":"restaurant","council_district":1,"last_visit":{"date":"2026-07-17","type":"routine"},"grade":{"grade":"A","score":98,"date":"2026-07-17","replaced":null,"open_closure":null},"flags":[],"points":4}},{"type":"Feature","geometry":{"type":"Point","coordinates":[-117.154141,32.701754]},"properties":{"facility_id":"SAMPLE-FFPP-00061","name":"Sample Carniceria 0061","address":"4999 Invented Road, San Diego, CA 92101","facility_type":"market","council_district":3,"last_visit":{"date":"2026-04-07","type":"routine"},"grade":{"grade":"A","score":99,"date":"2026-04-07","replaced":null,"open_closure":null},"flags":[]}},{"type":"Feature","geometry":{"type":"Point","coordinates":[-117.039654,32.554741]},"properties":{"facility_id":"SAMPLE-FFPP-00062","name":"Sample Diner 0062","address":"9237 Specimen Way, San Diego, CA 92173","facility_type":"restaurant","council_district":8,"last_visit":{"date":"2026-08-24","type":"routine"},"grade":{"grade":"A","score":98,"date":"2026-08-24","replaced":null,"open_closure":null},"flags":[],"points":1}},{"type":"Feature","geometry":{"type":"Point","coordinates":[-117.208772,32.818959]},"properties":{"facility_id":"SAMPLE-FFPP-00063","name":"Sample Noodle House 0063","address":"2876 Fictional Boulevard, San Diego, CA 92117","facility_type":"restaurant","council_district":2,"last_visit":{"date":"2025-10-29","type":"routine"},"grade":{"grade":"A","score":98,"date":"2025-10-29","replaced":null,"open_closure":null},"flags":[],"points":2}},{"type":"Feature","geometry":{"type":"Point","coordinates":[-117.068161,32.711022]},"properties":{"facility_id":"SAMPLE-FFPP-00064","name":"Sample Cantina 0064","address":"6682 Example Avenue, San Diego, CA 92114","facility_type":"restaurant","council_district":4,"last_visit":{"date":"2025-12-03","type":"complaint"},"grade":{"grade":"A","score":98,"date":"2025-10-14","replaced":null,"open_closure":null},"flags":[],"points":2}},{"type":"Feature","geometry":{"type":"Point","coordinates":[-117.1555,32.707486]},"properties":{"facility_id":"SAMPLE-FFPP-00065","name":"Sample Cafe 0065","address":"1913 Placeholder Street, San Diego, CA 92101","facility_type":"restaurant","council_district":3,"last_visit":{"date":"2025-11-07","type":"routine"},"grade":{"grade":"A","score":98,"date":"2025-11-07","replaced":null,"open_closure":null},"flags":[],"points":2}},{"type":"Feature","geometry":{"type":"Point","coordinates":[-117.067319,32.719798]},"properties":{"facility_id":"SAMPLE-FFPP-00066","name":"Sample Pho House 0066","address":"1817 Specimen Way, San Diego, CA 92114","facility_type":"restaurant","council_district":4,"last_visit":{"date":"2026-08-20","type":"routine"},"grade":{"grade":"A","score":98,"date":"2026-08-20","replaced":null,"open_closure":null},"flags":[],"points":2}},{"type":"Feature","geometry":{"type":"Point","coordinates":[-117.150332,32.77631]},"properties":{"facility_id":"SAMPLE-FFPP-00067","name":"Sample Grocery 0067","address":"2383 Testing Terrace, San Diego, CA 92108","facility_type":"market","council_district":7,"last_visit":{"date":"2026-02-19","type":"routine"},"grade":{"grade":"A","score":98,"date":"2026-02-19","replaced":null,"open_closure":null},"flags":[]}},{"type":"Feature","geometry":{"type":"Point","coordinates":[-117.154564,32.831777]},"properties":{"facility_id":"SAMPLE-FFPP-00068","name":"Sample Deli Market 0068","address":"9027 Testing Terrace, San Diego, CA 92111","facility_type":"market","council_district":6,"last_visit":{"date":"2025-08-15","type":"routine"},"grade":{"grade":"A","score":94,"date":"2025-08-15","replaced":null,"open_closure":null},"flags":["major_2"]}},{"type":"Feature","geometry":{"type":"Point","coordinates":[-117.183813,32.788327]},"properties":{"facility_id":"SAMPLE-FFPP-00069","name":"Sample Snack Bar 0069","address":"3810 Sample Row, San Diego, CA 92111","facility_type":"limited","council_district":7,"last_visit":{"date":"2025-11-04","type":"routine"},"grade":{"grade":"A","score":98,"date":"2025-11-04","replaced":null,"open_closure":null},"flags":[]}},{"type":"Feature","geometry":{"type":"Point","coordinates":[-117.137428,32.832842]},"properties":{"facility_id":"SAMPLE-FFPP-00070","name":"Sample Taqueria 0070","address":"1967 Demo Court, San Diego, CA 92123","facility_type":"restaurant","council_district":6,"last_visit":{"date":"2026-04-24","type":"routine"},"grade":{"grade":"A","score":98,"date":"2026-04-24","replaced":null,"open_closure":null},"flags":[],"points":2}},{"type":"Feature","geometry":{"type":"Point","coordinates":[-117.135422,32.919826]},"properties":{"facility_id":"SAMPLE-FFPP-00071","name":"Sample Kitchen 0071","address":"8184 Example Avenue, San Diego, CA 92126","facility_type":"restaurant","council_district":6,"last_visit":{"date":"2025-11-03","type":"routine"},"grade":{"grade":"A","score":99,"date":"2025-11-03","replaced":null,"open_closure":null},"flags":[],"points":1}},{"type":"Feature","geometry":{"type":"Point","coordinates":[-117.159533,32.713249]},"properties":{"facility_id":"SAMPLE-FFPP-00072","name":"Sample Taqueria 0072","address":"8212 Pretend Place, San Diego, CA 92101","facility_type":"restaurant","council_district":3,"last_visit":{"date":"2026-07-11","type":"reinspection"},"grade":{"grade":"A","score":96,"date":"2026-06-30","replaced":null,"open_closure":null},"flags":["major","condition"],"points":3}},{"type":"Feature","geometry":{"type":"Point","coordinates":[-117.15454,32.821472]},"properties":{"facility_id":"SAMPLE-FFPP-00073","name":"Sample Tea House 0073","address":"6314 Specimen Way, San Diego, CA 92111","facility_type":"limited","council_district":6,"last_visit":{"date":"2025-10-14","type":"routine"},"grade":{"grade":"A","score":94,"date":"2025-10-14","replaced":null,"open_closure":null},"flags":["major","supplier"]}},{"type":"Feature","geometry":{"type":"Point","coordinates":[-117.162872,32.713076]},"properties":{"facility_id":"SAMPLE-FFPP-00074","name":"Sample Tea House 0074","address":"2172 Sample Row, San Diego, CA 92101","facility_type":"limited","council_district":3,"last_visit":{"date":"2025-08-13","type":"routine"},"grade":{"grade":"A","score":98,"date":"2025-08-13","replaced":null,"open_closure":null},"flags":[]}},{"type":"Feature","geometry":{"type":"Point","coordinates":[-117.072326,32.781473]},"properties":{"facility_id":"SAMPLE-FFPP-00075","name":"Sample Diner 0075","address":"7399 Fictional Boulevard, San Diego, CA 92115","facility_type":"restaurant","council_district":9,"last_visit":{"date":"2026-01-14","type":"followup"},"grade":{"grade":"A","score":90,"date":"2025-03-10","replaced":null,"open_closure":{"date":"2026-01-11","reason":"health","later_ungraded":["2026-01-11","2026-01-14"],"status":"Ordered Closed"}},"flags":["major","closed","major_2","temperature"],"band":"1","points":36}},{"type":"Feature","geometry":{"type":"Point","coordinates":[-117.028284,32.558564]},"properties":{"facility_id":"SAMPLE-FFPP-00076","name":"Sample Grill 0076","address":"1651 Specimen Way, San Diego, CA 92173","facility_type":"restaurant","council_district":8,"last_visit":{"date":"2026-04-05","type":"routine"},"grade":{"grade":"A","score":95,"date":"2026-04-05","replaced":null,"open_closure":null},"flags":[],"points":5}},{"type":"Feature","geometry":{"type":"Point","coordinates":[-117.046946,32.694005]},"properties":{"facility_id":"SAMPLE-FFPP-00077","name":"Sample Noodle House 0077","address":"6271 Testing Terrace, San Diego, CA 92114","facility_type":"restaurant","council_district":4,"last_visit":{"date":"2026-06-20","type":"complaint"},"grade":{"grade":"A","score":94,"date":"2026-02-08","replaced":null,"open_closure":null},"flags":["major","sanitizing","advisory"],"band":"3","points":8}},{"type":"Feature","geometry":{"type":"Point","coordinates":[-117.154282,32.816629]},"properties":{"facility_id":"SAMPLE-FFPP-00078","name":"Sample Carniceria 0078","address":"9620 Pretend Place, San Diego, CA 92111","facility_type":"market","council_district":6,"last_visit":{"date":"2026-06-09","type":"routine"},"grade":{"grade":"A","score":98,"date":"2026-06-09","replaced":null,"open_closure":null},"flags":[]}},{"type":"Feature","geometry":{"type":"Point","coordinates":[-117.137128,32.830381]},"properties":{"facility_id":"SAMPLE-FFPP-00079","name":"Sample Taqueria 0079","address":"5372 Sample Row, San Diego, CA 92123","facility_type":"restaurant","council_district":6,"last_visit":{"date":"2025-10-23","type":"reinspection"},"grade":{"grade":"A","score":96,"date":"2025-10-23","replaced":null,"open_closure":null},"flags":["major","sanitizing"],"points":4}},{"type":"Feature","geometry":{"type":"Point","coordinates":[-117.15734,32.771882]},"properties":{"facility_id":"SAMPLE-FFPP-00080","name":"Sample Cafe 0080","address":"3188 Demo Court, San Diego, CA 92108","facility_type":"restaurant","council_district":7,"last_visit":{"date":"2026-08-03","type":"routine"},"grade":{"grade":"A","score":94,"date":"2026-08-03","replaced":null,"open_closure":null},"flags":["major","major_2","sanitizing","vermin"],"band":"3","points":10}},{"type":"Feature","geometry":{"type":"Point","coordinates":[-117.174332,32.725978]},"properties":{"facility_id":"SAMPLE-FFPP-00081","name":"Sample Grocery 0081","address":"5477 Placeholder Street, San Diego, CA 92101","facility_type":"market","council_district":3,"last_visit":{"date":"2025-12-13","type":"routine"},"grade":{"grade":"A","score":98,"date":"2025-12-13","replaced":null,"open_closure":null},"flags":[]}},{"type":"Feature","geometry":{"type":"Point","coordinates":[-117.172767,32.823941]},"properties":{"facility_id":"SAMPLE-FFPP-00082","name":"Sample Tea House 0082","address":"6130 Specimen Way, San Diego, CA 92111","facility_type":"limited","council_district":6,"last_visit":{"date":"2026-06-29","type":"routine"},"grade":{"grade":"A","score":96,"date":"2026-06-29","replaced":null,"open_closure":null},"flags":[]}},{"type":"Feature","geometry":{"type":"Point","coordinates":[-117.127797,32.75548]},"properties":{"facility_id":"SAMPLE-FFPP-00083","name":"Sample Sushi Bar 0083","address":"654 Testing Terrace, San Diego, CA 92104","facility_type":"restaurant","council_district":3,"last_visit":{"date":"2026-06-06","type":"routine"},"grade":{"grade":"A","score":97,"date":"2026-06-06","replaced":null,"open_closure":null},"flags":[],"points":3}},{"type":"Feature","geometry":{"type":"Point","coordinates":[-117.227895,32.731159]},"properties":{"facility_id":"SAMPLE-FFPP-00084","name":"Sample Sushi Bar 0084","address":"7190 Example Avenue, San Diego, CA 92106","facility_type":"restaurant","council_district":2,"last_visit":{"date":"2025-10-14","type":"routine"},"grade":{"grade":"A","score":99,"date":"2025-10-14","replaced":null,"open_closure":null},"flags":[],"points":1}},{"type":"Feature","geometry":{"type":"Point","coordinates":[-117.034221,32.558883]},"properties":{"facility_id":"SAMPLE-FFPP-00085","name":"Sample Tea House 0085","address":"6927 Mock Lane, San Diego, CA 92173","facility_type":"limited","council_district":8,"last_visit":{"date":"2026-07-08","type":"routine"},"grade":{"grade":"A","score":98,"date":"2026-07-08","replaced":null,"open_closure":null},"flags":[]}},{"type":"Feature","geometry":{"type":"Point","coordinates":[-117.137579,32.906142]},"properties":{"facility_id":"SAMPLE-FFPP-00086","name":"Sample Taqueria 0086","address":"1801 Pretend Place, San Diego, CA 92126","facility_type":"restaurant","council_district":6,"last_visit":{"date":"2025-07-15","type":"routine"},"grade":{"grade":"A","score":98,"date":"2025-07-15","replaced":null,"open_closure":null},"flags":[]}},{"type":"Feature","geometry":{"type":"Point","coordinates":[-117.151229,32.829217]},"properties":{"facility_id":"SAMPLE-FFPP-00087","name":"Sample Cafe 0087","address":"6118 Demo Court, San Diego, CA 92111","facility_type":"restaurant","council_district":6,"last_visit":{"date":"2026-04-20","type":"routine"},"grade":{"grade":"A","score":96,"date":"2026-04-20","replaced":null,"open_closure":null},"flags":[],"points":4}},{"type":"Feature","geometry":{"type":"Point","coordinates":[-117.143871,32.842359]},"properties":{"facility_id":"SAMPLE-FFPP-00088","name":"Sample Pizzeria 0088","address":"2184 Placeholder Street, San Diego, CA 92123","facility_type":"restaurant","council_district":6,"last_visit":{"date":"2025-12-02","type":"routine"},"grade":{"grade":"A","score":98,"date":"2025-12-02","replaced":null,"open_closure":null},"flags":[],"points":2}},{"type":"Feature","geometry":{"type":"Point","coordinates":[-117.25374,32.789894]},"properties":{"facility_id":"SAMPLE-FFPP-00089","name":"Sample Sushi Bar 0089","address":"8277 Invented Road, San Diego, CA 92109","facility_type":"restaurant","council_district":2,"last_visit":{"date":"2026-06-02","type":"complaint"},"grade":{"grade":"A","score":100,"date":"2025-12-26","replaced":null,"open_closure":null},"flags":[],"points":2}},{"type":"Feature","geometry":{"type":"Point","coordinates":[-117.165886,32.770362]},"properties":{"facility_id":"SAMPLE-FFPP-00090","name":"Sample Noodle House 0090","address":"3345 Fictional Boulevard, San Diego, CA 92108","facility_type":"restaurant","council_district":7,"last_visit":{"date":"2026-04-22","type":"complaint"},"grade":{"grade":"A","score":98,"date":"2026-01-07","replaced":null,"open_closure":null},"flags":[],"points":4}},{"type":"Feature","geometry":{"type":"Point","coordinates":[-117.122236,32.956027]},"properties":{"facility_id":"SAMPLE-FFPP-00091","name":"Sample Taqueria 0091","address":"343 Sample Row, San Diego, CA 92129","facility_type":"restaurant","council_district":5,"last_visit":{"date":"2026-07-20","type":"routine"},"grade":{"grade":"A","score":96,"date":"2026-07-20","replaced":null,"open_closure":null},"flags":["major","closed","vermin"],"band":"2","points":23}},{"type":"Feature","geometry":{"type":"Point","coordinates":[-117.241328,32.746721]},"properties":{"facility_id":"SAMPLE-FFPP-00092","name":"Sample Pho House 0092","address":"3561 Demo Court, San Diego, CA 92107","facility_type":"restaurant","council_district":2,"last_visit":{"date":"2026-07-23","type":"routine"},"grade":{"grade":"A","score":96,"date":"2026-07-23","replaced":null,"open_closure":null},"flags":[],"points":6}},{"type":"Feature","geometry":{"type":"Point","coordinates":[-117.105472,32.742234]},"properties":{"facility_id":"SAMPLE-FFPP-00093","name":"Sample Diner 0093","address":"6136 Mock Lane, San Diego, CA 92105","facility_type":"restaurant","council_district":9,"last_visit":{"date":"2025-09-24","type":"routine"},"grade":{"grade":"A","score":98,"date":"2025-09-24","replaced":null,"open_closure":null},"flags":[],"points":2}},{"type":"Feature","geometry":{"type":"Point","coordinates":[-117.172343,32.72494]},"properties":{"facility_id":"SAMPLE-FFPP-00094","name":"Sample Pho House 0094","address":"4934 Invented Road, San Diego, CA 92101","facility_type":"restaurant","council_district":3,"last_visit":{"date":"2025-11-17","type":"reinspection"},"grade":{"grade":"A","score":95,"date":"2025-11-14","replaced":{"grade":"C","score":72,"date":"2024-08-18"},"open_closure":null},"flags":["major","closed","vermin"],"band":"1","points":30}},{"type":"Feature","geometry":{"type":"Point","coordinates":[-117.141612,32.69229]},"properties":{"facility_id":"SAMPLE-FFPP-00095","name":"Sample Diner 0095","address":"3325 Mock Lane, San Diego, CA 92113","facility_type":"restaurant","council_district":8,"last_visit":{"date":"2025-09-18","type":"routine"},"grade":{"grade":"A","score":94,"date":"2025-09-18","replaced":null,"open_closure":null},"flags":["major","temperature"],"band":"3","points":8}},{"type":"Feature","geometry":{"type":"Point","coordinates":[-117.130795,32.696726]},"properties":{"facility_id":"SAMPLE-FFPP-00096","name":"Sample Grill 0096","address":"6720 Pretend Place, San Diego, CA 92113","facility_type":"restaurant","council_district":8,"last_visit":{"date":"2025-09-18","type":"routine"},"grade":{"grade":"A","score":99,"date":"2025-09-18","replaced":null,"open_closure":null},"flags":[],"points":1}},{"type":"Feature","geometry":{"type":"Point","coordinates":[-117.254865,32.787283]},"properties":{"facility_id":"SAMPLE-FFPP-00097","name":"Sample Sushi Bar 0097","address":"1462 Fictional Boulevard, San Diego, CA 92109","facility_type":"restaurant","council_district":2,"last_visit":{"date":"2026-04-24","type":"routine"},"grade":{"grade":"A","score":98,"date":"2026-04-24","replaced":null,"open_closure":null},"flags":[],"points":2}},{"type":"Feature","geometry":{"type":"Point","coordinates":[-117.110275,32.74886]},"properties":{"facility_id":"SAMPLE-FFPP-00098","name":"Sample Carniceria 0098","address":"9019 Specimen Way, San Diego, CA 92105","facility_type":"market","council_district":9,"last_visit":{"date":"2026-01-18","type":"routine"},"grade":{"grade":"A","score":100,"date":"2026-01-18","replaced":null,"open_closure":null},"flags":[]}},{"type":"Feature","geometry":{"type":"Point","coordinates":[-117.20301,32.812799]},"properties":{"facility_id":"SAMPLE-FFPP-00099","name":"Sample Pho House 0099","address":"8388 Specimen Way, San Diego, CA 92117","facility_type":"restaurant","council_district":2,"last_visit":{"date":"2026-01-30","type":"complaint"},"grade":{"grade":"A","score":100,"date":"2025-09-13","replaced":null,"open_closure":null},"flags":[],"points":0}},{"type":"Feature","geometry":{"type":"Point","coordinates":[-117.12903,32.747352]},"properties":{"facility_id":"SAMPLE-FFPP-00100","name":"Sample Grill 0100","address":"9523 Mock Lane, San Diego, CA 92104","facility_type":"restaurant","council_district":3,"last_visit":{"date":"2026-04-07","type":"complaint"},"grade":{"grade":"A","score":98,"date":"2025-12-09","replaced":null,"open_closure":null},"flags":[],"points":2}},{"type":"Feature","geometry":{"type":"Point","coordinates":[-117.283736,32.845316]},"properties":{"facility_id":"SAMPLE-FFPP-00101","name":"Sample Pho House 0101","address":"5706 Example Avenue, San Diego, CA 92037","facility_type":"restaurant","council_district":1,"last_visit":{"date":"2025-09-04","type":"routine"},"grade":{"grade":"A","score":98,"date":"2025-09-04","replaced":null,"open_closure":null},"flags":[],"points":2}},{"type":"Feature","geometry":{"type":"Point","coordinates":[-117.131331,32.753373]},"properties":{"facility_id":"SAMPLE-FFPP-00102","name":"Sample Taqueria 0102","address":"2059 Mock Lane, San Diego, CA 92104","facility_type":"restaurant","council_district":3,"last_visit":{"date":"2026-06-18","type":"routine"},"grade":{"grade":"A","score":98,"date":"2026-06-18","replaced":null,"open_closure":null},"flags":[],"points":2}},{"type":"Feature","geometry":{"type":"Point","coordinates":[-117.121945,32.750427]},"properties":{"facility_id":"SAMPLE-FFPP-00103","name":"Sample Cafe 0103","address":"4397 Specimen Way, San Diego, CA 92104","facility_type":"restaurant","council_district":3,"last_visit":{"date":"2025-09-22","type":"routine"},"grade":{"grade":"A","score":94,"date":"2025-09-22","replaced":null,"open_closure":null},"flags":["major","supplier"],"points":6}},{"type":"Feature","geometry":{"type":"Point","coordinates":[-117.022763,32.581163]},"properties":{"facility_id":"SAMPLE-FFPP-00104","name":"Sample Noodle House 0104","address":"2677 Fictional Boulevard, San Diego, CA 92154","facility_type":"restaurant","council_district":8,"last_visit":{"date":"2026-04-09","type":"routine"},"grade":{"grade":"A","score":96,"date":"2026-04-09","replaced":null,"open_closure":null},"flags":[],"points":6}},{"type":"Feature","geometry":{"type":"Point","coordinates":[-117.156178,32.831207]},"properties":{"facility_id":"SAMPLE-FFPP-00105","name":"Sample Noodle House 0105","address":"7620 Invented Road, San Diego, CA 92111","facility_type":"restaurant","council_district":6,"last_visit":{"date":"2025-12-05","type":"routine"},"grade":{"grade":"A","score":98,"date":"2025-12-05","replaced":null,"open_closure":null},"flags":[],"points":2}},{"type":"Feature","geometry":{"type":"Point","coordinates":[-117.159273,32.823335]},"properties":{"facility_id":"SAMPLE-FFPP-00106","name":"Sample Cafe 0106","address":"3827 Mock Lane, San Diego, CA 92111","facility_type":"restaurant","council_district":6,"last_visit":{"date":"2025-10-26","type":"routine"},"grade":{"grade":"A","score":99,"date":"2025-10-26","replaced":null,"open_closure":null},"flags":[],"points":1}},{"type":"Feature","geometry":{"type":"Point","coordinates":[-117.102306,32.756318]},"properties":{"facility_id":"SAMPLE-FFPP-00107","name":"Sample Grocery 0107","address":"1668 Placeholder Street, San Diego, CA 92105","facility_type":"market","council_district":9,"last_visit":{"date":"2026-07-23","type":"routine"},"grade":{"grade":"A","score":99,"date":"2026-07-23","replaced":null,"open_closure":null},"flags":[]}},{"type":"Feature","geometry":{"type":"Point","coordinates":[-117.070214,33.016496]},"properties":{"facility_id":"SAMPLE-FFPP-00108","name":"Sample Carniceria 0108","address":"4611 Mock Lane, San Diego, CA 92128","facility_type":"market","council_district":5,"last_visit":{"date":"2026-05-17","type":"complaint"},"grade":{"grade":"A","score":98,"date":"2025-12-02","replaced":null,"open_closure":null},"flags":[]}},{"type":"Feature","geometry":{"type":"Point","coordinates":[-117.124684,32.959893]},"properties":{"facility_id":"SAMPLE-FFPP-00109","name":"Sample Snack Bar 0109","address":"9846 Testing Terrace, San Diego, CA 92129","facility_type":"limited","council_district":5,"last_visit":{"date":"2026-08-29","type":"routine"},"grade":{"grade":"A","score":98,"date":"2026-08-29","replaced":null,"open_closure":null},"flags":[]}},{"type":"Feature","geometry":{"type":"Point","coordinates":[-117.264847,32.800969]},"properties":{"facility_id":"SAMPLE-FFPP-00110","name":"Sample Juice Bar 0110","address":"4342 Fictional Boulevard, San Diego, CA 92109","facility_type":"limited","council_district":2,"last_visit":{"date":"2026-05-27","type":"routine"},"grade":{"grade":"A","score":100,"date":"2026-05-27","replaced":null,"open_closure":null},"flags":[]}},{"type":"Feature","geometry":{"type":"Point","coordinates":[-117.159112,32.717088]},"properties":{"facility_id":"SAMPLE-FFPP-00111","name":"Sample Pho House 0111","address":"5503 Sample Row, San Diego, CA 92101","facility_type":"restaurant","council_district":3,"last_visit":{"date":"2026-02-24","type":"routine"},"grade":{"grade":"A","score":98,"date":"2026-02-24","replaced":null,"open_closure":null},"flags":[],"points":2}},{"type":"Feature","geometry":{"type":"Point","coordinates":[-117.031026,32.544019]},"properties":{"facility_id":"SAMPLE-FFPP-00112","name":"Sample Cafe 0112","address":"2833 Testing Terrace, San Diego, CA 92173","facility_type":"restaurant","council_district":8,"last_visit":{"date":"2026-08-06","type":"routine"},"grade":{"grade":"A","score":98,"date":"2026-08-06","replaced":null,"open_closure":null},"flags":[],"points":4}},{"type":"Feature","geometry":{"type":"Point","coordinates":[-117.267991,32.841385]},"properties":{"facility_id":"SAMPLE-FFPP-00113","name":"Sample Cantina 0113","address":"1071 Placeholder Street, San Diego, CA 92037","facility_type":"restaurant","council_district":1,"last_visit":{"date":"2026-07-22","type":"reinspection"},"grade":{"grade":"A","score":95,"date":"2026-07-22","replaced":null,"open_closure":null},"flags":["major","temperature","vermin"],"band":"3","points":9}},{"type":"Feature","geometry":{"type":"Point","coordinates":[-117.074038,33.021363]},"properties":{"facility_id":"SAMPLE-FFPP-00114","name":"Sample Diner 0114","address":"1482 Mock Lane, San Diego, CA 92128","facility_type":"restaurant","council_district":5,"last_visit":{"date":"2025-10-12","type":"routine"},"grade":{"grade":"A","score":98,"date":"2025-10-12","replaced":null,"open_closure":null},"flags":[],"points":2}},{"type":"Feature","geometry":{"type":"Point","coordinates":[-117.168286,32.719338]},"properties":{"facility_id":"SAMPLE-FFPP-00115","name":"Sample Pho House 0115","address":"5858 Invented Road, San Diego, CA 92101","facility_type":"restaurant","council_district":3,"last_visit":{"date":"2025-11-12","type":"routine"},"grade":{"grade":"A","score":98,"date":"2025-11-12","replaced":null,"open_closure":null},"flags":[],"points":2}},{"type":"Feature","geometry":{"type":"Point","coordinates":[-117.19764,32.792842]},"properties":{"facility_id":"SAMPLE-FFPP-00116","name":"Sample Deli Market 0116","address":"1912 Specimen Way, San Diego, CA 92110","facility_type":"market","council_district":2,"last_visit":{"date":"2026-05-23","type":"routine"},"grade":{"grade":"A","score":97,"date":"2026-05-23","replaced":null,"open_closure":null},"flags":[]}},{"type":"Feature","geometry":{"type":"Point","coordinates":[-117.228187,32.73455]},"properties":{"facility_id":"SAMPLE-FFPP-00117","name":"Sample Cafe 0117","address":"8302 Fictional Boulevard, San Diego, CA 92106","facility_type":"restaurant","council_district":2,"last_visit":{"date":"2026-07-15","type":"routine"},"grade":{"grade":"A","score":100,"date":"2026-07-15","replaced":null,"open_closure":null},"flags":[],"points":1}},{"type":"Feature","geometry":{"type":"Point","coordinates":[-117.163034,32.712476]},"properties":{"facility_id":"SAMPLE-FFPP-00118","name":"Sample Grill 0118","address":"3626 Invented Road, San Diego, CA 92101","facility_type":"restaurant","council_district":3,"last_visit":{"date":"2025-10-12","type":"routine"},"grade":{"grade":"A","score":100,"date":"2025-10-12","replaced":null,"open_closure":null},"flags":[],"points":0}},{"type":"Feature","geometry":{"type":"Point","coordinates":[-117.078041,33.017591]},"properties":{"facility_id":"SAMPLE-FFPP-00119","name":"Sample Taqueria 0119","address":"3457 Invented Road, San Diego, CA 92128","facility_type":"restaurant","council_district":5,"last_visit":{"date":"2026-07-30","type":"routine"},"grade":{"grade":"A","score":97,"date":"2026-07-30","replaced":null,"open_closure":null},"flags":[],"points":4}},{"type":"Feature","geometry":{"type":"Point","coordinates":[-117.157197,32.706045]},"properties":{"facility_id":"SAMPLE-FFPP-00120","name":"Sample Coffee Bar 0120","address":"8761 Mock Lane, San Diego, CA 92101","facility_type":"limited","council_district":3,"last_visit":{"date":"2026-07-25","type":"routine"},"grade":{"grade":"A","score":99,"date":"2026-07-25","replaced":null,"open_closure":null},"flags":[]}},{"type":"Feature","geometry":{"type":"Point","coordinates":[-117.239623,32.752237]},"properties":{"facility_id":"SAMPLE-FFPP-00121","name":"Sample Kitchen 0121","address":"1857 Demo Court, San Diego, CA 92107","facility_type":"restaurant","council_district":2,"last_visit":{"date":"2025-09-19","type":"complaint"},"grade":{"grade":"A","score":94,"date":"2024-07-10","replaced":null,"open_closure":{"date":"2025-07-30","reason":"health","later_ungraded":["2025-08-01","2025-08-03","2025-09-19"],"status":"Ordered Closed"}},"flags":[]}},{"type":"Feature","geometry":{"type":"Point","coordinates":[-117.117128,32.746176]},"properties":{"facility_id":"SAMPLE-FFPP-00122","name":"Sample Grill 0122","address":"6171 Placeholder Street, San Diego, CA 92104","facility_type":"restaurant","council_district":3,"last_visit":{"date":"2026-03-23","type":"routine"},"grade":{"grade":"A","score":96,"date":"2026-03-23","replaced":null,"open_closure":null},"flags":[],"points":6}},{"type":"Feature","geometry":{"type":"Point","coordinates":[-117.09864,32.748043]},"properties":{"facility_id":"SAMPLE-FFPP-00123","name":"Sample Taqueria 0123","address":"8658 Example Avenue, San Diego, CA 92105","facility_type":"restaurant","council_district":9,"last_visit":{"date":"2026-08-25","type":"complaint"},"grade":{"grade":"A","score":98,"date":"2026-04-09","replaced":null,"open_closure":null},"flags":[],"points":2}},{"type":"Feature","geometry":{"type":"Point","coordinates":[-117.094844,32.906015]},"properties":{"facility_id":"SAMPLE-FFPP-00124","name":"Sample Kitchen 0124","address":"4899 Fictional Boulevard, San Diego, CA 92131","facility_type":"restaurant","council_district":5,"last_visit":{"date":"2025-12-20","type":"routine"},"grade":{"grade":"A","score":94,"date":"2025-12-20","replaced":null,"open_closure":null},"flags":["major","temperature"],"band":"3","points":8}},{"type":"Feature","geometry":{"type":"Point","coordinates":[-117.131134,32.75344]},"properties":{"facility_id":"SAMPLE-FFPP-00125","name":"Sample Pho House 0125","address":"2006 Invented Road, San Diego, CA 92104","facility_type":"restaurant","council_district":3,"last_visit":{"date":"2026-07-12","type":"routine"},"grade":{"grade":"A","score":99,"date":"2026-07-12","replaced":null,"open_closure":null},"flags":[],"points":1}},{"type":"Feature","geometry":{"type":"Point","coordinates":[-117.240903,32.941452]},"properties":{"facility_id":"SAMPLE-FFPP-00126","name":"Sample Pizzeria 0126","address":"936 Example Avenue, San Diego, CA 92130","facility_type":"restaurant","council_district":1,"last_visit":{"date":"2026-05-16","type":"routine"},"grade":{"grade":"A","score":98,"date":"2026-05-16","replaced":null,"open_closure":null},"flags":[],"points":4}},{"type":"Feature","geometry":{"type":"Point","coordinates":[-117.098638,32.822047]},"properties":{"facility_id":"SAMPLE-FFPP-00127","name":"Sample Juice Bar 0127","address":"1739 Testing Terrace, San Diego, CA 92124","facility_type":"limited","council_district":7,"last_visit":{"date":"2026-06-22","type":"routine"},"grade":{"grade":"A","score":98,"date":"2026-06-22","replaced":null,"open_closure":null},"flags":[]}},{"type":"Feature","geometry":{"type":"Point","coordinates":[-117.191465,32.830065]},"properties":{"facility_id":"SAMPLE-FFPP-00128","name":"Sample Diner 0128","address":"7928 Invented Road, San Diego, CA 92117","facility_type":"restaurant","council_district":2,"last_visit":{"date":"2025-10-28","type":"reinspection"},"grade":{"grade":"A","score":92,"date":"2025-10-17","replaced":null,"open_closure":null},"flags":["major","temperature"],"band":"2","points":14}},{"type":"Feature","geometry":{"type":"Point","coordinates":[-117.286854,32.841419]},"properties":{"facility_id":"SAMPLE-FFPP-00129","name":"Sample Noodle House 0129","address":"2186 Sample Row, San Diego, CA 92037","facility_type":"restaurant","council_district":1,"last_visit":{"date":"2026-04-27","type":"routine"},"grade":{"grade":"A","score":96,"date":"2026-04-27","replaced":null,"open_closure":null},"flags":[],"points":6}},{"type":"Feature","geometry":{"type":"Point","coordinates":[-117.082094,32.777424]},"properties":{"facility_id":"SAMPLE-FFPP-00130","name":"Sample Cantina 0130","address":"2736 Testing Terrace, San Diego, CA 92115","facility_type":"restaurant","council_district":9,"last_visit":{"date":"2026-02-11","type":"routine"},"grade":{"grade":"A","score":96,"date":"2026-02-11","replaced":null,"open_closure":null},"flags":[],"points":6}},{"type":"Feature","geometry":{"type":"Point","coordinates":[-117.065191,32.769058]},"properties":{"facility_id":"SAMPLE-FFPP-00131","name":"Sample Cafe 0131","address":"2181 Testing Terrace, San Diego, CA 92115","facility_type":"restaurant","council_district":9,"last_visit":{"date":"2026-08-28","type":"routine"},"grade":{"grade":"A","score":98,"date":"2026-08-28","replaced":null,"open_closure":null},"flags":["major","major_2","temperature"],"points":7}},{"type":"Feature","geometry":{"type":"Point","coordinates":[-117.242547,32.794784]},"properties":{"facility_id":"SAMPLE-FFPP-00132","name":"Sample Noodle House 0132","address":"2896 Example Avenue, San Diego, CA 92109","facility_type":"restaurant","council_district":2,"last_visit":{"date":"2025-11-24","type":"routine"},"grade":{"grade":"A","score":94,"date":"2025-11-24","replaced":null,"open_closure":null},"flags":["major","vermin"],"points":6}},{"type":"Feature","geometry":{"type":"Point","coordinates":[-117.039727,32.544594]},"properties":{"facility_id":"SAMPLE-FFPP-00133","name":"Sample Noodle House 0133","address":"4702 Fictional Boulevard, San Diego, CA 92173","facility_type":"restaurant","council_district":8,"last_visit":{"date":"2025-10-26","type":"reinspection"},"grade":{"grade":"A","score":94,"date":"2025-10-22","replaced":null,"open_closure":null},"flags":["major","supplier"],"points":6}},{"type":"Feature","geometry":{"type":"Point","coordinates":[-117.098335,32.749649]},"properties":{"facility_id":"SAMPLE-FFPP-00134","name":"Sample Taqueria 0134","address":"7847 Testing Terrace, San Diego, CA 92105","facility_type":"restaurant","council_district":9,"last_visit":{"date":"2026-07-13","type":"routine"},"grade":{"grade":"A","score":99,"date":"2026-07-13","replaced":null,"open_closure":null},"flags":[],"points":1}},{"type":"Feature","geometry":{"type":"Point","coordinates":[-117.180955,32.822741]},"properties":{"facility_id":"SAMPLE-FFPP-00135","name":"Sample Cafe 0135","address":"5667 Mock Lane, San Diego, CA 92117","facility_type":"restaurant","council_district":2,"last_visit":{"date":"2026-03-27","type":"routine"},"grade":{"grade":"A","score":98,"date":"2026-03-27","replaced":null,"open_closure":null},"flags":[],"points":4}},{"type":"Feature","geometry":{"type":"Point","coordinates":[-117.061303,32.708763]},"properties":{"facility_id":"SAMPLE-FFPP-00136","name":"Sample Market 0136","address":"3113 Fictional Boulevard, San Diego, CA 92114","facility_type":"market","council_district":4,"last_visit":{"date":"2026-06-15","type":"complaint"},"grade":{"grade":"A","score":98,"date":"2026-03-18","replaced":null,"open_closure":null},"flags":[]}},{"type":"Feature","geometry":{"type":"Point","coordinates":[-117.25393,32.750569]},"properties":{"facility_id":"SAMPLE-FFPP-00137","name":"Sample Cantina 0137","address":"1404 Mock Lane, San Diego, CA 92107","facility_type":"restaurant","council_district":2,"last_visit":{"date":"2026-07-20","type":"routine"},"grade":{"grade":"A","score":99,"date":"2026-07-20","replaced":null,"open_closure":null},"flags":["major","temperature"],"points":5}},{"type":"Feature","geometry":{"type":"Point","coordinates":[-117.177946,32.719954]},"properties":{"facility_id":"SAMPLE-FFPP-00138","name":"Sample Noodle House 0138","address":"5032 Demo Court, San Diego, CA 92101","facility_type":"restaurant","council_district":3,"last_visit":{"date":"2025-10-15","type":"routine"},"grade":{"grade":"A","score":97,"date":"2025-10-15","replaced":null,"open_closure":null},"flags":[],"points":3}},{"type":"Feature","geometry":{"type":"Point","coordinates":[-117.150598,32.830814]},"properties":{"facility_id":"SAMPLE-FFPP-00139","name":"Sample Grocery 0139","address":"6280 Fictional Boulevard, San Diego, CA 92111","facility_type":"market","council_district":6,"last_visit":{"date":"2025-08-10","type":"routine"},"grade":{"grade":"A","score":97,"date":"2025-08-10","replaced":null,"open_closure":null},"flags":[]}},{"type":"Feature","geometry":{"type":"Point","coordinates":[-117.11289,32.76563]},"properties":{"facility_id":"SAMPLE-FFPP-00140","name":"Sample Noodle House 0140","address":"1016 Invented Road, San Diego, CA 92116","facility_type":"restaurant","council_district":9,"last_visit":{"date":"2026-08-20","type":"reinspection"},"grade":{"grade":"A","score":96,"date":"2026-08-20","replaced":null,"open_closure":null},"flags":["major","handsink","temperature"],"points":6}},{"type":"Feature","geometry":{"type":"Point","coordinates":[-117.121456,32.956392]},"properties":{"facility_id":"SAMPLE-FFPP-00141","name":"Sample Diner 0141","address":"5035 Sample Row, San Diego, CA 92129","facility_type":"restaurant","council_district":5,"last_visit":{"date":"2025-12-01","type":"followup"},"grade":{"grade":"A","score":94,"date":"2025-12-01","replaced":null,"open_closure":null},"flags":["major","closed","handsink","temperature"],"band":"1","points":32}},{"type":"Feature","geometry":{"type":"Point","coordinates":[-117.188581,32.783671]},"properties":{"facility_id":"SAMPLE-FFPP-00142","name":"Sample Taqueria 0142","address":"2458 Demo Court, San Diego, CA 92111","facility_type":"restaurant","council_district":7,"last_visit":{"date":"2025-11-05","type":"followup"},"grade":{"grade":"A","score":100,"date":"2025-11-05","replaced":{"grade":"B","score":89,"date":"2025-10-20"},"open_closure":null},"flags":["major","bc","hands","handsink"],"band":"2","points":13}},{"type":"Feature","geometry":{"type":"Point","coordinates":[-117.072153,32.77304]},"properties":{"facility_id":"SAMPLE-FFPP-00143","name":"Sample Coffee Bar 0143","address":"3096 Demo Court, San Diego, CA 92115","facility_type":"limited","council_district":9,"last_visit":{"date":"2026-01-29","type":"routine"},"grade":{"grade":"A","score":100,"date":"2026-01-29","replaced":null,"open_closure":null},"flags":[]}},{"type":"Feature","geometry":{"type":"Point","coordinates":[-117.105007,32.748524]},"properties":{"facility_id":"SAMPLE-FFPP-00144","name":"Sample Sushi Bar 0144","address":"6357 Fictional Boulevard, San Diego, CA 92105","facility_type":"restaurant","council_district":9,"last_visit":{"date":"2026-05-04","type":"reinspection"},"grade":{"grade":"A","score":92,"date":"2026-05-04","replaced":null,"open_closure":null},"flags":["major","supplier"],"band":"3","points":10}},{"type":"Feature","geometry":{"type":"Point","coordinates":[-117.197866,32.85682]},"properties":{"facility_id":"SAMPLE-FFPP-00145","name":"Sample Noodle House 0145","address":"8474 Sample Row, San Diego, CA 92122","facility_type":"restaurant","council_district":1,"last_visit":{"date":"2026-06-16","type":"followup"},"grade":{"grade":"A","score":100,"date":"2025-11-09","replaced":null,"open_closure":{"date":"2026-06-15","reason":"health","later_ungraded":["2026-06-16"],"status":"Ordered Closed"}},"flags":["major","closed","major_2","repeat_item","temperature"],"band":"2","points":17}},{"type":"Feature","geometry":{"type":"Point","coordinates":[-117.154374,32.771074]},"properties":{"facility_id":"SAMPLE-FFPP-00146","name":"Sample Cantina 0146","address":"7209 Mock Lane, San Diego, CA 92108","facility_type":"restaurant","council_district":7,"last_visit":{"date":"2026-07-15","type":"routine"},"grade":{"grade":"A","score":99,"date":"2026-07-15","replaced":null,"open_closure":null},"flags":[],"points":1}},{"type":"Feature","geometry":{"type":"Point","coordinates":[-117.155714,32.751834]},"properties":{"facility_id":"SAMPLE-FFPP-00147","name":"Sample Cantina 0147","address":"7014 Invented Road, San Diego, CA 92103","facility_type":"restaurant","council_district":3,"last_visit":{"date":"2026-04-04","type":"routine"},"grade":{"grade":"A","score":99,"date":"2026-04-04","replaced":null,"open_closure":null},"flags":[],"points":1}},{"type":"Feature","geometry":{"type":"Point","coordinates":[-117.136086,32.825045]},"properties":{"facility_id":"SAMPLE-FFPP-00148","name":"Sample Sushi Bar 0148","address":"7760 Sample Row, San Diego, CA 92123","facility_type":"restaurant","council_district":6,"last_visit":{"date":"2026-04-11","type":"routine"},"grade":{"grade":"A","score":99,"date":"2026-04-11","replaced":null,"open_closure":null},"flags":[],"points":1}},{"type":"Feature","geometry":{"type":"Point","coordinates":[-117.134455,32.698165]},"properties":{"facility_id":"SAMPLE-FFPP-00149","name":"Sample Juice Bar 0149","address":"3727 Fictional Boulevard, San Diego, CA 92113","facility_type":"limited","council_district":8,"last_visit":{"date":"2026-06-11","type":"complaint"},"grade":{"grade":"A","score":98,"date":"2026-02-20","replaced":null,"open_closure":null},"flags":[]}},{"type":"Feature","geometry":{"type":"Point","coordinates":[-117.089852,32.74752]},"properties":{"facility_id":"SAMPLE-FFPP-00150","name":"Sample Sushi Bar 0150","address":"2262 Sample Row, San Diego, CA 92105","facility_type":"restaurant","council_district":9,"last_visit":{"date":"2026-05-18","type":"reinspection"},"grade":{"grade":"A","score":91,"date":"2026-05-18","replaced":null,"open_closure":null},"flags":["major","handsink","sanitizing"],"band":"3","points":9}},{"type":"Feature","geometry":{"type":"Point","coordinates":[-117.161006,32.74606]},"properties":{"facility_id":"SAMPLE-FFPP-00151","name":"Sample Kitchen 0151","address":"4079 Mock Lane, San Diego, CA 92103","facility_type":"restaurant","council_district":3,"last_visit":{"date":"2026-05-23","type":"routine"},"grade":{"grade":"A","score":98,"date":"2026-05-23","replaced":null,"open_closure":null},"flags":[],"points":2}},{"type":"Feature","geometry":{"type":"Point","coordinates":[-117.180252,32.750646]},"properties":{"facility_id":"SAMPLE-FFPP-00152","name":"Sample Pizzeria 0152","address":"7330 Sample Row, San Diego, CA 92103","facility_type":"restaurant","council_district":3,"last_visit":{"date":"2026-08-06","type":"routine"},"grade":{"grade":"A","score":98,"date":"2026-08-06","replaced":null,"open_closure":null},"flags":[],"points":4}},{"type":"Feature","geometry":{"type":"Point","coordinates":[-117.158957,32.707235]},"properties":{"facility_id":"SAMPLE-FFPP-00153","name":"Sample Snack Bar 0153","address":"6592 Testing Terrace, San Diego, CA 92101","facility_type":"limited","council_district":3,"last_visit":{"date":"2026-04-21","type":"routine"},"grade":{"grade":"A","score":100,"date":"2026-04-21","replaced":null,"open_closure":null},"flags":[]}},{"type":"Feature","geometry":{"type":"Point","coordinates":[-117.059061,32.713634]},"properties":{"facility_id":"SAMPLE-FFPP-00154","name":"Sample Pizzeria 0154","address":"7987 Example Avenue, San Diego, CA 92114","facility_type":"restaurant","council_district":4,"last_visit":{"date":"2026-05-19","type":"routine"},"grade":{"grade":"A","score":98,"date":"2026-05-19","replaced":null,"open_closure":null},"flags":["major","sanitizing"],"points":5}},{"type":"Feature","geometry":{"type":"Point","coordinates":[-117.166224,32.752232]},"properties":{"facility_id":"SAMPLE-FFPP-00155","name":"Sample Market 0155","address":"9726 Specimen Way, San Diego, CA 92103","facility_type":"market","council_district":3,"last_visit":{"date":"2026-08-02","type":"routine"},"grade":{"grade":"A","score":98,"date":"2026-08-02","replaced":null,"open_closure":null},"flags":[]}},{"type":"Feature","geometry":{"type":"Point","coordinates":[-117.146273,32.914927]},"properties":{"facility_id":"SAMPLE-FFPP-00156","name":"Sample Sushi Bar 0156","address":"435 Sample Row, San Diego, CA 92126","facility_type":"restaurant","council_district":6,"last_visit":{"date":"2026-08-12","type":"reinspection"},"grade":{"grade":"A","score":96,"date":"2026-08-12","replaced":null,"open_closure":null},"flags":["major","major_2","temperature"],"points":6}},{"type":"Feature","geometry":{"type":"Point","coordinates":[-117.100201,32.752854]},"properties":{"facility_id":"SAMPLE-FFPP-00157","name":"Sample Market 0157","address":"9835 Sample Row, San Diego, CA 92105","facility_type":"market","council_district":9,"last_visit":{"date":"2025-10-17","type":"routine"},"grade":{"grade":"A","score":98,"date":"2025-10-17","replaced":null,"open_closure":null},"flags":[]}},{"type":"Feature","geometry":{"type":"Point","coordinates":[-117.006153,32.58408]},"properties":{"facility_id":"SAMPLE-FFPP-00158","name":"Sample Pizzeria 0158","address":"4084 Mock Lane, San Diego, CA 92154","facility_type":"restaurant","council_district":8,"last_visit":{"date":"2026-05-13","type":"complaint"},"grade":{"grade":"A","score":93,"date":"2025-11-30","replaced":null,"open_closure":null},"flags":["major","health"],"points":7}},{"type":"Feature","geometry":{"type":"Point","coordinates":[-117.042311,32.558534]},"properties":{"facility_id":"SAMPLE-FFPP-00159","name":"Sample Kitchen 0159","address":"2133 Placeholder Street, San Diego, CA 92173","facility_type":"restaurant","council_district":8,"last_visit":{"date":"2026-08-15","type":"routine"},"grade":{"grade":"A","score":97,"date":"2026-08-15","replaced":null,"open_closure":null},"flags":[],"points":3}},{"type":"Feature","geometry":{"type":"Point","coordinates":[-117.27096,32.843074]},"properties":{"facility_id":"SAMPLE-FFPP-00160","name":"Sample Sushi Bar 0160","address":"9136 Sample Row, San Diego, CA 92037","facility_type":"restaurant","council_district":1,"last_visit":{"date":"2026-05-14","type":"routine"},"grade":{"grade":"A","score":96,"date":"2026-05-14","replaced":null,"open_closure":null},"flags":[],"points":4}},{"type":"Feature","geometry":{"type":"Point","coordinates":[-117.044193,32.54981]},"properties":{"facility_id":"SAMPLE-FFPP-00161","name":"Sample Grill 0161","address":"2083 Example Avenue, San Diego, CA 92173","facility_type":"restaurant","council_district":8,"last_visit":{"date":"2026-05-17","type":"routine"},"grade":{"grade":"A","score":96,"date":"2026-05-17","replaced":null,"open_closure":null},"flags":[],"points":4}},{"type":"Feature","geometry":{"type":"Point","coordinates":[-117.159557,32.71015]},"properties":{"facility_id":"SAMPLE-FFPP-00162","name":"Sample Sushi Bar 0162","address":"1186 Specimen Way, San Diego, CA 92101","facility_type":"restaurant","council_district":3,"last_visit":{"date":"2025-09-04","type":"reinspection"},"grade":{"grade":"A","score":92,"date":"2025-09-04","replaced":null,"open_closure":null},"flags":["major","temperature"],"band":"3","points":10}},{"type":"Feature","geometry":{"type":"Point","coordinates":[-117.157302,32.724188]},"properties":{"facility_id":"SAMPLE-FFPP-00163","name":"Sample Market 0163","address":"1001 Example Avenue, San Diego, CA 92101","facility_type":"market","council_district":3,"last_visit":{"date":"2026-03-03","type":"routine"},"grade":{"grade":"A","score":100,"date":"2026-03-03","replaced":null,"open_closure":null},"flags":[]}},{"type":"Feature","geometry":{"type":"Point","coordinates":[-117.159183,32.913393]},"properties":{"facility_id":"SAMPLE-FFPP-00164","name":"Sample Snack Bar 0164","address":"5443 Sample Row, San Diego, CA 92126","facility_type":"limited","council_district":6,"last_visit":{"date":"2025-12-26","type":"routine"},"grade":{"grade":"A","score":99,"date":"2025-12-26","replaced":null,"open_closure":null},"flags":[]}},{"type":"Feature","geometry":{"type":"Point","coordinates":[-117.263181,32.801749]},"properties":{"facility_id":"SAMPLE-FFPP-00165","name":"Sample Diner 0165","address":"2351 Sample Row, San Diego, CA 92109","facility_type":"restaurant","council_district":2,"last_visit":{"date":"2026-08-18","type":"routine"},"grade":{"grade":"A","score":91,"date":"2026-08-18","replaced":null,"open_closure":null},"flags":["major","closed","major_2","temperature","vermin"],"band":"2","points":16}},{"type":"Feature","geometry":{"type":"Point","coordinates":[-117.143604,32.912112]},"properties":{"facility_id":"SAMPLE-FFPP-00166","name":"Sample Pho House 0166","address":"7193 Sample Row, San Diego, CA 92126","facility_type":"restaurant","council_district":6,"last_visit":{"date":"2026-01-15","type":"reinspection"},"grade":{"grade":"A","score":96,"date":"2026-01-04","replaced":null,"open_closure":null},"flags":["major","closed","handsink"],"band":"1","points":30}},{"type":"Feature","geometry":{"type":"Point","coordinates":[-117.080693,33.009616]},"properties":{"facility_id":"SAMPLE-FFPP-00167","name":"Sample Pho House 0167","address":"735 Placeholder Street, San Diego, CA 92128","facility_type":"restaurant","council_district":5,"last_visit":{"date":"2026-06-28","type":"routine"},"grade":{"grade":"A","score":96,"date":"2026-06-28","replaced":null,"open_closure":null},"flags":[],"points":6}},{"type":"Feature","geometry":{"type":"Point","coordinates":[-117.033725,32.544749]},"properties":{"facility_id":"SAMPLE-FFPP-00168","name":"Sample Pizzeria 0168","address":"5637 Placeholder Street, San Diego, CA 92173","facility_type":"restaurant","council_district":8,"last_visit":{"date":"2026-03-25","type":"routine"},"grade":{"grade":"A","score":96,"date":"2026-03-25","replaced":null,"open_closure":null},"flags":[],"points":4}},{"type":"Feature","geometry":{"type":"Point","coordinates":[-117.048225,32.551419]},"properties":{"facility_id":"SAMPLE-FFPP-00169","name":"Sample Tea House 0169","address":"4974 Placeholder Street, San Diego, CA 92173","facility_type":"limited","council_district":8,"last_visit":{"date":"2026-02-12","type":"routine"},"grade":{"grade":"A","score":98,"date":"2026-02-12","replaced":null,"open_closure":null},"flags":[]}},{"type":"Feature","geometry":{"type":"Point","coordinates":[-117.160117,32.818164]},"properties":{"facility_id":"SAMPLE-FFPP-00170","name":"Sample Diner 0170","address":"3415 Testing Terrace, San Diego, CA 92111","facility_type":"restaurant","council_district":6,"last_visit":{"date":"2025-11-18","type":"routine"},"grade":{"grade":"A","score":98,"date":"2025-11-18","replaced":null,"open_closure":null},"flags":[],"points":2}},{"type":"Feature","geometry":{"type":"Point","coordinates":[-117.136131,32.924207]},"properties":{"facility_id":"SAMPLE-FFPP-00171","name":"Sample Grocery 0171","address":"8725 Specimen Way, San Diego, CA 92126","facility_type":"market","council_district":6,"last_visit":{"date":"2026-03-05","type":"routine"},"grade":{"grade":"A","score":97,"date":"2026-03-05","replaced":null,"open_closure":null},"flags":[]}},{"type":"Feature","geometry":{"type":"Point","coordinates":[-117.156024,32.830954]},"properties":{"facility_id":"SAMPLE-FFPP-00172","name":"Sample Grill 0172","address":"1941 Sample Row, San Diego, CA 92111","facility_type":"restaurant","council_district":6,"last_visit":{"date":"2026-02-05","type":"routine"},"grade":{"grade":"A","score":98,"date":"2026-02-05","replaced":null,"open_closure":null},"flags":[],"points":4}},{"type":"Feature","geometry":{"type":"Point","coordinates":[-117.146905,32.769948]},"properties":{"facility_id":"SAMPLE-FFPP-00173","name":"Sample Market 0173","address":"177 Mock Lane, San Diego, CA 92108","facility_type":"market","council_district":7,"last_visit":{"date":"2026-07-29","type":"routine"},"grade":{"grade":"A","score":97,"date":"2026-07-29","replaced":null,"open_closure":null},"flags":[]}},{"type":"Feature","geometry":{"type":"Point","coordinates":[-117.047661,32.683283]},"properties":{"facility_id":"SAMPLE-FFPP-00174","name":"Sample Juice Bar 0174","address":"8289 Placeholder Street, San Diego, CA 92139","facility_type":"limited","council_district":4,"last_visit":{"date":"2026-03-23","type":"routine"},"grade":{"grade":"A","score":98,"date":"2026-03-23","replaced":null,"open_closure":null},"flags":[]}},{"type":"Feature","geometry":{"type":"Point","coordinates":[-117.156353,32.833643]},"properties":{"facility_id":"SAMPLE-FFPP-00175","name":"Sample Grill 0175","address":"7501 Invented Road, San Diego, CA 92111","facility_type":"restaurant","council_district":6,"last_visit":{"date":"2025-07-26","type":"routine"},"grade":{"grade":"A","score":99,"date":"2025-07-26","replaced":null,"open_closure":null},"flags":[]}},{"type":"Feature","geometry":{"type":"Point","coordinates":[-117.07295,33.024293]},"properties":{"facility_id":"SAMPLE-FFPP-00176","name":"Sample Taqueria 0176","address":"7535 Testing Terrace, San Diego, CA 92128","facility_type":"restaurant","council_district":5,"last_visit":{"date":"2026-06-14","type":"routine"},"grade":{"grade":"A","score":98,"date":"2026-06-14","replaced":null,"open_closure":null},"flags":[],"points":2}},{"type":"Feature","geometry":{"type":"Point","coordinates":[-117.218635,32.782625]},"properties":{"facility_id":"SAMPLE-FFPP-00177","name":"Sample Diner 0177","address":"7716 Mock Lane, San Diego, CA 92110","facility_type":"restaurant","council_district":2,"last_visit":{"date":"2026-07-13","type":"routine"},"grade":{"grade":"A","score":100,"date":"2026-07-13","replaced":null,"open_closure":null},"flags":[],"points":0}},{"type":"Feature","geometry":{"type":"Point","coordinates":[-117.145468,32.830586]},"properties":{"facility_id":"SAMPLE-FFPP-00178","name":"Sample Pho House 0178","address":"8115 Placeholder Street, San Diego, CA 92111","facility_type":"restaurant","council_district":6,"last_visit":{"date":"2026-07-09","type":"routine"},"grade":{"grade":"A","score":99,"date":"2026-07-09","replaced":null,"open_closure":null},"flags":[],"points":1}},{"type":"Feature","geometry":{"type":"Point","coordinates":[-117.119454,32.753632]},"properties":{"facility_id":"SAMPLE-FFPP-00179","name":"Sample Market 0179","address":"4861 Demo Court, San Diego, CA 92104","facility_type":"market","council_district":3,"last_visit":{"date":"2026-05-10","type":"routine"},"grade":{"grade":"A","score":98,"date":"2026-05-10","replaced":null,"open_closure":null},"flags":[]}},{"type":"Feature","geometry":{"type":"Point","coordinates":[-117.224805,32.953436]},"properties":{"facility_id":"SAMPLE-FFPP-00180","name":"Sample Noodle House 0180","address":"1096 Mock Lane, San Diego, CA 92130","facility_type":"restaurant","council_district":1,"last_visit":{"date":"2026-08-30","type":"routine"},"grade":{"grade":"A","score":96,"date":"2026-08-30","replaced":null,"open_closure":null},"flags":[],"points":4}},{"type":"Feature","geometry":{"type":"Point","coordinates":[-117.154387,32.829093]},"properties":{"facility_id":"SAMPLE-FFPP-00181","name":"Sample Diner 0181","address":"3862 Pretend Place, San Diego, CA 92111","facility_type":"restaurant","council_district":6,"last_visit":{"date":"2025-06-21","type":"followup"},"grade":{"grade":"A","score":98,"date":"2024-08-12","replaced":null,"open_closure":{"date":"2025-06-19","reason":"health","later_ungraded":["2025-06-19","2025-06-21"],"status":"Ordered Closed"}},"flags":[]}},{"type":"Feature","geometry":{"type":"Point","coordinates":[-117.153605,32.709144]},"properties":{"facility_id":"SAMPLE-FFPP-00182","name":"Sample Cafe 0182","address":"4394 Pretend Place, San Diego, CA 92101","facility_type":"restaurant","council_district":3,"last_visit":{"date":"2026-03-07","type":"routine"},"grade":{"grade":"A","score":94,"date":"2026-03-07","replaced":null,"open_closure":null},"flags":["major","major_2","health"],"band":"3","points":8}},{"type":"Feature","geometry":{"type":"Point","coordinates":[-117.16102,32.755982]},"properties":{"facility_id":"SAMPLE-FFPP-00183","name":"Sample Carniceria 0183","address":"9667 Demo Court, San Diego, CA 92103","facility_type":"market","council_district":3,"last_visit":{"date":"2025-10-22","type":"routine"},"grade":{"grade":"A","score":98,"date":"2025-10-22","replaced":null,"open_closure":null},"flags":[]}},{"type":"Feature","geometry":{"type":"Point","coordinates":[-117.102818,32.76005]},"properties":{"facility_id":"SAMPLE-FFPP-00184","name":"Sample Grill 0184","address":"3300 Mock Lane, San Diego, CA 92105","facility_type":"restaurant","council_district":9,"last_visit":{"date":"2026-07-27","type":"routine"},"grade":{"grade":"A","score":98,"date":"2026-07-27","replaced":null,"open_closure":null},"flags":[],"points":2}},{"type":"Feature","geometry":{"type":"Point","coordinates":[-117.192503,32.821713]},"properties":{"facility_id":"SAMPLE-FFPP-00185","name":"Sample Grill 0185","address":"6303 Specimen Way, San Diego, CA 92117","facility_type":"restaurant","council_district":2,"last_visit":{"date":"2026-08-11","type":"routine"},"grade":{"grade":"A","score":97,"date":"2026-08-11","replaced":null,"open_closure":null},"flags":[],"points":3}},{"type":"Feature","geometry":{"type":"Point","coordinates":[-117.16815,32.720831]},"properties":{"facility_id":"SAMPLE-FFPP-00186","name":"Sample Diner 0186","address":"356 Pretend Place, San Diego, CA 92101","facility_type":"restaurant","council_district":3,"last_visit":{"date":"2025-07-29","type":"routine"},"grade":{"grade":"A","score":98,"date":"2025-07-29","replaced":null,"open_closure":null},"flags":[]}},{"type":"Feature","geometry":{"type":"Point","coordinates":[-117.240088,32.937784]},"properties":{"facility_id":"SAMPLE-FFPP-00187","name":"Sample Cantina 0187","address":"6210 Testing Terrace, San Diego, CA 92130","facility_type":"restaurant","council_district":1,"last_visit":{"date":"2026-01-29","type":"reinspection"},"grade":{"grade":"A","score":94,"date":"2026-01-29","replaced":null,"open_closure":null},"flags":["major","vermin"],"band":"3","points":8}},{"type":"Feature","geometry":{"type":"Point","coordinates":[-117.169784,32.718166]},"properties":{"facility_id":"SAMPLE-FFPP-00188","name":"Sample Cafe 0188","address":"2139 Testing Terrace, San Diego, CA 92101","facility_type":"restaurant","council_district":3,"last_visit":{"date":"2025-12-02","type":"routine"},"grade":{"grade":"A","score":98,"date":"2025-12-02","replaced":null,"open_closure":null},"flags":[],"points":2}},{"type":"Feature","geometry":{"type":"Point","coordinates":[-117.091217,32.906321]},"properties":{"facility_id":"SAMPLE-FFPP-00189","name":"Sample Sushi Bar 0189","address":"9217 Placeholder Street, San Diego, CA 92131","facility_type":"restaurant","council_district":5,"last_visit":{"date":"2026-06-29","type":"routine"},"grade":{"grade":"A","score":95,"date":"2026-06-29","replaced":null,"open_closure":null},"flags":[],"points":6}},{"type":"Feature","geometry":{"type":"Point","coordinates":[-117.154822,32.744373]},"properties":{"facility_id":"SAMPLE-FFPP-00190","name":"Sample Snack Bar 0190","address":"1206 Specimen Way, San Diego, CA 92103","facility_type":"limited","council_district":3,"last_visit":{"date":"2025-08-11","type":"routine"},"grade":{"grade":"A","score":98,"date":"2025-08-11","replaced":null,"open_closure":null},"flags":[]}},{"type":"Feature","geometry":{"type":"Point","coordinates":[-117.25322,32.752009]},"properties":{"facility_id":"SAMPLE-FFPP-00191","name":"Sample Noodle House 0191","address":"8276 Pretend Place, San Diego, CA 92107","facility_type":"restaurant","council_district":2,"last_visit":{"date":"2026-04-18","type":"routine"},"grade":{"grade":"A","score":98,"date":"2026-04-18","replaced":null,"open_closure":null},"flags":[],"points":4}},{"type":"Feature","geometry":{"type":"Point","coordinates":[-117.162377,32.714197]},"properties":{"facility_id":"SAMPLE-FFPP-00192","name":"Sample Cantina 0192","address":"3405 Sample Row, San Diego, CA 92101","facility_type":"restaurant","council_district":3,"last_visit":{"date":"2026-07-01","type":"routine"},"grade":{"grade":"A","score":98,"date":"2026-07-01","replaced":null,"open_closure":null},"flags":[],"points":2}},{"type":"Feature","geometry":{"type":"Point","coordinates":[-117.140008,32.826282]},"properties":{"facility_id":"SAMPLE-FFPP-00193","name":"Sample Taqueria 0193","address":"2041 Fictional Boulevard, San Diego, CA 92123","facility_type":"restaurant","council_district":6,"last_visit":{"date":"2026-05-21","type":"routine"},"grade":{"grade":"A","score":98,"date":"2026-05-21","replaced":null,"open_closure":null},"flags":[],"points":4}},{"type":"Feature","geometry":{"type":"Point","coordinates":[-117.218467,32.946817]},"properties":{"facility_id":"SAMPLE-FFPP-00194","name":"Sample Deli Market 0194","address":"4423 Demo Court, San Diego, CA 92130","facility_type":"market","council_district":1,"last_visit":{"date":"2025-12-06","type":"routine"},"grade":{"grade":"A","score":98,"date":"2025-12-06","replaced":null,"open_closure":null},"flags":[]}},{"type":"Feature","geometry":{"type":"Point","coordinates":[-117.175417,32.790371]},"properties":{"facility_id":"SAMPLE-FFPP-00195","name":"Sample Market 0195","address":"6955 Placeholder Street, San Diego, CA 92111","facility_type":"market","council_district":7,"last_visit":{"date":"2025-10-27","type":"routine"},"grade":{"grade":"A","score":100,"date":"2025-10-27","replaced":null,"open_closure":null},"flags":[]}},{"type":"Feature","geometry":{"type":"Point","coordinates":[-117.224442,32.729075]},"properties":{"facility_id":"SAMPLE-FFPP-00196","name":"Sample Sushi Bar 0196","address":"3093 Invented Road, San Diego, CA 92106","facility_type":"restaurant","council_district":2,"last_visit":{"date":"2026-05-04","type":"routine"},"grade":{"grade":"A","score":96,"date":"2026-05-04","replaced":null,"open_closure":null},"flags":[],"points":3}},{"type":"Feature","geometry":{"type":"Point","coordinates":[-117.206865,32.86789]},"properties":{"facility_id":"SAMPLE-FFPP-00197","name":"Sample Noodle House 0197","address":"7639 Example Avenue, San Diego, CA 92122","facility_type":"restaurant","council_district":1,"last_visit":{"date":"2026-03-07","type":"routine"},"grade":{"grade":"A","score":97,"date":"2026-03-07","replaced":null,"open_closure":null},"flags":[],"points":3}},{"type":"Feature","geometry":{"type":"Point","coordinates":[-117.141393,32.746369]},"properties":{"facility_id":"SAMPLE-FFPP-00198","name":"Sample Kitchen 0198","address":"2532 Pretend Place, San Diego, CA 92104","facility_type":"restaurant","council_district":3,"last_visit":{"date":"2026-01-25","type":"followup"},"grade":{"grade":"A","score":91,"date":"2026-01-25","replaced":{"grade":"B","score":83,"date":"2026-01-05"},"open_closure":null},"flags":["major","bc","temperature","sanitizing"],"band":"2","points":19}},{"type":"Feature","geometry":{"type":"Point","coordinates":[-117.153938,32.751089]},"properties":{"facility_id":"SAMPLE-FFPP-00199","name":"Sample Taqueria 0199","address":"6892 Testing Terrace, San Diego, CA 92103","facility_type":"restaurant","council_district":3,"last_visit":{"date":"2026-06-08","type":"complaint"},"grade":{"grade":"A","score":96,"date":"2026-01-10","replaced":null,"open_closure":null},"flags":["major","vermin"],"points":4}},{"type":"Feature","geometry":{"type":"Point","coordinates":[-117.225056,32.952667]},"properties":{"facility_id":"SAMPLE-FFPP-00200","name":"Sample Grill 0200","address":"9107 Pretend Place, San Diego, CA 92130","facility_type":"restaurant","council_district":1,"last_visit":{"date":"2025-11-08","type":"routine"},"grade":{"grade":"A","score":99,"date":"2025-11-08","replaced":null,"open_closure":null},"flags":[],"points":1}},{"type":"Feature","geometry":{"type":"Point","coordinates":[-117.142356,32.910213]},"properties":{"facility_id":"SAMPLE-FFPP-00201","name":"Sample Grill 0201","address":"417 Mock Lane, San Diego, CA 92126","facility_type":"restaurant","council_district":6,"last_visit":{"date":"2025-07-25","type":"routine"},"grade":{"grade":"A","score":98,"date":"2025-07-25","replaced":null,"open_closure":null},"flags":[]}},{"type":"Feature","geometry":{"type":"Point","coordinates":[-117.148529,32.914767]},"properties":{"facility_id":"SAMPLE-FFPP-00202","name":"Sample Deli Market 0202","address":"9662 Specimen Way, San Diego, CA 92126","facility_type":"market","council_district":6,"last_visit":{"date":"2026-05-12","type":"routine"},"grade":{"grade":"A","score":100,"date":"2026-05-12","replaced":null,"open_closure":null},"flags":[]}},{"type":"Feature","geometry":{"type":"Point","coordinates":[-117.145015,32.768581]},"properties":{"facility_id":"SAMPLE-FFPP-00203","name":"Sample Juice Bar 0203","address":"8637 Pretend Place, San Diego, CA 92108","facility_type":"limited","council_district":7,"last_visit":{"date":"2026-07-05","type":"routine"},"grade":{"grade":"A","score":100,"date":"2026-07-05","replaced":null,"open_closure":null},"flags":[]}},{"type":"Feature","geometry":{"type":"Point","coordinates":[-117.06142,32.718882]},"properties":{"facility_id":"SAMPLE-FFPP-00204","name":"Sample Juice Bar 0204","address":"8014 Testing Terrace, San Diego, CA 92114","facility_type":"limited","council_district":4,"last_visit":{"date":"2025-11-22","type":"routine"},"grade":{"grade":"A","score":97,"date":"2025-11-22","replaced":null,"open_closure":null},"flags":[]}},{"type":"Feature","geometry":{"type":"Point","coordinates":[-117.098341,32.824263]},"properties":{"facility_id":"SAMPLE-FFPP-00205","name":"Sample Carniceria 0205","address":"6469 Specimen Way, San Diego, CA 92124","facility_type":"market","council_district":7,"last_visit":{"date":"2025-08-27","type":"routine"},"grade":{"grade":"A","score":98,"date":"2025-08-27","replaced":null,"open_closure":null},"flags":[]}},{"type":"Feature","geometry":{"type":"Point","coordinates":[-117.139014,32.702472]},"properties":{"facility_id":"SAMPLE-FFPP-00206","name":"Sample Juice Bar 0206","address":"8620 Specimen Way, San Diego, CA 92113","facility_type":"limited","council_district":8,"last_visit":{"date":"2026-01-17","type":"routine"},"grade":{"grade":"A","score":98,"date":"2026-01-17","replaced":null,"open_closure":null},"flags":[]}},{"type":"Feature","geometry":{"type":"Point","coordinates":[-117.150647,32.749478]},"properties":{"facility_id":"SAMPLE-FFPP-00207","name":"Sample Taqueria 0207","address":"9155 Fictional Boulevard, San Diego, CA 92108","facility_type":"restaurant","council_district":7,"last_visit":{"date":"2025-12-20","type":"routine"},"grade":{"grade":"A","score":98,"date":"2025-12-20","replaced":null,"open_closure":null},"flags":[],"points":2}},{"type":"Feature","geometry":{"type":"Point","coordinates":[-117.160377,32.81628]},"properties":{"facility_id":"SAMPLE-FFPP-00208","name":"Sample Diner 0208","address":"7377 Demo Court, San Diego, CA 92111","facility_type":"restaurant","council_district":6,"last_visit":{"date":"2026-01-27","type":"complaint"},"grade":{"grade":"A","score":96,"date":"2025-10-31","replaced":null,"open_closure":null},"flags":[],"points":6}},{"type":"Feature","geometry":{"type":"Point","coordinates":[-117.121894,32.751505]},"properties":{"facility_id":"SAMPLE-FFPP-00209","name":"Sample Market 0209","address":"6482 Pretend Place, San Diego, CA 92104","facility_type":"market","council_district":3,"last_visit":{"date":"2026-07-03","type":"routine"},"grade":{"grade":"A","score":100,"date":"2026-07-03","replaced":null,"open_closure":null},"flags":[]}},{"type":"Feature","geometry":{"type":"Point","coordinates":[-117.00435,32.573745]},"properties":{"facility_id":"SAMPLE-FFPP-00210","name":"Sample Deli Market 0210","address":"6226 Testing Terrace, San Diego, CA 92154","facility_type":"market","council_district":8,"last_visit":{"date":"2026-08-05","type":"routine"},"grade":{"grade":"A","score":98,"date":"2026-08-05","replaced":null,"open_closure":null},"flags":[]}},{"type":"Feature","geometry":{"type":"Point","coordinates":[-117.270352,32.847758]},"properties":{"facility_id":"SAMPLE-FFPP-00211","name":"Sample Grocery 0211","address":"9615 Specimen Way, San Diego, CA 92037","facility_type":"market","council_district":1,"last_visit":{"date":"2026-01-01","type":"followup"},"grade":{"grade":"C","score":79,"date":"2026-01-01","replaced":{"grade":"C","score":72,"date":"2025-12-10"},"open_closure":null},"flags":["major","bc","hands","vermin"]}},{"type":"Feature","geometry":{"type":"Point","coordinates":[-117.143906,32.762217]},"properties":{"facility_id":"SAMPLE-FFPP-00212","name":"Sample Carniceria 0212","address":"3891 Testing Terrace, San Diego, CA 92108","facility_type":"market","council_district":7,"last_visit":{"date":"2026-04-18","type":"routine"},"grade":{"grade":"A","score":98,"date":"2026-04-18","replaced":null,"open_closure":null},"flags":[]}},{"type":"Feature","geometry":{"type":"Point","coordinates":[-117.118019,32.752611]},"properties":{"facility_id":"SAMPLE-FFPP-00213","name":"Sample Kitchen 0213","address":"4721 Fictional Boulevard, San Diego, CA 92116","facility_type":"restaurant","council_district":9,"last_visit":{"date":"2026-03-19","type":"routine"},"grade":{"grade":"A","score":99,"date":"2026-03-19","replaced":null,"open_closure":null},"flags":[],"band":"3","points":8}},{"type":"Feature","geometry":{"type":"Point","coordinates":[-117.093989,32.906579]},"properties":{"facility_id":"SAMPLE-FFPP-00214","name":"Sample Pho House 0214","address":"3341 Pretend Place, San Diego, CA 92131","facility_type":"restaurant","council_district":5,"last_visit":{"date":"2026-05-18","type":"routine"},"grade":{"grade":"A","score":98,"date":"2026-05-18","replaced":null,"open_closure":null},"flags":[],"points":2}},{"type":"Feature","geometry":{"type":"Point","coordinates":[-117.116296,32.774892]},"properties":{"facility_id":"SAMPLE-FFPP-00215","name":"Sample Pizzeria 0215","address":"8822 Mock Lane, San Diego, CA 92116","facility_type":"restaurant","council_district":9,"last_visit":{"date":"2025-08-14","type":"routine"},"grade":{"grade":"A","score":99,"date":"2025-08-14","replaced":null,"open_closure":null},"flags":[]}},{"type":"Feature","geometry":{"type":"Point","coordinates":[-117.076479,32.774511]},"properties":{"facility_id":"SAMPLE-FFPP-00216","name":"Sample Sushi Bar 0216","address":"9044 Sample Row, San Diego, CA 92115","facility_type":"restaurant","council_district":9,"last_visit":{"date":"2025-07-06","type":"routine"},"grade":{"grade":"A","score":99,"date":"2025-07-06","replaced":null,"open_closure":null},"flags":[]}},{"type":"Feature","geometry":{"type":"Point","coordinates":[-117.182324,32.816383]},"properties":{"facility_id":"SAMPLE-FFPP-00217","name":"Sample Grill 0217","address":"1005 Mock Lane, San Diego, CA 92117","facility_type":"restaurant","council_district":2,"last_visit":{"date":"2026-06-03","type":"complaint"},"grade":{"grade":"A","score":92,"date":"2026-04-28","replaced":null,"open_closure":null},"flags":["major","repeat","major_2","repeat_item","temperature"],"band":"2","points":19}},{"type":"Feature","geometry":{"type":"Point","coordinates":[-117.267403,32.846763]},"properties":{"facility_id":"SAMPLE-FFPP-00218","name":"Sample Market 0218","address":"8317 Fictional Boulevard, San Diego, CA 92037","facility_type":"market","council_district":1,"last_visit":{"date":"2025-12-31","type":"reinspection"},"grade":{"grade":"A","score":92,"date":"2025-12-31","replaced":null,"open_closure":null},"flags":["major","handsink"]}},{"type":"Feature","geometry":{"type":"Point","coordinates":[-117.173743,32.70918]},"properties":{"facility_id":"SAMPLE-FFPP-00219","name":"Sample Coffee Bar 0219","address":"7364 Fictional Boulevard, San Diego, CA 92101","facility_type":"limited","council_district":3,"last_visit":{"date":"2025-12-18","type":"complaint"},"grade":{"grade":"A","score":98,"date":"2025-10-22","replaced":null,"open_closure":null},"flags":[]}},{"type":"Feature","geometry":{"type":"Point","coordinates":[-117.167047,32.725692]},"properties":{"facility_id":"SAMPLE-FFPP-00220","name":"Sample Tea House 0220","address":"3560 Pretend Place, San Diego, CA 92101","facility_type":"limited","council_district":3,"last_visit":{"date":"2026-03-16","type":"followup"},"grade":{"grade":"A","score":95,"date":"2026-03-16","replaced":{"grade":"B","score":87,"date":"2026-02-26"},"open_closure":null},"flags":["major","bc","supplier"]}},{"type":"Feature","geometry":{"type":"Point","coordinates":[-117.099147,32.827199]},"properties":{"facility_id":"SAMPLE-FFPP-00221","name":"Sample Diner 0221","address":"7077 Example Avenue, San Diego, CA 92124","facility_type":"restaurant","council_district":7,"last_visit":{"date":"2026-03-19","type":"routine"},"grade":{"grade":"A","score":96,"date":"2026-03-19","replaced":null,"open_closure":null},"flags":[],"points":4}},{"type":"Feature","geometry":{"type":"Point","coordinates":[-117.07401,33.023143]},"properties":{"facility_id":"SAMPLE-FFPP-00222","name":"Sample Sushi Bar 0222","address":"823 Pretend Place, San Diego, CA 92128","facility_type":"restaurant","council_district":5,"last_visit":{"date":"2026-05-04","type":"routine"},"grade":{"grade":"A","score":97,"date":"2026-05-04","replaced":null,"open_closure":null},"flags":[],"points":3}},{"type":"Feature","geometry":{"type":"Point","coordinates":[-117.194953,32.823083]},"properties":{"facility_id":"SAMPLE-FFPP-00223","name":"Sample Noodle House 0223","address":"9444 Placeholder Street, San Diego, CA 92117","facility_type":"restaurant","council_district":2,"last_visit":{"date":"2026-06-17","type":"routine"},"grade":{"grade":"A","score":97,"date":"2026-06-17","replaced":null,"open_closure":null},"flags":[],"points":3}},{"type":"Feature","geometry":{"type":"Point","coordinates":[-117.147843,32.734082]},"properties":{"facility_id":"SAMPLE-FFPP-00224","name":"Sample Pizzeria 0224","address":"8358 Placeholder Street, San Diego, CA 92101","facility_type":"restaurant","council_district":3,"last_visit":{"date":"2026-08-07","type":"routine"},"grade":{"grade":"A","score":96,"date":"2026-08-07","replaced":null,"open_closure":null},"flags":[],"points":3}},{"type":"Feature","geometry":{"type":"Point","coordinates":[-117.055832,32.686881]},"properties":{"facility_id":"SAMPLE-FFPP-00225","name":"Sample Pho House 0225","address":"371 Sample Row, San Diego, CA 92139","facility_type":"restaurant","council_district":4,"last_visit":{"date":"2025-11-10","type":"routine"},"grade":{"grade":"A","score":97,"date":"2025-11-10","replaced":null,"open_closure":null},"flags":[],"points":7}},{"type":"Feature","geometry":{"type":"Point","coordinates":[-117.106838,32.751381]},"properties":{"facility_id":"SAMPLE-FFPP-00226","name":"Sample Carniceria 0226","address":"4346 Invented Road, San Diego, CA 92105","facility_type":"market","council_district":9,"last_visit":{"date":"2026-08-30","type":"routine"},"grade":{"grade":"A","score":97,"date":"2026-08-30","replaced":null,"open_closure":null},"flags":[]}},{"type":"Feature","geometry":{"type":"Point","coordinates":[-117.169138,32.712528]},"properties":{"facility_id":"SAMPLE-FFPP-00227","name":"Sample Noodle House 0227","address":"4650 Fictional Boulevard, San Diego, CA 92101","facility_type":"restaurant","council_district":3,"last_visit":{"date":"2025-12-30","type":"reinspection"},"grade":{"grade":"A","score":94,"date":"2025-12-30","replaced":null,"open_closure":null},"flags":["major","water"],"points":6}},{"type":"Feature","geometry":{"type":"Point","coordinates":[-117.138261,32.831867]},"properties":{"facility_id":"SAMPLE-FFPP-00228","name":"Sample Noodle House 0228","address":"8217 Pretend Place, San Diego, CA 92123","facility_type":"restaurant","council_district":6,"last_visit":{"date":"2025-08-12","type":"routine"},"grade":{"grade":"A","score":98,"date":"2025-08-12","replaced":null,"open_closure":null},"flags":[]}},{"type":"Feature","geometry":{"type":"Point","coordinates":[-117.233619,32.731896]},"properties":{"facility_id":"SAMPLE-FFPP-00229","name":"Sample Taqueria 0229","address":"1573 Demo Court, San Diego, CA 92106","facility_type":"restaurant","council_district":2,"last_visit":{"date":"2026-05-19","type":"routine"},"grade":{"grade":"A","score":94,"date":"2026-05-19","replaced":null,"open_closure":null},"flags":[],"band":"3","points":10}},{"type":"Feature","geometry":{"type":"Point","coordinates":[-117.155269,32.820221]},"properties":{"facility_id":"SAMPLE-FFPP-00230","name":"Sample Pho House 0230","address":"2889 Example Avenue, San Diego, CA 92111","facility_type":"restaurant","council_district":6,"last_visit":{"date":"2025-10-03","type":"routine"},"grade":{"grade":"A","score":98,"date":"2025-10-03","replaced":null,"open_closure":null},"flags":[],"points":2}},{"type":"Feature","geometry":{"type":"Point","coordinates":[-117.062325,32.67497]},"properties":{"facility_id":"SAMPLE-FFPP-00231","name":"Sample Noodle House 0231","address":"140 Sample Row, San Diego, CA 92139","facility_type":"restaurant","council_district":4,"last_visit":{"date":"2026-06-21","type":"reinspection"},"grade":{"grade":"A","score":94,"date":"2026-06-21","replaced":null,"open_closure":null},"flags":["major","temperature"],"band":"3","points":8}},{"type":"Feature","geometry":{"type":"Point","coordinates":[-117.003757,32.578814]},"properties":{"facility_id":"SAMPLE-FFPP-00232","name":"Sample Carniceria 0232","address":"6122 Fictional Boulevard, San Diego, CA 92154","facility_type":"market","council_district":8,"last_visit":{"date":"2025-07-15","type":"routine"},"grade":{"grade":"A","score":98,"date":"2025-07-15","replaced":null,"open_closure":null},"flags":[]}},{"type":"Feature","geometry":{"type":"Point","coordinates":[-117.154862,32.814701]},"properties":{"facility_id":"SAMPLE-FFPP-00233","name":"Sample Noodle House 0233","address":"9111 Placeholder Street, San Diego, CA 92111","facility_type":"restaurant","council_district":6,"last_visit":{"date":"2025-12-26","type":"routine"},"grade":{"grade":"A","score":98,"date":"2025-12-26","replaced":null,"open_closure":null},"flags":[],"points":2}},{"type":"Feature","geometry":{"type":"Point","coordinates":[-117.106818,32.752349]},"properties":{"facility_id":"SAMPLE-FFPP-00234","name":"Sample Grill 0234","address":"6848 Testing Terrace, San Diego, CA 92105","facility_type":"restaurant","council_district":9,"last_visit":{"date":"2025-08-22","type":"routine"},"grade":{"grade":"A","score":98,"date":"2025-08-22","replaced":null,"open_closure":null},"flags":[]}},{"type":"Feature","geometry":{"type":"Point","coordinates":[-117.130392,32.753236]},"properties":{"facility_id":"SAMPLE-FFPP-00235","name":"Sample Market 0235","address":"6354 Specimen Way, San Diego, CA 92104","facility_type":"market","council_district":3,"last_visit":{"date":"2026-05-26","type":"routine"},"grade":{"grade":"A","score":97,"date":"2026-05-26","replaced":null,"open_closure":null},"flags":[]}},{"type":"Feature","geometry":{"type":"Point","coordinates":[-117.169518,32.708178]},"properties":{"facility_id":"SAMPLE-FFPP-00236","name":"Sample Sushi Bar 0236","address":"3797 Example Avenue, San Diego, CA 92101","facility_type":"restaurant","council_district":3,"last_visit":{"date":"2026-04-01","type":"routine"},"grade":{"grade":"A","score":100,"date":"2026-04-01","replaced":null,"open_closure":null},"flags":[],"points":0}},{"type":"Feature","geometry":{"type":"Point","coordinates":[-117.159635,32.767694]},"properties":{"facility_id":"SAMPLE-FFPP-00237","name":"Sample Market 0237","address":"3956 Sample Row, San Diego, CA 92108","facility_type":"market","council_district":7,"last_visit":{"date":"2026-03-10","type":"routine"},"grade":{"grade":"A","score":100,"date":"2026-03-10","replaced":null,"open_closure":null},"flags":[]}},{"type":"Feature","geometry":{"type":"Point","coordinates":[-117.136071,32.920883]},"properties":{"facility_id":"SAMPLE-FFPP-00238","name":"Sample Juice Bar 0238","address":"1876 Demo Court, San Diego, CA 92126","facility_type":"limited","council_district":6,"last_visit":{"date":"2025-12-01","type":"routine"},"grade":{"grade":"A","score":98,"date":"2025-12-01","replaced":null,"open_closure":null},"flags":[]}},{"type":"Feature","geometry":{"type":"Point","coordinates":[-117.168857,32.748305]},"properties":{"facility_id":"SAMPLE-FFPP-00239","name":"Sample Pizzeria 0239","address":"4966 Example Avenue, San Diego, CA 92103","facility_type":"restaurant","council_district":3,"last_visit":{"date":"2026-05-13","type":"routine"},"grade":{"grade":"A","score":98,"date":"2026-05-13","replaced":null,"open_closure":null},"flags":[],"points":2}},{"type":"Feature","geometry":{"type":"Point","coordinates":[-117.160811,32.719776]},"properties":{"facility_id":"SAMPLE-FFPP-00240","name":"Sample Sushi Bar 0240","address":"1035 Mock Lane, San Diego, CA 92101","facility_type":"restaurant","council_district":3,"last_visit":{"date":"2026-01-15","type":"routine"},"grade":{"grade":"A","score":99,"date":"2026-01-15","replaced":null,"open_closure":null},"flags":[],"points":1}},{"type":"Feature","geometry":{"type":"Point","coordinates":[-117.26214,32.844726]},"properties":{"facility_id":"SAMPLE-FFPP-00241","name":"Sample Cafe 0241","address":"9112 Pretend Place, San Diego, CA 92037","facility_type":"restaurant","council_district":1,"last_visit":{"date":"2026-03-23","type":"routine"},"grade":{"grade":"A","score":98,"date":"2026-03-23","replaced":null,"open_closure":null},"flags":[],"points":2}},{"type":"Feature","geometry":{"type":"Point","coordinates":[-117.233198,32.933036]},"properties":{"facility_id":"SAMPLE-FFPP-00242","name":"Sample Tea House 0242","address":"8149 Mock Lane, San Diego, CA 92130","facility_type":"limited","council_district":1,"last_visit":{"date":"2025-11-27","type":"routine"},"grade":{"grade":"A","score":96,"date":"2025-11-27","replaced":null,"open_closure":null},"flags":[]}},{"type":"Feature","geometry":{"type":"Point","coordinates":[-117.050485,32.564795]},"properties":{"facility_id":"SAMPLE-FFPP-00243","name":"Sample Market 0243","address":"1153 Testing Terrace, San Diego, CA 92173","facility_type":"market","council_district":8,"last_visit":{"date":"2026-08-08","type":"reinspection"},"grade":{"grade":"B","score":87,"date":"2026-08-07","replaced":{"grade":"C","score":76,"date":"2026-07-31"},"open_closure":null},"flags":["major","bc","major_2","temperature","water"]}},{"type":"Feature","geometry":{"type":"Point","coordinates":[-117.136614,32.750324]},"properties":{"facility_id":"SAMPLE-FFPP-00244","name":"Sample Noodle House 0244","address":"5930 Mock Lane, San Diego, CA 92104","facility_type":"restaurant","council_district":3,"last_visit":{"date":"2026-07-02","type":"routine"},"grade":{"grade":"A","score":94,"date":"2026-07-02","replaced":null,"open_closure":null},"flags":["major","vermin"],"points":6}},{"type":"Feature","geometry":{"type":"Point","coordinates":[-117.061785,32.780894]},"properties":{"facility_id":"SAMPLE-FFPP-00245","name":"Sample Diner 0245","address":"9389 Pretend Place, San Diego, CA 92115","facility_type":"restaurant","council_district":9,"last_visit":{"date":"2026-01-07","type":"reinspection"},"grade":{"grade":"A","score":92,"date":"2026-01-07","replaced":null,"open_closure":null},"flags":["major","major_2","handsink"],"band":"3","points":8}},{"type":"Feature","geometry":{"type":"Point","coordinates":[-117.118682,32.964815]},"properties":{"facility_id":"SAMPLE-FFPP-00246","name":"Sample Deli Market 0246","address":"6859 Sample Row, San Diego, CA 92129","facility_type":"market","council_district":5,"last_visit":{"date":"2025-10-12","type":"routine"},"grade":{"grade":"A","score":100,"date":"2025-10-12","replaced":null,"open_closure":null},"flags":[]}},{"type":"Feature","geometry":{"type":"Point","coordinates":[-117.005603,32.578522]},"properties":{"facility_id":"SAMPLE-FFPP-00247","name":"Sample Market 0247","address":"8347 Specimen Way, San Diego, CA 92154","facility_type":"market","council_district":8,"last_visit":{"date":"2025-07-16","type":"routine"},"grade":{"grade":"A","score":98,"date":"2025-07-16","replaced":null,"open_closure":null},"flags":[]}},{"type":"Feature","geometry":{"type":"Point","coordinates":[-117.159979,32.712951]},"properties":{"facility_id":"SAMPLE-FFPP-00248","name":"Sample Deli Market 0248","address":"9704 Fictional Boulevard, San Diego, CA 92101","facility_type":"market","council_district":3,"last_visit":{"date":"2025-12-06","type":"routine"},"grade":{"grade":"A","score":97,"date":"2025-12-06","replaced":null,"open_closure":null},"flags":[]}},{"type":"Feature","geometry":{"type":"Point","coordinates":[-117.221394,32.739218]},"properties":{"facility_id":"SAMPLE-FFPP-00249","name":"Sample Cantina 0249","address":"1555 Sample Row, San Diego, CA 92106","facility_type":"restaurant","council_district":2,"last_visit":{"date":"2026-07-21","type":"routine"},"grade":{"grade":"A","score":98,"date":"2026-07-21","replaced":null,"open_closure":null},"flags":[],"points":2}},{"type":"Feature","geometry":{"type":"Point","coordinates":[-117.150531,32.828674]},"properties":{"facility_id":"SAMPLE-FFPP-00250","name":"Sample Cantina 0250","address":"2126 Invented Road, San Diego, CA 92111","facility_type":"restaurant","council_district":6,"last_visit":{"date":"2025-09-22","type":"routine"},"grade":{"grade":"A","score":100,"date":"2025-09-22","replaced":null,"open_closure":null},"flags":[],"points":0}},{"type":"Feature","geometry":{"type":"Point","coordinates":[-117.270694,32.849301]},"properties":{"facility_id":"SAMPLE-FFPP-00251","name":"Sample Noodle House 0251","address":"5317 Placeholder Street, San Diego, CA 92037","facility_type":"restaurant","council_district":1,"last_visit":{"date":"2026-03-02","type":"complaint"},"grade":{"grade":"A","score":96,"date":"2025-09-14","replaced":null,"open_closure":null},"flags":[],"points":4}},{"type":"Feature","geometry":{"type":"Point","coordinates":[-117.158265,32.73273]},"properties":{"facility_id":"SAMPLE-FFPP-00252","name":"Sample Pho House 0252","address":"4793 Placeholder Street, San Diego, CA 92101","facility_type":"restaurant","council_district":3,"last_visit":{"date":"2026-02-23","type":"routine"},"grade":{"grade":"A","score":96,"date":"2026-02-23","replaced":null,"open_closure":null},"flags":[],"points":4}},{"type":"Feature","geometry":{"type":"Point","coordinates":[-117.27862,32.847592]},"properties":{"facility_id":"SAMPLE-FFPP-00253","name":"Sample Grill 0253","address":"1581 Placeholder Street, San Diego, CA 92037","facility_type":"restaurant","council_district":1,"last_visit":{"date":"2026-07-29","type":"routine"},"grade":{"grade":"A","score":98,"date":"2026-07-29","replaced":null,"open_closure":null},"flags":[],"points":5}},{"type":"Feature","geometry":{"type":"Point","coordinates":[-117.144727,32.915494]},"properties":{"facility_id":"SAMPLE-FFPP-00254","name":"Sample Kitchen 0254","address":"9251 Specimen Way, San Diego, CA 92126","facility_type":"restaurant","council_district":6,"last_visit":{"date":"2026-08-06","type":"complaint"},"grade":{"grade":"A","score":96,"date":"2026-06-06","replaced":null,"open_closure":null},"flags":[],"points":4}},{"type":"Feature","geometry":{"type":"Point","coordinates":[-117.062575,32.779502]},"properties":{"facility_id":"SAMPLE-FFPP-00255","name":"Sample Market 0255","address":"9415 Fictional Boulevard, San Diego, CA 92115","facility_type":"market","council_district":9,"last_visit":{"date":"2026-04-24","type":"followup"},"grade":{"grade":"A","score":96,"date":"2025-06-13","replaced":null,"open_closure":{"date":"2026-04-22","reason":"health","later_ungraded":["2026-04-22","2026-04-24"],"status":"Ordered Closed"}},"flags":["major","closed","supplier"]}},{"type":"Feature","geometry":{"type":"Point","coordinates":[-117.039488,32.701389]},"properties":{"facility_id":"SAMPLE-FFPP-00256","name":"Sample Cantina 0256","address":"6442 Testing Terrace, San Diego, CA 92114","facility_type":"restaurant","council_district":4,"last_visit":{"date":"2026-03-26","type":"routine"},"grade":{"grade":"A","score":98,"date":"2026-03-26","replaced":null,"open_closure":null},"flags":[],"points":2}},{"type":"Feature","geometry":{"type":"Point","coordinates":[-117.103229,32.830485]},"properties":{"facility_id":"SAMPLE-FFPP-00257","name":"Sample Grill 0257","address":"7211 Sample Row, San Diego, CA 92124","facility_type":"restaurant","council_district":7,"last_visit":{"date":"2026-05-06","type":"routine"},"grade":{"grade":"A","score":96,"date":"2026-05-06","replaced":null,"open_closure":null},"flags":[],"points":5}},{"type":"Feature","geometry":{"type":"Point","coordinates":[-117.158654,32.768849]},"properties":{"facility_id":"SAMPLE-FFPP-00258","name":"Sample Diner 0258","address":"744 Example Avenue, San Diego, CA 92108","facility_type":"restaurant","council_district":7,"last_visit":{"date":"2026-06-22","type":"reinspection"},"grade":{"grade":"A","score":91,"date":"2026-06-12","replaced":null,"open_closure":null},"flags":["major","water"],"band":"3","points":9}},{"type":"Feature","geometry":{"type":"Point","coordinates":[-117.166052,32.725183]},"properties":{"facility_id":"SAMPLE-FFPP-00259","name":"Sample Grill 0259","address":"6106 Example Avenue, San Diego, CA 92101","facility_type":"restaurant","council_district":3,"last_visit":{"date":"2026-03-29","type":"routine"},"grade":{"grade":"A","score":97,"date":"2026-03-29","replaced":null,"open_closure":null},"flags":[],"points":3}},{"type":"Feature","geometry":{"type":"Point","coordinates":[-117.013956,32.57221]},"properties":{"facility_id":"SAMPLE-FFPP-00260","name":"Sample Deli Market 0260","address":"7663 Testing Terrace, San Diego, CA 92154","facility_type":"market","council_district":8,"last_visit":{"date":"2026-03-11","type":"routine"},"grade":{"grade":"A","score":96,"date":"2026-03-11","replaced":null,"open_closure":null},"flags":[]}},{"type":"Feature","geometry":{"type":"Point","coordinates":[-117.144678,32.912712]},"properties":{"facility_id":"SAMPLE-FFPP-00261","name":"Sample Pho House 0261","address":"9127 Testing Terrace, San Diego, CA 92126","facility_type":"restaurant","council_district":6,"last_visit":{"date":"2026-06-21","type":"routine"},"grade":{"grade":"A","score":98,"date":"2026-06-21","replaced":null,"open_closure":null},"flags":[],"points":6}},{"type":"Feature","geometry":{"type":"Point","coordinates":[-117.145566,32.822332]},"properties":{"facility_id":"SAMPLE-FFPP-00262","name":"Sample Diner 0262","address":"250 Pretend Place, San Diego, CA 92111","facility_type":"restaurant","council_district":6,"last_visit":{"date":"2026-05-23","type":"routine"},"grade":{"grade":"A","score":100,"date":"2026-05-23","replaced":null,"open_closure":null},"flags":[],"points":0}},{"type":"Feature","geometry":{"type":"Point","coordinates":[-117.094645,32.813957]},"properties":{"facility_id":"SAMPLE-FFPP-00263","name":"Sample Market 0263","address":"4472 Example Avenue, San Diego, CA 92124","facility_type":"market","council_district":7,"last_visit":{"date":"2026-04-25","type":"routine"},"grade":{"grade":"A","score":98,"date":"2026-04-25","replaced":null,"open_closure":null},"flags":[]}},{"type":"Feature","geometry":{"type":"Point","coordinates":[-117.150914,32.825139]},"properties":{"facility_id":"SAMPLE-FFPP-00264","name":"Sample Taqueria 0264","address":"4358 Specimen Way, San Diego, CA 92111","facility_type":"restaurant","council_district":6,"last_visit":{"date":"2026-02-20","type":"routine"},"grade":{"grade":"A","score":99,"date":"2026-02-20","replaced":null,"open_closure":null},"flags":[],"points":1}},{"type":"Feature","geometry":{"type":"Point","coordinates":[-117.040983,32.701388]},"properties":{"facility_id":"SAMPLE-FFPP-00265","name":"Sample Coffee Bar 0265","address":"1472 Specimen Way, San Diego, CA 92114","facility_type":"limited","council_district":4,"last_visit":{"date":"2025-12-05","type":"routine"},"grade":{"grade":"A","score":96,"date":"2025-12-05","replaced":null,"open_closure":null},"flags":["major","hands"]}},{"type":"Feature","geometry":{"type":"Point","coordinates":[-117.249804,32.800575]},"properties":{"facility_id":"SAMPLE-FFPP-00266","name":"Sample Noodle House 0266","address":"5304 Fictional Boulevard, San Diego, CA 92109","facility_type":"restaurant","council_district":2,"last_visit":{"date":"2025-11-21","type":"followup"},"grade":{"grade":"B","score":85,"date":"2025-11-21","replaced":{"grade":"C","score":74,"date":"2025-11-10"},"open_closure":null},"flags":["major","bc","hands","vermin"],"band":"1","points":30}},{"type":"Feature","geometry":{"type":"Point","coordinates":[-117.071813,32.781234]},"properties":{"facility_id":"SAMPLE-FFPP-00267","name":"Sample Taqueria 0267","address":"5920 Demo Court, San Diego, CA 92115","facility_type":"restaurant","council_district":9,"last_visit":{"date":"2026-06-22","type":"routine"},"grade":{"grade":"A","score":100,"date":"2026-06-22","replaced":null,"open_closure":null},"flags":[],"points":0}},{"type":"Feature","geometry":{"type":"Point","coordinates":[-117.158516,32.823642]},"properties":{"facility_id":"SAMPLE-FFPP-00268","name":"Sample Noodle House 0268","address":"1301 Pretend Place, San Diego, CA 92111","facility_type":"restaurant","council_district":6,"last_visit":{"date":"2025-09-11","type":"routine"},"grade":{"grade":"A","score":92,"date":"2025-09-11","replaced":null,"open_closure":null},"flags":["major","sewage"],"band":"3","points":8}},{"type":"Feature","geometry":{"type":"Point","coordinates":[-117.086441,32.759048]},"properties":{"facility_id":"SAMPLE-FFPP-00269","name":"Sample Sushi Bar 0269","address":"3436 Pretend Place, San Diego, CA 92105","facility_type":"restaurant","council_district":9,"last_visit":{"date":"2025-11-23","type":"followup"},"grade":{"grade":"A","score":93,"date":"2025-11-23","replaced":{"grade":"B","score":84,"date":"2025-11-05"},"open_closure":null},"flags":["major","bc","knowledge","sewage"],"band":"2","points":16}},{"type":"Feature","geometry":{"type":"Point","coordinates":[-117.245099,32.738357]},"properties":{"facility_id":"SAMPLE-FFPP-00270","name":"Sample Pizzeria 0270","address":"9448 Pretend Place, San Diego, CA 92107","facility_type":"restaurant","council_district":2,"last_visit":{"date":"2026-03-23","type":"complaint"},"grade":{"grade":"A","score":96,"date":"2025-12-23","replaced":null,"open_closure":null},"flags":["major","major_2","water"],"points":4}},{"type":"Feature","geometry":{"type":"Point","coordinates":[-117.117617,32.74493]},"properties":{"facility_id":"SAMPLE-FFPP-00271","name":"Sample Deli Market 0271","address":"3039 Sample Row, San Diego, CA 92105","facility_type":"market","council_district":9,"last_visit":{"date":"2025-11-23","type":"routine"},"grade":{"grade":"A","score":100,"date":"2025-11-23","replaced":null,"open_closure":null},"flags":[]}},{"type":"Feature","geometry":{"type":"Point","coordinates":[-117.121201,32.7607]},"properties":{"facility_id":"SAMPLE-FFPP-00272","name":"Sample Pho House 0272","address":"7642 Sample Row, San Diego, CA 92116","facility_type":"restaurant","council_district":9,"last_visit":{"date":"2026-06-27","type":"routine"},"grade":{"grade":"A","score":96,"date":"2026-06-27","replaced":null,"open_closure":null},"flags":[],"points":6}},{"type":"Feature","geometry":{"type":"Point","coordinates":[-117.187583,32.815097]},"properties":{"facility_id":"SAMPLE-FFPP-00273","name":"Sample Pho House 0273","address":"725 Pretend Place, San Diego, CA 92117","facility_type":"restaurant","council_district":2,"last_visit":{"date":"2026-01-14","type":"routine"},"grade":{"grade":"A","score":97,"date":"2026-01-14","replaced":null,"open_closure":null},"flags":[],"points":3}},{"type":"Feature","geometry":{"type":"Point","coordinates":[-117.114682,32.963453]},"properties":{"facility_id":"SAMPLE-FFPP-00274","name":"Sample Cantina 0274","address":"3087 Demo Court, San Diego, CA 92129","facility_type":"restaurant","council_district":5,"last_visit":{"date":"2025-10-03","type":"routine"},"grade":{"grade":"A","score":98,"date":"2025-10-03","replaced":null,"open_closure":null},"flags":[],"points":2}},{"type":"Feature","geometry":{"type":"Point","coordinates":[-117.182724,32.822146]},"properties":{"facility_id":"SAMPLE-FFPP-00275","name":"Sample Grill 0275","address":"5249 Example Avenue, San Diego, CA 92117","facility_type":"restaurant","council_district":2,"last_visit":{"date":"2026-06-02","type":"routine"},"grade":{"grade":"A","score":94,"date":"2026-06-02","replaced":null,"open_closure":null},"flags":[],"points":6}},{"type":"Feature","geometry":{"type":"Point","coordinates":[-117.269364,32.845031]},"properties":{"facility_id":"SAMPLE-FFPP-00276","name":"Sample Pho House 0276","address":"6892 Placeholder Street, San Diego, CA 92037","facility_type":"restaurant","council_district":1,"last_visit":{"date":"2026-08-01","type":"routine"},"grade":{"grade":"A","score":97,"date":"2026-08-01","replaced":null,"open_closure":null},"flags":[],"points":3}},{"type":"Feature","geometry":{"type":"Point","coordinates":[-117.072294,32.779467]},"properties":{"facility_id":"SAMPLE-FFPP-00277","name":"Sample Deli Market 0277","address":"8099 Invented Road, San Diego, CA 92115","facility_type":"market","council_district":9,"last_visit":{"date":"2026-03-11","type":"routine"},"grade":{"grade":"A","score":98,"date":"2026-03-11","replaced":null,"open_closure":null},"flags":[]}},{"type":"Feature","geometry":{"type":"Point","coordinates":[-117.148698,32.704962]},"properties":{"facility_id":"SAMPLE-FFPP-00278","name":"Sample Deli Market 0278","address":"4356 Example Avenue, San Diego, CA 92101","facility_type":"market","council_district":3,"last_visit":{"date":"2026-02-28","type":"routine"},"grade":{"grade":"A","score":98,"date":"2026-02-28","replaced":null,"open_closure":null},"flags":[]}},{"type":"Feature","geometry":{"type":"Point","coordinates":[-117.141644,32.910094]},"properties":{"facility_id":"SAMPLE-FFPP-00279","name":"Sample Pizzeria 0279","address":"7621 Testing Terrace, San Diego, CA 92126","facility_type":"restaurant","council_district":6,"last_visit":{"date":"2026-07-31","type":"routine"},"grade":{"grade":"A","score":98,"date":"2026-07-31","replaced":null,"open_closure":null},"flags":[],"points":4}},{"type":"Feature","geometry":{"type":"Point","coordinates":[-117.147725,32.71409]},"properties":{"facility_id":"SAMPLE-FFPP-00280","name":"Sample Grill 0280","address":"3090 Pretend Place, San Diego, CA 92101","facility_type":"restaurant","council_district":3,"last_visit":{"date":"2026-04-11","type":"routine"},"grade":{"grade":"A","score":98,"date":"2026-04-11","replaced":null,"open_closure":null},"flags":[],"points":4}},{"type":"Feature","geometry":{"type":"Point","coordinates":[-117.071865,32.767665]},"properties":{"facility_id":"SAMPLE-FFPP-00281","name":"Sample Grocery 0281","address":"2969 Mock Lane, San Diego, CA 92115","facility_type":"market","council_district":9,"last_visit":{"date":"2026-02-15","type":"routine"},"grade":{"grade":"A","score":100,"date":"2026-02-15","replaced":null,"open_closure":null},"flags":[]}},{"type":"Feature","geometry":{"type":"Point","coordinates":[-117.278257,32.842155]},"properties":{"facility_id":"SAMPLE-FFPP-00282","name":"Sample Noodle House 0282","address":"7321 Testing Terrace, San Diego, CA 92037","facility_type":"restaurant","council_district":1,"last_visit":{"date":"2026-04-17","type":"routine"},"grade":{"grade":"A","score":100,"date":"2026-04-17","replaced":null,"open_closure":null},"flags":[],"points":0}},{"type":"Feature","geometry":{"type":"Point","coordinates":[-117.033676,32.69715]},"properties":{"facility_id":"SAMPLE-FFPP-00283","name":"Sample Grill 0283","address":"5971 Mock Lane, San Diego, CA 92114","facility_type":"restaurant","council_district":4,"last_visit":{"date":"2026-04-26","type":"complaint"},"grade":{"grade":"A","score":98,"date":"2026-02-23","replaced":null,"open_closure":null},"flags":[],"points":2}},{"type":"Feature","geometry":{"type":"Point","coordinates":[-117.116788,32.771595]},"properties":{"facility_id":"SAMPLE-FFPP-00284","name":"Sample Diner 0284","address":"7427 Mock Lane, San Diego, CA 92116","facility_type":"restaurant","council_district":9,"last_visit":{"date":"2025-12-11","type":"routine"},"grade":{"grade":"A","score":98,"date":"2025-12-11","replaced":null,"open_closure":null},"flags":[],"points":4}},{"type":"Feature","geometry":{"type":"Point","coordinates":[-117.154026,32.704601]},"properties":{"facility_id":"SAMPLE-FFPP-00285","name":"Sample Coffee Bar 0285","address":"5353 Sample Row, San Diego, CA 92101","facility_type":"limited","council_district":3,"last_visit":{"date":"2026-06-19","type":"routine"},"grade":{"grade":"A","score":98,"date":"2026-06-19","replaced":null,"open_closure":null},"flags":[]}},{"type":"Feature","geometry":{"type":"Point","coordinates":[-117.160504,32.741778]},"properties":{"facility_id":"SAMPLE-FFPP-00286","name":"Sample Cantina 0286","address":"1722 Demo Court, San Diego, CA 92103","facility_type":"restaurant","council_district":3,"last_visit":{"date":"2026-08-16","type":"reinspection"},"grade":{"grade":"A","score":94,"date":"2026-08-16","replaced":null,"open_closure":null},"flags":["major","vermin"],"points":6}},{"type":"Feature","geometry":{"type":"Point","coordinates":[-117.122148,32.748335]},"properties":{"facility_id":"SAMPLE-FFPP-00287","name":"Sample Market 0287","address":"5784 Sample Row, San Diego, CA 92104","facility_type":"market","council_district":3,"last_visit":{"date":"2025-07-28","type":"routine"},"grade":{"grade":"A","score":99,"date":"2025-07-28","replaced":null,"open_closure":null},"flags":[]}},{"type":"Feature","geometry":{"type":"Point","coordinates":[-117.153822,32.746935]},"properties":{"facility_id":"SAMPLE-FFPP-00288","name":"Sample Diner 0288","address":"6808 Mock Lane, San Diego, CA 92103","facility_type":"restaurant","council_district":3,"last_visit":{"date":"2025-12-08","type":"routine"},"grade":{"grade":"A","score":94,"date":"2025-12-08","replaced":null,"open_closure":null},"flags":[],"band":"3","points":8}},{"type":"Feature","geometry":{"type":"Point","coordinates":[-117.145268,32.916242]},"properties":{"facility_id":"SAMPLE-FFPP-00289","name":"Sample Grill 0289","address":"9800 Placeholder Street, San Diego, CA 92126","facility_type":"restaurant","council_district":6,"last_visit":{"date":"2026-05-04","type":"routine"},"grade":{"grade":"A","score":98,"date":"2026-05-04","replaced":null,"open_closure":null},"flags":["major","vermin"],"points":7}},{"type":"Feature","geometry":{"type":"Point","coordinates":[-117.149503,32.762408]},"properties":{"facility_id":"SAMPLE-FFPP-00290","name":"Sample Carniceria 0290","address":"2714 Fictional Boulevard, San Diego, CA 92108","facility_type":"market","council_district":7,"last_visit":{"date":"2026-02-15","type":"routine"},"grade":{"grade":"A","score":99,"date":"2026-02-15","replaced":null,"open_closure":null},"flags":[]}},{"type":"Feature","geometry":{"type":"Point","coordinates":[-117.03558,32.568297]},"properties":{"facility_id":"SAMPLE-FFPP-00291","name":"Sample Deli Market 0291","address":"3194 Demo Court, San Diego, CA 92173","facility_type":"market","council_district":8,"last_visit":{"date":"2026-04-30","type":"routine"},"grade":{"grade":"A","score":100,"date":"2026-04-30","replaced":null,"open_closure":null},"flags":[]}},{"type":"Feature","geometry":{"type":"Point","coordinates":[-117.159003,32.703651]},"properties":{"facility_id":"SAMPLE-FFPP-00292","name":"Sample Cantina 0292","address":"5631 Example Avenue, San Diego, CA 92101","facility_type":"restaurant","council_district":3,"last_visit":{"date":"2026-05-02","type":"routine"},"grade":{"grade":"A","score":98,"date":"2026-05-02","replaced":null,"open_closure":null},"flags":[],"points":2}},{"type":"Feature","geometry":{"type":"Point","coordinates":[-117.036315,32.547865]},"properties":{"facility_id":"SAMPLE-FFPP-00293","name":"Sample Noodle House 0293","address":"9200 Mock Lane, San Diego, CA 92173","facility_type":"restaurant","council_district":8,"last_visit":{"date":"2026-06-21","type":"routine"},"grade":{"grade":"A","score":94,"date":"2026-06-21","replaced":null,"open_closure":null},"flags":["major","sanitizing"],"points":4}},{"type":"Feature","geometry":{"type":"Point","coordinates":[-117.102658,32.816377]},"properties":{"facility_id":"SAMPLE-FFPP-00294","name":"Sample Kitchen 0294","address":"6823 Testing Terrace, San Diego, CA 92124","facility_type":"restaurant","council_district":7,"last_visit":{"date":"2026-04-24","type":"followup"},"grade":{"grade":"A","score":97,"date":"2025-03-20","replaced":null,"open_closure":{"date":"2026-04-22","reason":"health","later_ungraded":["2026-04-24"],"status":"Ordered Closed"}},"flags":["major","closed","condition"],"band":"1","points":34}},{"type":"Feature","geometry":{"type":"Point","coordinates":[-117.261421,32.748391]},"properties":{"facility_id":"SAMPLE-FFPP-00295","name":"Sample Pho House 0295","address":"8682 Demo Court, San Diego, CA 92107","facility_type":"restaurant","council_district":2,"last_visit":{"date":"2025-10-16","type":"routine"},"grade":{"grade":"A","score":96,"date":"2025-10-16","replaced":null,"open_closure":null},"flags":[],"points":4}},{"type":"Feature","geometry":{"type":"Point","coordinates":[-117.116756,32.965166]},"properties":{"facility_id":"SAMPLE-FFPP-00296","name":"Sample Cantina 0296","address":"6461 Testing Terrace, San Diego, CA 92129","facility_type":"restaurant","council_district":5,"last_visit":{"date":"2026-06-10","type":"routine"},"grade":{"grade":"A","score":96,"date":"2026-06-10","replaced":null,"open_closure":null},"flags":[],"points":6}},{"type":"Feature","geometry":{"type":"Point","coordinates":[-117.099558,32.75045]},"properties":{"facility_id":"SAMPLE-FFPP-00297","name":"Sample Sushi Bar 0297","address":"6957 Pretend Place, San Diego, CA 92105","facility_type":"restaurant","council_district":9,"last_visit":{"date":"2026-08-27","type":"routine"},"grade":{"grade":"A","score":90,"date":"2026-08-27","replaced":null,"open_closure":null},"flags":["major","closed","major_2","temperature","sewage"],"band":"2","points":26}},{"type":"Feature","geometry":{"type":"Point","coordinates":[-117.282477,32.846025]},"properties":{"facility_id":"SAMPLE-FFPP-00298","name":"Sample Juice Bar 0298","address":"8709 Example Avenue, San Diego, CA 92037","facility_type":"limited","council_district":1,"last_visit":{"date":"2026-01-22","type":"complaint"},"grade":{"grade":"A","score":99,"date":"2025-12-20","replaced":null,"open_closure":null},"flags":[]}},{"type":"Feature","geometry":{"type":"Point","coordinates":[-117.172943,32.71685]},"properties":{"facility_id":"SAMPLE-FFPP-00299","name":"Sample Cafe 0299","address":"3861 Testing Terrace, San Diego, CA 92101","facility_type":"restaurant","council_district":3,"last_visit":{"date":"2026-01-07","type":"routine"},"grade":{"grade":"A","score":98,"date":"2026-01-07","replaced":null,"open_closure":null},"flags":[],"points":2}},{"type":"Feature","geometry":{"type":"Point","coordinates":[-117.060196,32.705877]},"properties":{"facility_id":"SAMPLE-FFPP-00300","name":"Sample Taqueria 0300","address":"3604 Fictional Boulevard, San Diego, CA 92114","facility_type":"restaurant","council_district":4,"last_visit":{"date":"2026-03-26","type":"routine"},"grade":{"grade":"A","score":96,"date":"2026-03-26","replaced":null,"open_closure":null},"flags":[],"points":7}},{"type":"Feature","geometry":{"type":"Point","coordinates":[-117.159189,32.741099]},"properties":{"facility_id":"SAMPLE-FFPP-00301","name":"Sample Diner 0301","address":"3207 Sample Row, San Diego, CA 92103","facility_type":"restaurant","council_district":3,"last_visit":{"date":"2025-11-10","type":"reinspection"},"grade":{"grade":"A","score":97,"date":"2025-11-05","replaced":null,"open_closure":null},"flags":["major","closed","water"],"band":"1","points":30}},{"type":"Feature","geometry":{"type":"Point","coordinates":[-117.155297,32.717833]},"properties":{"facility_id":"SAMPLE-FFPP-00302","name":"Sample Juice Bar 0302","address":"7271 Mock Lane, San Diego, CA 92101","facility_type":"limited","council_district":3,"last_visit":{"date":"2026-03-31","type":"routine"},"grade":{"grade":"A","score":96,"date":"2026-03-31","replaced":null,"open_closure":null},"flags":[]}},{"type":"Feature","geometry":{"type":"Point","coordinates":[-117.035624,32.560634]},"properties":{"facility_id":"SAMPLE-FFPP-00303","name":"Sample Carniceria 0303","address":"8847 Pretend Place, San Diego, CA 92173","facility_type":"market","council_district":8,"last_visit":{"date":"2025-10-21","type":"routine"},"grade":{"grade":"A","score":98,"date":"2025-10-21","replaced":null,"open_closure":null},"flags":[]}},{"type":"Feature","geometry":{"type":"Point","coordinates":[-117.093385,32.824597]},"properties":{"facility_id":"SAMPLE-FFPP-00304","name":"Sample Coffee Bar 0304","address":"3900 Sample Row, San Diego, CA 92124","facility_type":"limited","council_district":7,"last_visit":{"date":"2025-12-27","type":"routine"},"grade":{"grade":"A","score":98,"date":"2025-12-27","replaced":null,"open_closure":null},"flags":[]}},{"type":"Feature","geometry":{"type":"Point","coordinates":[-117.281182,32.846011]},"properties":{"facility_id":"SAMPLE-FFPP-00305","name":"Sample Grill 0305","address":"5382 Mock Lane, San Diego, CA 92037","facility_type":"restaurant","council_district":1,"last_visit":{"date":"2026-01-02","type":"routine"},"grade":{"grade":"A","score":98,"date":"2026-01-02","replaced":null,"open_closure":null},"flags":[],"points":2}},{"type":"Feature","geometry":{"type":"Point","coordinates":[-117.043211,32.690812]},"properties":{"facility_id":"SAMPLE-FFPP-00306","name":"Sample Grocery 0306","address":"5766 Testing Terrace, San Diego, CA 92139","facility_type":"market","council_district":4,"last_visit":{"date":"2025-12-16","type":"routine"},"grade":{"grade":"A","score":96,"date":"2025-12-16","replaced":null,"open_closure":null},"flags":["major","temperature"]}},{"type":"Feature","geometry":{"type":"Point","coordinates":[-117.045469,32.556362]},"properties":{"facility_id":"SAMPLE-FFPP-00307","name":"Sample Market 0307","address":"850 Demo Court, San Diego, CA 92173","facility_type":"market","council_district":8,"last_visit":{"date":"2025-06-26","type":"routine"},"grade":{"grade":"A","score":96,"date":"2025-06-26","replaced":null,"open_closure":null},"flags":[]}},{"type":"Feature","geometry":{"type":"Point","coordinates":[-117.036376,32.547007]},"properties":{"facility_id":"SAMPLE-FFPP-00308","name":"Sample Pho House 0308","address":"7957 Pretend Place, San Diego, CA 92173","facility_type":"restaurant","council_district":8,"last_visit":{"date":"2026-03-17","type":"routine"},"grade":{"grade":"A","score":96,"date":"2026-03-17","replaced":null,"open_closure":null},"flags":[],"points":4}},{"type":"Feature","geometry":{"type":"Point","coordinates":[-117.030967,32.555425]},"properties":{"facility_id":"SAMPLE-FFPP-00309","name":"Sample Noodle House 0309","address":"4897 Mock Lane, San Diego, CA 92173","facility_type":"restaurant","council_district":8,"last_visit":{"date":"2026-08-16","type":"routine"},"grade":{"grade":"A","score":99,"date":"2026-08-16","replaced":null,"open_closure":null},"flags":[],"points":1}},{"type":"Feature","geometry":{"type":"Point","coordinates":[-117.164229,32.721478]},"properties":{"facility_id":"SAMPLE-FFPP-00310","name":"Sample Diner 0310","address":"4324 Invented Road, San Diego, CA 92101","facility_type":"restaurant","council_district":3,"last_visit":{"date":"2026-02-04","type":"routine"},"grade":{"grade":"A","score":100,"date":"2026-02-04","replaced":null,"open_closure":null},"flags":[],"points":0}},{"type":"Feature","geometry":{"type":"Point","coordinates":[-117.155989,32.703398]},"properties":{"facility_id":"SAMPLE-FFPP-00311","name":"Sample Cafe 0311","address":"2875 Example Avenue, San Diego, CA 92101","facility_type":"restaurant","council_district":3,"last_visit":{"date":"2026-08-05","type":"complaint"},"grade":{"grade":"A","score":96,"date":"2026-04-21","replaced":null,"open_closure":null},"flags":[],"points":3}},{"type":"Feature","geometry":{"type":"Point","coordinates":[-117.102516,32.905718]},"properties":{"facility_id":"SAMPLE-FFPP-00312","name":"Sample Juice Bar 0312","address":"3460 Pretend Place, San Diego, CA 92131","facility_type":"limited","council_district":5,"last_visit":{"date":"2025-12-28","type":"followup"},"grade":{"grade":"B","score":88,"date":"2025-12-28","replaced":null,"open_closure":null},"flags":["major","closed","advisory"]}},{"type":"Feature","geometry":{"type":"Point","coordinates":[-117.13258,32.90958]},"properties":{"facility_id":"SAMPLE-FFPP-00313","name":"Sample Cantina 0313","address":"2772 Specimen Way, San Diego, CA 92126","facility_type":"restaurant","council_district":6,"last_visit":{"date":"2026-07-15","type":"routine"},"grade":{"grade":"A","score":98,"date":"2026-07-15","replaced":null,"open_closure":null},"flags":[],"points":2}},{"type":"Feature","geometry":{"type":"Point","coordinates":[-117.103597,32.910702]},"properties":{"facility_id":"SAMPLE-FFPP-00314","name":"Sample Grill 0314","address":"7450 Fictional Boulevard, San Diego, CA 92131","facility_type":"restaurant","council_district":5,"last_visit":{"date":"2026-07-03","type":"routine"},"grade":{"grade":"A","score":95,"date":"2026-07-03","replaced":null,"open_closure":null},"flags":[],"points":7}},{"type":"Feature","geometry":{"type":"Point","coordinates":[-117.172888,32.746752]},"properties":{"facility_id":"SAMPLE-FFPP-00315","name":"Sample Kitchen 0315","address":"6640 Pretend Place, San Diego, CA 92103","facility_type":"restaurant","council_district":3,"last_visit":{"date":"2026-05-05","type":"routine"},"grade":{"grade":"A","score":100,"date":"2026-05-05","replaced":null,"open_closure":null},"flags":[],"points":1}},{"type":"Feature","geometry":{"type":"Point","coordinates":[-117.081484,32.777454]},"properties":{"facility_id":"SAMPLE-FFPP-00316","name":"Sample Snack Bar 0316","address":"6445 Fictional Boulevard, San Diego, CA 92115","facility_type":"limited","council_district":9,"last_visit":{"date":"2025-08-12","type":"routine"},"grade":{"grade":"A","score":96,"date":"2025-08-12","replaced":null,"open_closure":null},"flags":[]}},{"type":"Feature","geometry":{"type":"Point","coordinates":[-117.156656,32.710699]},"properties":{"facility_id":"SAMPLE-FFPP-00317","name":"Sample Noodle House 0317","address":"3699 Specimen Way, San Diego, CA 92101","facility_type":"restaurant","council_district":3,"last_visit":{"date":"2025-12-19","type":"routine"},"grade":{"grade":"A","score":97,"date":"2025-12-19","replaced":null,"open_closure":null},"flags":[],"points":3}},{"type":"Feature","geometry":{"type":"Point","coordinates":[-117.01534,32.581622]},"properties":{"facility_id":"SAMPLE-FFPP-00318","name":"Sample Cafe 0318","address":"8334 Mock Lane, San Diego, CA 92154","facility_type":"restaurant","council_district":8,"last_visit":{"date":"2026-04-09","type":"routine"},"grade":{"grade":"A","score":99,"date":"2026-04-09","replaced":null,"open_closure":null},"flags":[],"points":1}},{"type":"Feature","geometry":{"type":"Point","coordinates":[-117.145237,32.715061]},"properties":{"facility_id":"SAMPLE-FFPP-00319","name":"Sample Cafe 0319","address":"6867 Testing Terrace, San Diego, CA 92101","facility_type":"restaurant","council_district":3,"last_visit":{"date":"2026-04-18","type":"routine"},"grade":{"grade":"A","score":97,"date":"2026-04-18","replaced":null,"open_closure":null},"flags":[],"points":3}},{"type":"Feature","geometry":{"type":"Point","coordinates":[-117.040291,32.545623]},"properties":{"facility_id":"SAMPLE-FFPP-00320","name":"Sample Diner 0320","address":"9523 Mock Lane, San Diego, CA 92173","facility_type":"restaurant","council_district":8,"last_visit":{"date":"2026-08-22","type":"routine"},"grade":{"grade":"A","score":96,"date":"2026-08-22","replaced":null,"open_closure":null},"flags":[],"points":5}},{"type":"Feature","geometry":{"type":"Point","coordinates":[-117.199599,32.825445]},"properties":{"facility_id":"SAMPLE-FFPP-00321","name":"Sample Diner 0321","address":"7733 Mock Lane, San Diego, CA 92117","facility_type":"restaurant","council_district":2,"last_visit":{"date":"2026-02-19","type":"routine"},"grade":{"grade":"A","score":90,"date":"2026-02-19","replaced":null,"open_closure":null},"flags":["major","major_2","repeat_item","condition"],"band":"3","points":10}},{"type":"Feature","geometry":{"type":"Point","coordinates":[-117.227434,32.72894]},"properties":{"facility_id":"SAMPLE-FFPP-00322","name":"Sample Pizzeria 0322","address":"3089 Demo Court, San Diego, CA 92106","facility_type":"restaurant","council_district":2,"last_visit":{"date":"2026-08-01","type":"routine"},"grade":{"grade":"A","score":96,"date":"2026-08-01","replaced":null,"open_closure":null},"flags":[],"points":4}},{"type":"Feature","geometry":{"type":"Point","coordinates":[-117.152599,32.829178]},"properties":{"facility_id":"SAMPLE-FFPP-00323","name":"Sample Taqueria 0323","address":"7137 Sample Row, San Diego, CA 92111","facility_type":"restaurant","council_district":6,"last_visit":{"date":"2025-11-27","type":"routine"},"grade":{"grade":"A","score":96,"date":"2025-11-27","replaced":null,"open_closure":null},"flags":[],"points":4}},{"type":"Feature","geometry":{"type":"Point","coordinates":[-117.165511,32.735704]},"properties":{"facility_id":"SAMPLE-FFPP-00324","name":"Sample Pizzeria 0324","address":"4458 Example Avenue, San Diego, CA 92103","facility_type":"restaurant","council_district":3,"last_visit":{"date":"2026-04-09","type":"routine"},"grade":{"grade":"A","score":99,"date":"2026-04-09","replaced":null,"open_closure":null},"flags":["major","temperature"],"points":6}},{"type":"Feature","geometry":{"type":"Point","coordinates":[-117.159511,32.820703]},"properties":{"facility_id":"SAMPLE-FFPP-00325","name":"Sample Taqueria 0325","address":"9212 Placeholder Street, San Diego, CA 92111","facility_type":"restaurant","council_district":6,"last_visit":{"date":"2025-09-17","type":"routine"},"grade":{"grade":"A","score":98,"date":"2025-09-17","replaced":null,"open_closure":null},"flags":[],"points":2}},{"type":"Feature","geometry":{"type":"Point","coordinates":[-117.161798,32.772687]},"properties":{"facility_id":"SAMPLE-FFPP-00326","name":"Sample Deli Market 0326","address":"6762 Example Avenue, San Diego, CA 92108","facility_type":"market","council_district":7,"last_visit":{"date":"2025-10-04","type":"routine"},"grade":{"grade":"A","score":98,"date":"2025-10-04","replaced":null,"open_closure":null},"flags":[]}},{"type":"Feature","geometry":{"type":"Point","coordinates":[-117.149698,32.835554]},"properties":{"facility_id":"SAMPLE-FFPP-00327","name":"Sample Noodle House 0327","address":"9885 Sample Row, San Diego, CA 92111","facility_type":"restaurant","council_district":6,"last_visit":{"date":"2026-08-24","type":"routine"},"grade":{"grade":"A","score":97,"date":"2026-08-24","replaced":null,"open_closure":null},"flags":[],"points":3}},{"type":"Feature","geometry":{"type":"Point","coordinates":[-117.278365,32.850405]},"properties":{"facility_id":"SAMPLE-FFPP-00328","name":"Sample Grocery 0328","address":"5072 Placeholder Street, San Diego, CA 92037","facility_type":"market","council_district":1,"last_visit":{"date":"2026-01-04","type":"routine"},"grade":{"grade":"A","score":98,"date":"2026-01-04","replaced":null,"open_closure":null},"flags":[]}},{"type":"Feature","geometry":{"type":"Point","coordinates":[-117.188361,32.818118]},"properties":{"facility_id":"SAMPLE-FFPP-00329","name":"Sample Deli Market 0329","address":"3839 Specimen Way, San Diego, CA 92117","facility_type":"market","council_district":2,"last_visit":{"date":"2025-07-21","type":"routine"},"grade":{"grade":"A","score":98,"date":"2025-07-21","replaced":null,"open_closure":null},"flags":[]}},{"type":"Feature","geometry":{"type":"Point","coordinates":[-117.24024,32.796777]},"properties":{"facility_id":"SAMPLE-FFPP-00330","name":"Sample Noodle House 0330","address":"4014 Placeholder Street, San Diego, CA 92109","facility_type":"restaurant","council_district":2,"last_visit":{"date":"2025-10-12","type":"routine"},"grade":{"grade":"A","score":98,"date":"2025-10-12","replaced":null,"open_closure":null},"flags":[],"points":4}},{"type":"Feature","geometry":{"type":"Point","coordinates":[-117.143252,32.844206]},"properties":{"facility_id":"SAMPLE-FFPP-00331","name":"Sample Carniceria 0331","address":"8490 Sample Row, San Diego, CA 92123","facility_type":"market","council_district":6,"last_visit":{"date":"2026-08-04","type":"routine"},"grade":{"grade":"A","score":92,"date":"2026-08-04","replaced":null,"open_closure":null},"flags":["major","major_2","temperature"]}},{"type":"Feature","geometry":{"type":"Point","coordinates":[-117.226219,32.739813]},"properties":{"facility_id":"SAMPLE-FFPP-00332","name":"Sample Deli Market 0332","address":"5814 Demo Court, San Diego, CA 92106","facility_type":"market","council_district":2,"last_visit":{"date":"2026-05-13","type":"routine"},"grade":{"grade":"A","score":98,"date":"2026-05-13","replaced":null,"open_closure":null},"flags":[]}},{"type":"Feature","geometry":{"type":"Point","coordinates":[-117.10505,32.760899]},"properties":{"facility_id":"SAMPLE-FFPP-00333","name":"Sample Taqueria 0333","address":"4183 Invented Road, San Diego, CA 92116","facility_type":"restaurant","council_district":9,"last_visit":{"date":"2026-07-10","type":"reinspection"},"grade":{"grade":"A","score":94,"date":"2026-07-10","replaced":null,"open_closure":null},"flags":["major","major_2","temperature","vermin"],"points":7}},{"type":"Feature","geometry":{"type":"Point","coordinates":[-117.077271,33.019268]},"properties":{"facility_id":"SAMPLE-FFPP-00334","name":"Sample Noodle House 0334","address":"1432 Placeholder Street, San Diego, CA 92128","facility_type":"restaurant","council_district":5,"last_visit":{"date":"2026-05-05","type":"routine"},"grade":{"grade":"A","score":100,"date":"2026-05-05","replaced":null,"open_closure":null},"flags":["major","major_2","process"],"points":3}},{"type":"Feature","geometry":{"type":"Point","coordinates":[-117.180032,32.816122]},"properties":{"facility_id":"SAMPLE-FFPP-00335","name":"Sample Taqueria 0335","address":"1946 Placeholder Street, San Diego, CA 92117","facility_type":"restaurant","council_district":2,"last_visit":{"date":"2026-05-14","type":"routine"},"grade":{"grade":"A","score":98,"date":"2026-05-14","replaced":null,"open_closure":null},"flags":[],"points":4}},{"type":"Feature","geometry":{"type":"Point","coordinates":[-117.173616,32.706758]},"properties":{"facility_id":"SAMPLE-FFPP-00336","name":"Sample Snack Bar 0336","address":"6767 Mock Lane, San Diego, CA 92101","facility_type":"limited","council_district":3,"last_visit":{"date":"2025-12-31","type":"routine"},"grade":{"grade":"A","score":100,"date":"2025-12-31","replaced":null,"open_closure":null},"flags":[]}},{"type":"Feature","geometry":{"type":"Point","coordinates":[-117.073869,32.766358]},"properties":{"facility_id":"SAMPLE-FFPP-00337","name":"Sample Juice Bar 0337","address":"5130 Sample Row, San Diego, CA 92115","facility_type":"limited","council_district":9,"last_visit":{"date":"2026-08-26","type":"routine"},"grade":{"grade":"A","score":96,"date":"2026-08-26","replaced":null,"open_closure":null},"flags":[]}},{"type":"Feature","geometry":{"type":"Point","coordinates":[-117.277636,32.839975]},"properties":{"facility_id":"SAMPLE-FFPP-00338","name":"Sample Cafe 0338","address":"2992 Sample Row, San Diego, CA 92037","facility_type":"restaurant","council_district":1,"last_visit":{"date":"2026-05-12","type":"routine"},"grade":{"grade":"A","score":100,"date":"2026-05-12","replaced":null,"open_closure":null},"flags":[],"points":0}},{"type":"Feature","geometry":{"type":"Point","coordinates":[-117.213693,32.721914]},"properties":{"facility_id":"SAMPLE-FFPP-00339","name":"Sample Sushi Bar 0339","address":"3210 Mock Lane, San Diego, CA 92106","facility_type":"restaurant","council_district":2,"last_visit":{"date":"2026-02-03","type":"routine"},"grade":{"grade":"A","score":100,"date":"2026-02-03","replaced":null,"open_closure":null},"flags":[],"points":0}},{"type":"Feature","geometry":{"type":"Point","coordinates":[-117.255551,32.801056]},"properties":{"facility_id":"SAMPLE-FFPP-00340","name":"Sample Pho House 0340","address":"2251 Placeholder Street, San Diego, CA 92109","facility_type":"restaurant","council_district":2,"last_visit":{"date":"2025-10-04","type":"followup"},"grade":{"grade":"A","score":95,"date":"2025-10-04","replaced":{"grade":"B","score":88,"date":"2025-09-16"},"open_closure":null},"flags":["major","bc","hands","sewage"],"band":"2","points":16}},{"type":"Feature","geometry":{"type":"Point","coordinates":[-117.156989,32.717333]},"properties":{"facility_id":"SAMPLE-FFPP-00341","name":"Sample Kitchen 0341","address":"691 Specimen Way, San Diego, CA 92101","facility_type":"restaurant","council_district":3,"last_visit":{"date":"2026-05-07","type":"routine"},"grade":{"grade":"A","score":96,"date":"2026-05-07","replaced":null,"open_closure":null},"flags":[],"points":4}},{"type":"Feature","geometry":{"type":"Point","coordinates":[-117.154626,32.763606]},"properties":{"facility_id":"SAMPLE-FFPP-00342","name":"Sample Grocery 0342","address":"6569 Example Avenue, San Diego, CA 92108","facility_type":"market","council_district":7,"last_visit":{"date":"2026-06-01","type":"routine"},"grade":{"grade":"A","score":98,"date":"2026-06-01","replaced":null,"open_closure":null},"flags":[]}},{"type":"Feature","geometry":{"type":"Point","coordinates":[-117.060805,32.7784]},"properties":{"facility_id":"SAMPLE-FFPP-00343","name":"Sample Cantina 0343","address":"5261 Mock Lane, San Diego, CA 92115","facility_type":"restaurant","council_district":9,"last_visit":{"date":"2026-07-12","type":"routine"},"grade":{"grade":"A","score":98,"date":"2026-07-12","replaced":null,"open_closure":null},"flags":[],"points":2}},{"type":"Feature","geometry":{"type":"Point","coordinates":[-117.279143,32.846058]},"properties":{"facility_id":"SAMPLE-FFPP-00344","name":"Sample Pho House 0344","address":"4894 Demo Court, San Diego, CA 92037","facility_type":"restaurant","council_district":1,"last_visit":{"date":"2026-06-11","type":"routine"},"grade":{"grade":"A","score":99,"date":"2026-06-11","replaced":null,"open_closure":null},"flags":[],"points":0}},{"type":"Feature","geometry":{"type":"Point","coordinates":[-117.139468,32.695946]},"properties":{"facility_id":"SAMPLE-FFPP-00345","name":"Sample Pizzeria 0345","address":"5056 Mock Lane, San Diego, CA 92113","facility_type":"restaurant","council_district":8,"last_visit":{"date":"2026-06-30","type":"routine"},"grade":{"grade":"A","score":96,"date":"2026-06-30","replaced":null,"open_closure":null},"flags":[],"points":4}},{"type":"Feature","geometry":{"type":"Point","coordinates":[-117.135097,32.915892]},"properties":{"facility_id":"SAMPLE-FFPP-00346","name":"Sample Taqueria 0346","address":"2322 Sample Row, San Diego, CA 92126","facility_type":"restaurant","council_district":6,"last_visit":{"date":"2025-11-11","type":"routine"},"grade":{"grade":"A","score":97,"date":"2025-11-11","replaced":null,"open_closure":null},"flags":[],"points":7}},{"type":"Feature","geometry":{"type":"Point","coordinates":[-117.172582,32.709117]},"properties":{"facility_id":"SAMPLE-FFPP-00347","name":"Sample Cantina 0347","address":"6319 Sample Row, San Diego, CA 92101","facility_type":"restaurant","council_district":3,"last_visit":{"date":"2026-01-13","type":"routine"},"grade":{"grade":"A","score":97,"date":"2026-01-13","replaced":null,"open_closure":null},"flags":[],"points":3}},{"type":"Feature","geometry":{"type":"Point","coordinates":[-117.240802,32.740669]},"properties":{"facility_id":"SAMPLE-FFPP-00348","name":"Sample Cafe 0348","address":"5447 Demo Court, San Diego, CA 92106","facility_type":"restaurant","council_district":2,"last_visit":{"date":"2026-05-31","type":"routine"},"grade":{"grade":"A","score":100,"date":"2026-05-31","replaced":null,"open_closure":null},"flags":[],"points":0}},{"type":"Feature","geometry":{"type":"Point","coordinates":[-117.258371,32.791162]},"properties":{"facility_id":"SAMPLE-FFPP-00349","name":"Sample Cantina 0349","address":"305 Fictional Boulevard, San Diego, CA 92109","facility_type":"restaurant","council_district":2,"last_visit":{"date":"2026-07-16","type":"reinspection"},"grade":{"grade":"A","score":94,"date":"2026-07-03","replaced":null,"open_closure":null},"flags":["major","sanitizing"],"band":"3","points":10}},{"type":"Feature","geometry":{"type":"Point","coordinates":[-117.160068,32.829853]},"properties":{"facility_id":"SAMPLE-FFPP-00350","name":"Sample Cantina 0350","address":"8779 Invented Road, San Diego, CA 92111","facility_type":"restaurant","council_district":6,"last_visit":{"date":"2025-09-03","type":"routine"},"grade":{"grade":"A","score":98,"date":"2025-09-03","replaced":null,"open_closure":null},"flags":[],"points":2}},{"type":"Feature","geometry":{"type":"Point","coordinates":[-117.094155,32.750272]},"properties":{"facility_id":"SAMPLE-FFPP-00351","name":"Sample Cafe 0351","address":"8156 Sample Row, San Diego, CA 92105","facility_type":"restaurant","council_district":9,"last_visit":{"date":"2026-05-05","type":"routine"},"grade":{"grade":"A","score":98,"date":"2026-05-05","replaced":null,"open_closure":null},"flags":[],"points":4}},{"type":"Feature","geometry":{"type":"Point","coordinates":[-117.159543,32.768785]},"properties":{"facility_id":"SAMPLE-FFPP-00352","name":"Sample Pizzeria 0352","address":"4916 Demo Court, San Diego, CA 92108","facility_type":"restaurant","council_district":7,"last_visit":{"date":"2025-09-05","type":"routine"},"grade":{"grade":"A","score":98,"date":"2025-09-05","replaced":null,"open_closure":null},"flags":[],"points":2}},{"type":"Feature","geometry":{"type":"Point","coordinates":[-117.153259,32.917952]},"properties":{"facility_id":"SAMPLE-FFPP-00353","name":"Sample Sushi Bar 0353","address":"3723 Invented Road, San Diego, CA 92126","facility_type":"restaurant","council_district":6,"last_visit":{"date":"2025-12-28","type":"routine"},"grade":{"grade":"A","score":98,"date":"2025-12-28","replaced":null,"open_closure":null},"flags":[],"points":2}},{"type":"Feature","geometry":{"type":"Point","coordinates":[-117.158001,32.826483]},"properties":{"facility_id":"SAMPLE-FFPP-00354","name":"Sample Diner 0354","address":"839 Mock Lane, San Diego, CA 92111","facility_type":"restaurant","council_district":6,"last_visit":{"date":"2026-05-23","type":"complaint"},"grade":{"grade":"A","score":97,"date":"2025-11-11","replaced":null,"open_closure":null},"flags":[],"points":3}},{"type":"Feature","geometry":{"type":"Point","coordinates":[-117.045319,32.550248]},"properties":{"facility_id":"SAMPLE-FFPP-00355","name":"Sample Noodle House 0355","address":"5836 Example Avenue, San Diego, CA 92173","facility_type":"restaurant","council_district":8,"last_visit":{"date":"2026-03-26","type":"reinspection"},"grade":{"grade":"A","score":92,"date":"2026-03-26","replaced":null,"open_closure":null},"flags":["major","condition"],"band":"3","points":8}},{"type":"Feature","geometry":{"type":"Point","coordinates":[-117.042094,32.55403]},"properties":{"facility_id":"SAMPLE-FFPP-00356","name":"Sample Noodle House 0356","address":"4975 Example Avenue, San Diego, CA 92173","facility_type":"restaurant","council_district":8,"last_visit":{"date":"2026-03-26","type":"routine"},"grade":{"grade":"A","score":97,"date":"2026-03-26","replaced":null,"open_closure":null},"flags":[],"points":3}},{"type":"Feature","geometry":{"type":"Point","coordinates":[-117.105323,32.75708]},"properties":{"facility_id":"SAMPLE-FFPP-00357","name":"Sample Coffee Bar 0357","address":"9375 Testing Terrace, San Diego, CA 92105","facility_type":"limited","council_district":9,"last_visit":{"date":"2026-07-13","type":"routine"},"grade":{"grade":"A","score":98,"date":"2026-07-13","replaced":null,"open_closure":null},"flags":[]}},{"type":"Feature","geometry":{"type":"Point","coordinates":[-117.170941,32.747127]},"properties":{"facility_id":"SAMPLE-FFPP-00358","name":"Sample Pho House 0358","address":"8293 Sample Row, San Diego, CA 92103","facility_type":"restaurant","council_district":3,"last_visit":{"date":"2025-11-07","type":"routine"},"grade":{"grade":"A","score":99,"date":"2025-11-07","replaced":null,"open_closure":null},"flags":[],"points":1}},{"type":"Feature","geometry":{"type":"Point","coordinates":[-117.086472,32.77695]},"properties":{"facility_id":"SAMPLE-FFPP-00359","name":"Sample Cafe 0359","address":"8118 Example Avenue, San Diego, CA 92115","facility_type":"restaurant","council_district":9,"last_visit":{"date":"2026-06-25","type":"complaint"},"grade":{"grade":"A","score":94,"date":"2026-03-20","replaced":null,"open_closure":null},"flags":[],"points":6}},{"type":"Feature","geometry":{"type":"Point","coordinates":[-117.011279,32.577943]},"properties":{"facility_id":"SAMPLE-FFPP-00360","name":"Sample Pho House 0360","address":"9118 Example Avenue, San Diego, CA 92154","facility_type":"restaurant","council_district":8,"last_visit":{"date":"2025-10-10","type":"routine"},"grade":{"grade":"A","score":98,"date":"2025-10-10","replaced":null,"open_closure":null},"flags":[],"points":2}},{"type":"Feature","geometry":{"type":"Point","coordinates":[-117.120321,32.949411]},"properties":{"facility_id":"SAMPLE-FFPP-00361","name":"Sample Kitchen 0361","address":"7157 Mock Lane, San Diego, CA 92129","facility_type":"restaurant","council_district":5,"last_visit":{"date":"2026-06-12","type":"routine"},"grade":{"grade":"A","score":99,"date":"2026-06-12","replaced":null,"open_closure":null},"flags":[],"points":1}},{"type":"Feature","geometry":{"type":"Point","coordinates":[-117.161489,32.712615]},"properties":{"facility_id":"SAMPLE-FFPP-00362","name":"Sample Pizzeria 0362","address":"2266 Testing Terrace, San Diego, CA 92101","facility_type":"restaurant","council_district":3,"last_visit":{"date":"2025-09-01","type":"reinspection"},"grade":{"grade":"A","score":96,"date":"2025-09-01","replaced":null,"open_closure":null},"flags":["major","temperature"],"points":6}},{"type":"Feature","geometry":{"type":"Point","coordinates":[-117.166324,32.746303]},"properties":{"facility_id":"SAMPLE-FFPP-00363","name":"Sample Pho House 0363","address":"1151 Mock Lane, San Diego, CA 92103","facility_type":"restaurant","council_district":3,"last_visit":{"date":"2026-04-13","type":"routine"},"grade":{"grade":"A","score":100,"date":"2026-04-13","replaced":null,"open_closure":null},"flags":[],"points":0}},{"type":"Feature","geometry":{"type":"Point","coordinates":[-117.157381,32.830739]},"properties":{"facility_id":"SAMPLE-FFPP-00364","name":"Sample Grill 0364","address":"7936 Testing Terrace, San Diego, CA 92111","facility_type":"restaurant","council_district":6,"last_visit":{"date":"2025-08-25","type":"followup"},"grade":{"grade":"A","score":90,"date":"2024-07-31","replaced":null,"open_closure":{"date":"2025-08-22","reason":"health","later_ungraded":["2025-08-25"],"status":"Ordered Closed"}},"flags":[]}},{"type":"Feature","geometry":{"type":"Point","coordinates":[-117.089741,32.762229]},"properties":{"facility_id":"SAMPLE-FFPP-00365","name":"Sample Diner 0365","address":"6777 Example Avenue, San Diego, CA 92105","facility_type":"restaurant","council_district":9,"last_visit":{"date":"2026-03-31","type":"routine"},"grade":{"grade":"A","score":96,"date":"2026-03-31","replaced":null,"open_closure":null},"flags":["major","closed","handsink"],"band":"2","points":19}},{"type":"Feature","geometry":{"type":"Point","coordinates":[-117.169077,32.719962]},"properties":{"facility_id":"SAMPLE-FFPP-00366","name":"Sample Cantina 0366","address":"2209 Mock Lane, San Diego, CA 92101","facility_type":"restaurant","council_district":3,"last_visit":{"date":"2025-08-14","type":"routine"},"grade":{"grade":"A","score":98,"date":"2025-08-14","replaced":null,"open_closure":null},"flags":[]}},{"type":"Feature","geometry":{"type":"Point","coordinates":[-117.244177,32.803013]},"properties":{"facility_id":"SAMPLE-FFPP-00367","name":"Sample Pho House 0367","address":"3734 Fictional Boulevard, San Diego, CA 92109","facility_type":"restaurant","council_district":2,"last_visit":{"date":"2026-04-08","type":"routine"},"grade":{"grade":"A","score":98,"date":"2026-04-08","replaced":null,"open_closure":null},"flags":[],"points":4}},{"type":"Feature","geometry":{"type":"Point","coordinates":[-117.159896,32.731331]},"properties":{"facility_id":"SAMPLE-FFPP-00368","name":"Sample Tea House 0368","address":"7079 Pretend Place, San Diego, CA 92101","facility_type":"limited","council_district":3,"last_visit":{"date":"2026-05-16","type":"reinspection"},"grade":{"grade":"A","score":94,"date":"2026-05-02","replaced":null,"open_closure":null},"flags":["major","major_2","repeat_item","temperature"]}},{"type":"Feature","geometry":{"type":"Point","coordinates":[-117.032757,32.555088]},"properties":{"facility_id":"SAMPLE-FFPP-00369","name":"Sample Cantina 0369","address":"1017 Fictional Boulevard, San Diego, CA 92173","facility_type":"restaurant","council_district":8,"last_visit":{"date":"2026-02-24","type":"routine"},"grade":{"grade":"A","score":98,"date":"2026-02-24","replaced":null,"open_closure":null},"flags":[],"points":2}},{"type":"Feature","geometry":{"type":"Point","coordinates":[-117.214475,32.865814]},"properties":{"facility_id":"SAMPLE-FFPP-00370","name":"Sample Tea House 0370","address":"6031 Placeholder Street, San Diego, CA 92122","facility_type":"limited","council_district":1,"last_visit":{"date":"2026-02-04","type":"routine"},"grade":{"grade":"A","score":98,"date":"2026-02-04","replaced":null,"open_closure":null},"flags":[]}},{"type":"Feature","geometry":{"type":"Point","coordinates":[-117.149162,32.71873]},"properties":{"facility_id":"SAMPLE-FFPP-00371","name":"Sample Taqueria 0371","address":"7998 Specimen Way, San Diego, CA 92101","facility_type":"restaurant","council_district":3,"last_visit":{"date":"2026-06-23","type":"routine"},"grade":{"grade":"A","score":96,"date":"2026-06-23","replaced":null,"open_closure":null},"flags":[],"points":4}},{"type":"Feature","geometry":{"type":"Point","coordinates":[-117.101229,32.816673]},"properties":{"facility_id":"SAMPLE-FFPP-00372","name":"Sample Kitchen 0372","address":"1583 Example Avenue, San Diego, CA 92124","facility_type":"restaurant","council_district":7,"last_visit":{"date":"2025-07-19","type":"routine"},"grade":{"grade":"A","score":97,"date":"2025-07-19","replaced":null,"open_closure":null},"flags":[]}},{"type":"Feature","geometry":{"type":"Point","coordinates":[-117.164756,32.723622]},"properties":{"facility_id":"SAMPLE-FFPP-00373","name":"Sample Cantina 0373","address":"9326 Invented Road, San Diego, CA 92101","facility_type":"restaurant","council_district":3,"last_visit":{"date":"2026-07-17","type":"reinspection"},"grade":{"grade":"A","score":96,"date":"2026-07-06","replaced":null,"open_closure":null},"flags":["major","temperature"],"points":4}},{"type":"Feature","geometry":{"type":"Point","coordinates":[-117.137876,32.835326]},"properties":{"facility_id":"SAMPLE-FFPP-00374","name":"Sample Cafe 0374","address":"1532 Specimen Way, San Diego, CA 92123","facility_type":"restaurant","council_district":6,"last_visit":{"date":"2026-05-11","type":"routine"},"grade":{"grade":"A","score":94,"date":"2026-05-11","replaced":null,"open_closure":null},"flags":["major","temperature"],"points":7}},{"type":"Feature","geometry":{"type":"Point","coordinates":[-117.238594,32.735614]},"properties":{"facility_id":"SAMPLE-FFPP-00375","name":"Sample Grill 0375","address":"8984 Specimen Way, San Diego, CA 92106","facility_type":"restaurant","council_district":2,"last_visit":{"date":"2025-10-30","type":"routine"},"grade":{"grade":"A","score":98,"date":"2025-10-30","replaced":null,"open_closure":null},"flags":[],"points":2}},{"type":"Feature","geometry":{"type":"Point","coordinates":[-117.123456,32.749375]},"properties":{"facility_id":"SAMPLE-FFPP-00376","name":"Sample Pho House 0376","address":"3800 Placeholder Street, San Diego, CA 92104","facility_type":"restaurant","council_district":3,"last_visit":{"date":"2026-08-19","type":"routine"},"grade":{"grade":"A","score":98,"date":"2026-08-19","replaced":null,"open_closure":null},"flags":["major","temperature"],"points":6}},{"type":"Feature","geometry":{"type":"Point","coordinates":[-117.210989,32.786332]},"properties":{"facility_id":"SAMPLE-FFPP-00377","name":"Sample Diner 0377","address":"8565 Sample Row, San Diego, CA 92110","facility_type":"restaurant","council_district":2,"last_visit":{"date":"2026-06-18","type":"routine"},"grade":{"grade":"A","score":96,"date":"2026-06-18","replaced":null,"open_closure":null},"flags":[],"points":4}},{"type":"Feature","geometry":{"type":"Point","coordinates":[-117.14494,32.827796]},"properties":{"facility_id":"SAMPLE-FFPP-00378","name":"Sample Grill 0378","address":"324 Specimen Way, San Diego, CA 92123","facility_type":"restaurant","council_district":6,"last_visit":{"date":"2026-03-24","type":"routine"},"grade":{"grade":"A","score":98,"date":"2026-03-24","replaced":null,"open_closure":null},"flags":[],"points":4}},{"type":"Feature","geometry":{"type":"Point","coordinates":[-117.039279,32.708473]},"properties":{"facility_id":"SAMPLE-FFPP-00379","name":"Sample Tea House 0379","address":"4154 Testing Terrace, San Diego, CA 92114","facility_type":"limited","council_district":4,"last_visit":{"date":"2026-04-12","type":"routine"},"grade":{"grade":"A","score":98,"date":"2026-04-12","replaced":null,"open_closure":null},"flags":[]}},{"type":"Feature","geometry":{"type":"Point","coordinates":[-117.069883,32.710709]},"properties":{"facility_id":"SAMPLE-FFPP-00380","name":"Sample Kitchen 0380","address":"3985 Demo Court, San Diego, CA 92114","facility_type":"restaurant","council_district":4,"last_visit":{"date":"2026-07-19","type":"routine"},"grade":{"grade":"A","score":95,"date":"2026-07-19","replaced":null,"open_closure":null},"flags":["major","temperature"],"points":5}},{"type":"Feature","geometry":{"type":"Point","coordinates":[-117.232356,32.937987]},"properties":{"facility_id":"SAMPLE-FFPP-00381","name":"Sample Carniceria 0381","address":"9313 Fictional Boulevard, San Diego, CA 92130","facility_type":"market","council_district":1,"last_visit":{"date":"2026-06-16","type":"reinspection"},"grade":{"grade":"A","score":94,"date":"2026-06-16","replaced":null,"open_closure":null},"flags":["major","major_2","handsink"]}},{"type":"Feature","geometry":{"type":"Point","coordinates":[-117.157922,32.836576]},"properties":{"facility_id":"SAMPLE-FFPP-00382","name":"Sample Market 0382","address":"7292 Pretend Place, San Diego, CA 92111","facility_type":"market","council_district":6,"last_visit":{"date":"2025-10-04","type":"routine"},"grade":{"grade":"A","score":98,"date":"2025-10-04","replaced":null,"open_closure":null},"flags":[]}},{"type":"Feature","geometry":{"type":"Point","coordinates":[-117.202612,32.788149]},"properties":{"facility_id":"SAMPLE-FFPP-00383","name":"Sample Cantina 0383","address":"8422 Invented Road, San Diego, CA 92110","facility_type":"restaurant","council_district":2,"last_visit":{"date":"2025-12-20","type":"followup"},"grade":{"grade":"A","score":99,"date":"2024-12-27","replaced":{"grade":"B","score":88,"date":"2024-12-17"},"open_closure":{"date":"2025-12-17","reason":"health","later_ungraded":["2025-12-20"],"status":"Ordered Closed"}},"flags":["major","closed","major_2","sanitizing"],"band":"1","points":30}},{"type":"Feature","geometry":{"type":"Point","coordinates":[-117.153796,32.755985]},"properties":{"facility_id":"SAMPLE-FFPP-00384","name":"Sample Cantina 0384","address":"2251 Mock Lane, San Diego, CA 92108","facility_type":"restaurant","council_district":7,"last_visit":{"date":"2026-03-19","type":"routine"},"grade":{"grade":"A","score":98,"date":"2026-03-19","replaced":null,"open_closure":null},"flags":[],"points":2}},{"type":"Feature","geometry":{"type":"Point","coordinates":[-117.097177,32.907703]},"properties":{"facility_id":"SAMPLE-FFPP-00385","name":"Sample Grill 0385","address":"147 Sample Row, San Diego, CA 92131","facility_type":"restaurant","council_district":5,"last_visit":{"date":"2026-04-27","type":"routine"},"grade":{"grade":"A","score":99,"date":"2026-04-27","replaced":null,"open_closure":null},"flags":[],"points":1}},{"type":"Feature","geometry":{"type":"Point","coordinates":[-117.264235,32.79685]},"properties":{"facility_id":"SAMPLE-FFPP-00386","name":"Sample Cantina 0386","address":"5736 Placeholder Street, San Diego, CA 92109","facility_type":"restaurant","council_district":2,"last_visit":{"date":"2026-01-11","type":"routine"},"grade":{"grade":"A","score":96,"date":"2026-01-11","replaced":null,"open_closure":null},"flags":[],"points":4}},{"type":"Feature","geometry":{"type":"Point","coordinates":[-117.102939,32.826206]},"properties":{"facility_id":"SAMPLE-FFPP-00387","name":"Sample Diner 0387","address":"362 Pretend Place, San Diego, CA 92124","facility_type":"restaurant","council_district":7,"last_visit":{"date":"2025-11-12","type":"routine"},"grade":{"grade":"A","score":95,"date":"2025-11-12","replaced":null,"open_closure":null},"flags":[],"band":"3","points":9}},{"type":"Feature","geometry":{"type":"Point","coordinates":[-117.214773,32.773869]},"properties":{"facility_id":"SAMPLE-FFPP-00388","name":"Sample Taqueria 0388","address":"3397 Demo Court, San Diego, CA 92110","facility_type":"restaurant","council_district":2,"last_visit":{"date":"2026-08-21","type":"routine"},"grade":{"grade":"A","score":100,"date":"2026-08-21","replaced":null,"open_closure":null},"flags":[],"points":0}},{"type":"Feature","geometry":{"type":"Point","coordinates":[-117.168222,32.751961]},"properties":{"facility_id":"SAMPLE-FFPP-00389","name":"Sample Sushi Bar 0389","address":"2537 Mock Lane, San Diego, CA 92103","facility_type":"restaurant","council_district":3,"last_visit":{"date":"2026-03-12","type":"routine"},"grade":{"grade":"A","score":97,"date":"2026-03-12","replaced":null,"open_closure":null},"flags":[],"points":5}},{"type":"Feature","geometry":{"type":"Point","coordinates":[-117.069957,32.767685]},"properties":{"facility_id":"SAMPLE-FFPP-00390","name":"Sample Kitchen 0390","address":"6290 Placeholder Street, San Diego, CA 92115","facility_type":"restaurant","council_district":9,"last_visit":{"date":"2026-06-08","type":"routine"},"grade":{"grade":"A","score":99,"date":"2026-06-08","replaced":null,"open_closure":null},"flags":["major","major_2","health"],"points":3}},{"type":"Feature","geometry":{"type":"Point","coordinates":[-117.154524,32.739799]},"properties":{"facility_id":"SAMPLE-FFPP-00391","name":"Sample Pizzeria 0391","address":"2787 Pretend Place, San Diego, CA 92103","facility_type":"restaurant","council_district":3,"last_visit":{"date":"2026-07-11","type":"routine"},"grade":{"grade":"A","score":98,"date":"2026-07-11","replaced":null,"open_closure":null},"flags":[],"points":2}},{"type":"Feature","geometry":{"type":"Point","coordinates":[-117.169618,32.700053]},"properties":{"facility_id":"SAMPLE-FFPP-00392","name":"Sample Taqueria 0392","address":"3347 Mock Lane, San Diego, CA 92101","facility_type":"restaurant","council_district":3,"last_visit":{"date":"2025-07-23","type":"routine"},"grade":{"grade":"A","score":98,"date":"2025-07-23","replaced":null,"open_closure":null},"flags":[]}},{"type":"Feature","geometry":{"type":"Point","coordinates":[-117.170747,32.713749]},"properties":{"facility_id":"SAMPLE-FFPP-00393","name":"Sample Market 0393","address":"5070 Invented Road, San Diego, CA 92101","facility_type":"market","council_district":3,"last_visit":{"date":"2026-06-03","type":"routine"},"grade":{"grade":"A","score":98,"date":"2026-06-03","replaced":null,"open_closure":null},"flags":[]}},{"type":"Feature","geometry":{"type":"Point","coordinates":[-117.188451,32.81847]},"properties":{"facility_id":"SAMPLE-FFPP-00394","name":"Sample Kitchen 0394","address":"2819 Mock Lane, San Diego, CA 92117","facility_type":"restaurant","council_district":2,"last_visit":{"date":"2026-04-02","type":"routine"},"grade":{"grade":"A","score":99,"date":"2026-04-02","replaced":null,"open_closure":null},"flags":[],"points":2}},{"type":"Feature","geometry":{"type":"Point","coordinates":[-117.174266,32.744672]},"properties":{"facility_id":"SAMPLE-FFPP-00395","name":"Sample Diner 0395","address":"5420 Placeholder Street, San Diego, CA 92103","facility_type":"restaurant","council_district":3,"last_visit":{"date":"2026-08-31","type":"routine"},"grade":{"grade":"A","score":98,"date":"2026-08-31","replaced":null,"open_closure":null},"flags":[],"points":2}},{"type":"Feature","geometry":{"type":"Point","coordinates":[-117.231957,32.945546]},"properties":{"facility_id":"SAMPLE-FFPP-00396","name":"Sample Juice Bar 0396","address":"2864 Pretend Place, San Diego, CA 92130","facility_type":"limited","council_district":1,"last_visit":{"date":"2026-07-07","type":"routine"},"grade":{"grade":"A","score":98,"date":"2026-07-07","replaced":null,"open_closure":null},"flags":[]}},{"type":"Feature","geometry":{"type":"Point","coordinates":[-117.168622,32.726804]},"properties":{"facility_id":"SAMPLE-FFPP-00397","name":"Sample Diner 0397","address":"5233 Invented Road, San Diego, CA 92101","facility_type":"restaurant","council_district":3,"last_visit":{"date":"2026-08-31","type":"routine"},"grade":{"grade":"A","score":98,"date":"2026-08-31","replaced":null,"open_closure":null},"flags":[],"points":2}},{"type":"Feature","geometry":{"type":"Point","coordinates":[-117.045022,32.553325]},"properties":{"facility_id":"SAMPLE-FFPP-00398","name":"Sample Snack Bar 0398","address":"6470 Invented Road, San Diego, CA 92173","facility_type":"limited","council_district":8,"last_visit":{"date":"2026-02-07","type":"routine"},"grade":{"grade":"A","score":98,"date":"2026-02-07","replaced":null,"open_closure":null},"flags":[]}},{"type":"Feature","geometry":{"type":"Point","coordinates":[-117.163598,32.828167]},"properties":{"facility_id":"SAMPLE-FFPP-00399","name":"Sample Diner 0399","address":"7903 Fictional Boulevard, San Diego, CA 92111","facility_type":"restaurant","council_district":6,"last_visit":{"date":"2025-12-14","type":"routine"},"grade":{"grade":"A","score":97,"date":"2025-12-14","replaced":null,"open_closure":null},"flags":[],"points":3}},{"type":"Feature","geometry":{"type":"Point","coordinates":[-117.123568,32.740497]},"properties":{"facility_id":"SAMPLE-FFPP-00400","name":"Sample Juice Bar 0400","address":"2074 Sample Row, San Diego, CA 92104","facility_type":"limited","council_district":3,"last_visit":{"date":"2026-01-26","type":"routine"},"grade":{"grade":"A","score":100,"date":"2026-01-26","replaced":null,"open_closure":null},"flags":[]}},{"type":"Feature","geometry":{"type":"Point","coordinates":[-117.160949,32.709089]},"properties":{"facility_id":"SAMPLE-FFPP-00401","name":"Sample Cantina 0401","address":"6801 Fictional Boulevard, San Diego, CA 92101","facility_type":"restaurant","council_district":3,"last_visit":{"date":"2026-01-24","type":"routine"},"grade":{"grade":"A","score":100,"date":"2026-01-24","replaced":null,"open_closure":null},"flags":[],"points":0}},{"type":"Feature","geometry":{"type":"Point","coordinates":[-117.142405,32.930764]},"properties":{"facility_id":"SAMPLE-FFPP-00402","name":"Sample Sushi Bar 0402","address":"1583 Fictional Boulevard, San Diego, CA 92126","facility_type":"restaurant","council_district":6,"last_visit":{"date":"2025-10-17","type":"complaint"},"grade":{"grade":"A","score":97,"date":"2025-07-14","replaced":null,"open_closure":null},"flags":[]}},{"type":"Feature","geometry":{"type":"Point","coordinates":[-117.065494,32.712185]},"properties":{"facility_id":"SAMPLE-FFPP-00403","name":"Sample Noodle House 0403","address":"7548 Pretend Place, San Diego, CA 92114","facility_type":"restaurant","council_district":4,"last_visit":{"date":"2026-01-05","type":"followup"},"grade":{"grade":"B","score":88,"date":"2026-01-05","replaced":{"grade":"B","score":82,"date":"2025-12-28"},"open_closure":null},"flags":["major","bc","major_2","repeat_item","lt90_2","temperature","sanitizing"],"band":"2","points":22}},{"type":"Feature","geometry":{"type":"Point","coordinates":[-117.160131,32.725295]},"properties":{"facility_id":"SAMPLE-FFPP-00404","name":"Sample Noodle House 0404","address":"1571 Fictional Boulevard, San Diego, CA 92101","facility_type":"restaurant","council_district":3,"last_visit":{"date":"2026-06-29","type":"routine"},"grade":{"grade":"A","score":96,"date":"2026-06-29","replaced":null,"open_closure":null},"flags":["major","handsink"],"points":4}},{"type":"Feature","geometry":{"type":"Point","coordinates":[-117.104197,32.894851]},"properties":{"facility_id":"SAMPLE-FFPP-00405","name":"Sample Carniceria 0405","address":"5004 Testing Terrace, San Diego, CA 92131","facility_type":"market","council_district":5,"last_visit":{"date":"2026-04-09","type":"routine"},"grade":{"grade":"A","score":96,"date":"2026-04-09","replaced":null,"open_closure":null},"flags":[]}},{"type":"Feature","geometry":{"type":"Point","coordinates":[-117.155805,32.715858]},"properties":{"facility_id":"SAMPLE-FFPP-00406","name":"Sample Diner 0406","address":"414 Example Avenue, San Diego, CA 92101","facility_type":"restaurant","council_district":3,"last_visit":{"date":"2025-09-07","type":"routine"},"grade":{"grade":"A","score":100,"date":"2025-09-07","replaced":null,"open_closure":null},"flags":[],"points":0}},{"type":"Feature","geometry":{"type":"Point","coordinates":[-117.141663,32.918764]},"properties":{"facility_id":"SAMPLE-FFPP-00407","name":"Sample Sushi Bar 0407","address":"1083 Sample Row, San Diego, CA 92126","facility_type":"restaurant","council_district":6,"last_visit":{"date":"2026-03-11","type":"complaint"},"grade":{"grade":"A","score":96,"date":"2026-01-04","replaced":{"grade":"B","score":88,"date":"2025-12-17"},"open_closure":null},"flags":["major","bc","temperature","vermin"],"band":"2","points":14}},{"type":"Feature","geometry":{"type":"Point","coordinates":[-117.16191,32.710273]},"properties":{"facility_id":"SAMPLE-FFPP-00408","name":"Sample Sushi Bar 0408","address":"8862 Sample Row, San Diego, CA 92101","facility_type":"restaurant","council_district":3,"last_visit":{"date":"2026-04-20","type":"routine"},"grade":{"grade":"A","score":97,"date":"2026-04-20","replaced":null,"open_closure":null},"flags":[],"points":3}},{"type":"Feature","geometry":{"type":"Point","coordinates":[-117.209914,32.876146]},"properties":{"facility_id":"SAMPLE-FFPP-00409","name":"Sample Grill 0409","address":"2327 Testing Terrace, San Diego, CA 92122","facility_type":"restaurant","council_district":1,"last_visit":{"date":"2026-04-01","type":"followup"},"grade":{"grade":"A","score":97,"date":"2026-04-01","replaced":{"grade":"B","score":88,"date":"2026-03-24"},"open_closure":null},"flags":["major","bc","hands","temperature"],"band":"2","points":16}},{"type":"Feature","geometry":{"type":"Point","coordinates":[-117.233537,32.941394]},"properties":{"facility_id":"SAMPLE-FFPP-00410","name":"Sample Snack Bar 0410","address":"4590 Example Avenue, San Diego, CA 92130","facility_type":"limited","council_district":1,"last_visit":{"date":"2026-05-09","type":"routine"},"grade":{"grade":"A","score":98,"date":"2026-05-09","replaced":null,"open_closure":null},"flags":[]}},{"type":"Feature","geometry":{"type":"Point","coordinates":[-117.206812,32.773185]},"properties":{"facility_id":"SAMPLE-FFPP-00411","name":"Sample Cantina 0411","address":"1359 Demo Court, San Diego, CA 92110","facility_type":"restaurant","council_district":2,"last_visit":{"date":"2026-07-23","type":"routine"},"grade":{"grade":"A","score":100,"date":"2026-07-23","replaced":null,"open_closure":null},"flags":[],"points":0}},{"type":"Feature","geometry":{"type":"Point","coordinates":[-117.051351,32.556526]},"properties":{"facility_id":"SAMPLE-FFPP-00412","name":"Sample Cafe 0412","address":"5403 Fictional Boulevard, San Diego, CA 92173","facility_type":"restaurant","council_district":8,"last_visit":{"date":"2026-04-20","type":"routine"},"grade":{"grade":"A","score":96,"date":"2026-04-20","replaced":null,"open_closure":null},"flags":[],"points":5}},{"type":"Feature","geometry":{"type":"Point","coordinates":[-117.182352,32.778306]},"properties":{"facility_id":"SAMPLE-FFPP-00413","name":"Sample Cantina 0413","address":"6713 Specimen Way, San Diego, CA 92111","facility_type":"restaurant","council_district":7,"last_visit":{"date":"2026-08-15","type":"routine"},"grade":{"grade":"A","score":98,"date":"2026-08-15","replaced":null,"open_closure":null},"flags":["major","major_2","vermin"],"points":3}},{"type":"Feature","geometry":{"type":"Point","coordinates":[-117.122469,32.96696]},"properties":{"facility_id":"SAMPLE-FFPP-00414","name":"Sample Cantina 0414","address":"1786 Testing Terrace, San Diego, CA 92129","facility_type":"restaurant","council_district":5,"last_visit":{"date":"2026-06-21","type":"routine"},"grade":{"grade":"A","score":96,"date":"2026-06-21","replaced":null,"open_closure":null},"flags":[],"points":3}},{"type":"Feature","geometry":{"type":"Point","coordinates":[-117.06991,32.789637]},"properties":{"facility_id":"SAMPLE-FFPP-00415","name":"Sample Pho House 0415","address":"8851 Invented Road, San Diego, CA 92115","facility_type":"restaurant","council_district":9,"last_visit":{"date":"2026-07-15","type":"reinspection"},"grade":{"grade":"A","score":95,"date":"2026-07-06","replaced":null,"open_closure":null},"flags":["major","vermin"],"points":5}},{"type":"Feature","geometry":{"type":"Point","coordinates":[-117.115754,32.742183]},"properties":{"facility_id":"SAMPLE-FFPP-00416","name":"Sample Pizzeria 0416","address":"7510 Specimen Way, San Diego, CA 92104","facility_type":"restaurant","council_district":3,"last_visit":{"date":"2025-07-06","type":"reinspection"},"grade":{"grade":"A","score":92,"date":"2025-06-25","replaced":null,"open_closure":null},"flags":[]}},{"type":"Feature","geometry":{"type":"Point","coordinates":[-117.04502,32.547836]},"properties":{"facility_id":"SAMPLE-FFPP-00417","name":"Sample Snack Bar 0417","address":"4764 Fictional Boulevard, San Diego, CA 92173","facility_type":"limited","council_district":8,"last_visit":{"date":"2025-11-26","type":"complaint"},"grade":{"grade":"A","score":100,"date":"2025-09-09","replaced":null,"open_closure":null},"flags":[]}},{"type":"Feature","geometry":{"type":"Point","coordinates":[-117.261039,32.805091]},"properties":{"facility_id":"SAMPLE-FFPP-00418","name":"Sample Taqueria 0418","address":"2460 Specimen Way, San Diego, CA 92109","facility_type":"restaurant","council_district":2,"last_visit":{"date":"2026-03-24","type":"routine"},"grade":{"grade":"A","score":98,"date":"2026-03-24","replaced":null,"open_closure":null},"flags":[],"points":2}},{"type":"Feature","geometry":{"type":"Point","coordinates":[-117.257353,32.805602]},"properties":{"facility_id":"SAMPLE-FFPP-00419","name":"Sample Pizzeria 0419","address":"9353 Example Avenue, San Diego, CA 92109","facility_type":"restaurant","council_district":2,"last_visit":{"date":"2026-02-04","type":"routine"},"grade":{"grade":"A","score":98,"date":"2026-02-04","replaced":null,"open_closure":null},"flags":[],"points":2}},{"type":"Feature","geometry":{"type":"Point","coordinates":[-117.272364,32.857642]},"properties":{"facility_id":"SAMPLE-FFPP-00420","name":"Sample Pho House 0420","address":"938 Invented Road, San Diego, CA 92037","facility_type":"restaurant","council_district":1,"last_visit":{"date":"2025-08-03","type":"routine"},"grade":{"grade":"A","score":98,"date":"2025-08-03","replaced":null,"open_closure":null},"flags":[]}},{"type":"Feature","geometry":{"type":"Point","coordinates":[-117.213571,32.869261]},"properties":{"facility_id":"SAMPLE-FFPP-00421","name":"Sample Taqueria 0421","address":"7842 Demo Court, San Diego, CA 92122","facility_type":"restaurant","council_district":1,"last_visit":{"date":"2026-03-21","type":"routine"},"grade":{"grade":"A","score":98,"date":"2026-03-21","replaced":null,"open_closure":null},"flags":[],"points":2}},{"type":"Feature","geometry":{"type":"Point","coordinates":[-117.073972,32.7731]},"properties":{"facility_id":"SAMPLE-FFPP-00422","name":"Sample Kitchen 0422","address":"6990 Testing Terrace, San Diego, CA 92115","facility_type":"restaurant","council_district":9,"last_visit":{"date":"2026-01-01","type":"routine"},"grade":{"grade":"A","score":99,"date":"2026-01-01","replaced":null,"open_closure":null},"flags":[],"points":1}},{"type":"Feature","geometry":{"type":"Point","coordinates":[-117.12098,32.963736]},"properties":{"facility_id":"SAMPLE-FFPP-00423","name":"Sample Deli Market 0423","address":"533 Specimen Way, San Diego, CA 92129","facility_type":"market","council_district":5,"last_visit":{"date":"2026-03-05","type":"routine"},"grade":{"grade":"A","score":98,"date":"2026-03-05","replaced":null,"open_closure":null},"flags":[]}},{"type":"Feature","geometry":{"type":"Point","coordinates":[-117.161344,32.77529]},"properties":{"facility_id":"SAMPLE-FFPP-00424","name":"Sample Carniceria 0424","address":"2116 Mock Lane, San Diego, CA 92108","facility_type":"market","council_district":7,"last_visit":{"date":"2026-02-17","type":"routine"},"grade":{"grade":"A","score":99,"date":"2026-02-17","replaced":null,"open_closure":null},"flags":[]}},{"type":"Feature","geometry":{"type":"Point","coordinates":[-117.010562,32.579806]},"properties":{"facility_id":"SAMPLE-FFPP-00425","name":"Sample Sushi Bar 0425","address":"8988 Invented Road, San Diego, CA 92154","facility_type":"restaurant","council_district":8,"last_visit":{"date":"2026-04-26","type":"routine"},"grade":{"grade":"A","score":96,"date":"2026-04-26","replaced":null,"open_closure":null},"flags":[],"points":6}},{"type":"Feature","geometry":{"type":"Point","coordinates":[-117.033881,32.703324]},"properties":{"facility_id":"SAMPLE-FFPP-00426","name":"Sample Taqueria 0426","address":"3034 Placeholder Street, San Diego, CA 92114","facility_type":"restaurant","council_district":4,"last_visit":{"date":"2026-03-01","type":"routine"},"grade":{"grade":"A","score":96,"date":"2026-03-01","replaced":null,"open_closure":null},"flags":[],"points":6}},{"type":"Feature","geometry":{"type":"Point","coordinates":[-117.154299,32.8303]},"properties":{"facility_id":"SAMPLE-FFPP-00427","name":"Sample Cafe 0427","address":"1380 Mock Lane, San Diego, CA 92111","facility_type":"restaurant","council_district":6,"last_visit":{"date":"2026-06-10","type":"routine"},"grade":{"grade":"A","score":96,"date":"2026-06-10","replaced":null,"open_closure":null},"flags":[],"points":6}},{"type":"Feature","geometry":{"type":"Point","coordinates":[-117.10978,32.757316]},"properties":{"facility_id":"SAMPLE-FFPP-00428","name":"Sample Noodle House 0428","address":"9843 Example Avenue, San Diego, CA 92105","facility_type":"restaurant","council_district":9,"last_visit":{"date":"2025-11-13","type":"routine"},"grade":{"grade":"A","score":95,"date":"2025-11-13","replaced":null,"open_closure":null},"flags":[],"points":5}},{"type":"Feature","geometry":{"type":"Point","coordinates":[-117.129593,32.840323]},"properties":{"facility_id":"SAMPLE-FFPP-00429","name":"Sample Diner 0429","address":"4435 Demo Court, San Diego, CA 92123","facility_type":"restaurant","council_district":6,"last_visit":{"date":"2026-03-16","type":"routine"},"grade":{"grade":"A","score":100,"date":"2026-03-16","replaced":null,"open_closure":null},"flags":[],"points":0}},{"type":"Feature","geometry":{"type":"Point","coordinates":[-117.009434,32.580803]},"properties":{"facility_id":"SAMPLE-FFPP-00430","name":"Sample Sushi Bar 0430","address":"2378 Demo Court, San Diego, CA 92154","facility_type":"restaurant","council_district":8,"last_visit":{"date":"2025-09-13","type":"routine"},"grade":{"grade":"A","score":97,"date":"2025-09-13","replaced":null,"open_closure":null},"flags":[],"points":3}},{"type":"Feature","geometry":{"type":"Point","coordinates":[-117.127235,32.823772]},"properties":{"facility_id":"SAMPLE-FFPP-00431","name":"Sample Kitchen 0431","address":"5519 Placeholder Street, San Diego, CA 92123","facility_type":"restaurant","council_district":6,"last_visit":{"date":"2026-02-22","type":"routine"},"grade":{"grade":"A","score":98,"date":"2026-02-22","replaced":null,"open_closure":null},"flags":[],"points":4}},{"type":"Feature","geometry":{"type":"Point","coordinates":[-117.16683,32.81922]},"properties":{"facility_id":"SAMPLE-FFPP-00432","name":"Sample Noodle House 0432","address":"391 Pretend Place, San Diego, CA 92111","facility_type":"restaurant","council_district":6,"last_visit":{"date":"2026-01-20","type":"routine"},"grade":{"grade":"A","score":99,"date":"2026-01-20","replaced":null,"open_closure":null},"flags":[],"points":1}},{"type":"Feature","geometry":{"type":"Point","coordinates":[-117.051917,32.687911]},"properties":{"facility_id":"SAMPLE-FFPP-00433","name":"Sample Grocery 0433","address":"5795 Pretend Place, San Diego, CA 92139","facility_type":"market","council_district":4,"last_visit":{"date":"2026-08-15","type":"routine"},"grade":{"grade":"A","score":100,"date":"2026-08-15","replaced":null,"open_closure":null},"flags":[]}},{"type":"Feature","geometry":{"type":"Point","coordinates":[-117.101291,32.74903]},"properties":{"facility_id":"SAMPLE-FFPP-00434","name":"Sample Market 0434","address":"6132 Testing Terrace, San Diego, CA 92105","facility_type":"market","council_district":9,"last_visit":{"date":"2026-04-29","type":"routine"},"grade":{"grade":"A","score":100,"date":"2026-04-29","replaced":null,"open_closure":null},"flags":[]}},{"type":"Feature","geometry":{"type":"Point","coordinates":[-117.142156,32.828854]},"properties":{"facility_id":"SAMPLE-FFPP-00435","name":"Sample Taqueria 0435","address":"8788 Placeholder Street, San Diego, CA 92123","facility_type":"restaurant","council_district":6,"last_visit":{"date":"2025-11-22","type":"followup"},"grade":{"grade":"B","score":85,"date":"2025-11-22","replaced":{"grade":"C","score":79,"date":"2025-11-15"},"open_closure":null},"flags":["major","bc","temperature","vermin"],"band":"2","points":23}},{"type":"Feature","geometry":{"type":"Point","coordinates":[-117.235809,32.802213]},"properties":{"facility_id":"SAMPLE-FFPP-00436","name":"Sample Grill 0436","address":"9208 Sample Row, San Diego, CA 92109","facility_type":"restaurant","council_district":2,"last_visit":{"date":"2026-04-06","type":"routine"},"grade":{"grade":"A","score":98,"date":"2026-04-06","replaced":null,"open_closure":null},"flags":[],"points":4}},{"type":"Feature","geometry":{"type":"Point","coordinates":[-117.165253,32.723488]},"properties":{"facility_id":"SAMPLE-FFPP-00437","name":"Sample Grill 0437","address":"5988 Testing Terrace, San Diego, CA 92101","facility_type":"restaurant","council_district":3,"last_visit":{"date":"2026-04-22","type":"routine"},"grade":{"grade":"A","score":96,"date":"2026-04-22","replaced":null,"open_closure":null},"flags":[],"points":4}},{"type":"Feature","geometry":{"type":"Point","coordinates":[-117.152339,32.719822]},"properties":{"facility_id":"SAMPLE-FFPP-00438","name":"Sample Coffee Bar 0438","address":"5911 Specimen Way, San Diego, CA 92101","facility_type":"limited","council_district":3,"last_visit":{"date":"2026-03-24","type":"routine"},"grade":{"grade":"A","score":97,"date":"2026-03-24","replaced":null,"open_closure":null},"flags":[]}},{"type":"Feature","geometry":{"type":"Point","coordinates":[-117.146554,32.816224]},"properties":{"facility_id":"SAMPLE-FFPP-00439","name":"Sample Juice Bar 0439","address":"1386 Testing Terrace, San Diego, CA 92111","facility_type":"limited","council_district":6,"last_visit":{"date":"2026-04-22","type":"routine"},"grade":{"grade":"A","score":100,"date":"2026-04-22","replaced":null,"open_closure":null},"flags":[]}},{"type":"Feature","geometry":{"type":"Point","coordinates":[-117.161702,32.816137]},"properties":{"facility_id":"SAMPLE-FFPP-00440","name":"Sample Cafe 0440","address":"2409 Placeholder Street, San Diego, CA 92111","facility_type":"restaurant","council_district":6,"last_visit":{"date":"2026-01-30","type":"routine"},"grade":{"grade":"A","score":99,"date":"2026-01-30","replaced":null,"open_closure":null},"flags":[],"points":1}},{"type":"Feature","geometry":{"type":"Point","coordinates":[-117.046661,32.691486]},"properties":{"facility_id":"SAMPLE-FFPP-00441","name":"Sample Taqueria 0441","address":"1911 Placeholder Street, San Diego, CA 92139","facility_type":"restaurant","council_district":4,"last_visit":{"date":"2025-09-24","type":"routine"},"grade":{"grade":"A","score":97,"date":"2025-09-24","replaced":null,"open_closure":null},"flags":[],"points":3}},{"type":"Feature","geometry":{"type":"Point","coordinates":[-117.160122,32.708236]},"properties":{"facility_id":"SAMPLE-FFPP-00442","name":"Sample Pizzeria 0442","address":"230 Fictional Boulevard, San Diego, CA 92101","facility_type":"restaurant","council_district":3,"last_visit":{"date":"2025-12-26","type":"routine"},"grade":{"grade":"A","score":96,"date":"2025-12-26","replaced":null,"open_closure":null},"flags":["major","temperature"],"points":6}},{"type":"Feature","geometry":{"type":"Point","coordinates":[-117.133767,32.912822]},"properties":{"facility_id":"SAMPLE-FFPP-00443","name":"Sample Sushi Bar 0443","address":"1879 Placeholder Street, San Diego, CA 92126","facility_type":"restaurant","council_district":6,"last_visit":{"date":"2025-09-20","type":"reinspection"},"grade":{"grade":"A","score":90,"date":"2025-09-20","replaced":null,"open_closure":null},"flags":["major","temperature","vermin"],"band":"3","points":12}},{"type":"Feature","geometry":{"type":"Point","coordinates":[-117.253669,32.799288]},"properties":{"facility_id":"SAMPLE-FFPP-00444","name":"Sample Pho House 0444","address":"6243 Demo Court, San Diego, CA 92109","facility_type":"restaurant","council_district":2,"last_visit":{"date":"2026-02-04","type":"routine"},"grade":{"grade":"A","score":97,"date":"2026-02-04","replaced":null,"open_closure":null},"flags":[],"points":3}},{"type":"Feature","geometry":{"type":"Point","coordinates":[-117.175668,32.717467]},"properties":{"facility_id":"SAMPLE-FFPP-00445","name":"Sample Pizzeria 0445","address":"3792 Example Avenue, San Diego, CA 92101","facility_type":"restaurant","council_district":3,"last_visit":{"date":"2026-07-13","type":"routine"},"grade":{"grade":"A","score":98,"date":"2026-07-13","replaced":null,"open_closure":null},"flags":[],"points":4}},{"type":"Feature","geometry":{"type":"Point","coordinates":[-117.269901,32.850242]},"properties":{"facility_id":"SAMPLE-FFPP-00446","name":"Sample Diner 0446","address":"1752 Sample Row, San Diego, CA 92037","facility_type":"restaurant","council_district":1,"last_visit":{"date":"2025-11-05","type":"routine"},"grade":{"grade":"A","score":96,"date":"2025-11-05","replaced":null,"open_closure":null},"flags":[],"band":"3","points":8}},{"type":"Feature","geometry":{"type":"Point","coordinates":[-117.157231,32.706893]},"properties":{"facility_id":"SAMPLE-FFPP-00447","name":"Sample Cafe 0447","address":"6394 Testing Terrace, San Diego, CA 92101","facility_type":"restaurant","council_district":3,"last_visit":{"date":"2025-12-22","type":"reinspection"},"grade":{"grade":"A","score":92,"date":"2025-12-22","replaced":null,"open_closure":null},"flags":["major","hands"],"band":"3","points":8}},{"type":"Feature","geometry":{"type":"Point","coordinates":[-117.250546,32.795018]},"properties":{"facility_id":"SAMPLE-FFPP-00448","name":"Sample Noodle House 0448","address":"1204 Testing Terrace, San Diego, CA 92109","facility_type":"restaurant","council_district":2,"last_visit":{"date":"2026-07-17","type":"routine"},"grade":{"grade":"A","score":99,"date":"2026-07-17","replaced":null,"open_closure":null},"flags":[],"points":3}},{"type":"Feature","geometry":{"type":"Point","coordinates":[-117.109966,32.754048]},"properties":{"facility_id":"SAMPLE-FFPP-00449","name":"Sample Pho House 0449","address":"3484 Invented Road, San Diego, CA 92116","facility_type":"restaurant","council_district":9,"last_visit":{"date":"2026-06-28","type":"routine"},"grade":{"grade":"A","score":98,"date":"2026-06-28","replaced":null,"open_closure":null},"flags":[],"points":2}},{"type":"Feature","geometry":{"type":"Point","coordinates":[-117.139475,32.697779]},"properties":{"facility_id":"SAMPLE-FFPP-00450","name":"Sample Cafe 0450","address":"1874 Invented Road, San Diego, CA 92113","facility_type":"restaurant","council_district":8,"last_visit":{"date":"2026-02-17","type":"routine"},"grade":{"grade":"A","score":92,"date":"2026-02-17","replaced":null,"open_closure":null},"flags":["major","sanitizing"],"band":"3","points":8}},{"type":"Feature","geometry":{"type":"Point","coordinates":[-117.088353,32.907848]},"properties":{"facility_id":"SAMPLE-FFPP-00451","name":"Sample Kitchen 0451","address":"1642 Mock Lane, San Diego, CA 92131","facility_type":"restaurant","council_district":5,"last_visit":{"date":"2026-08-04","type":"routine"},"grade":{"grade":"A","score":96,"date":"2026-08-04","replaced":null,"open_closure":null},"flags":[],"points":6}},{"type":"Feature","geometry":{"type":"Point","coordinates":[-117.14034,32.691832]},"properties":{"facility_id":"SAMPLE-FFPP-00452","name":"Sample Taqueria 0452","address":"1556 Testing Terrace, San Diego, CA 92113","facility_type":"restaurant","council_district":8,"last_visit":{"date":"2026-02-13","type":"routine"},"grade":{"grade":"A","score":99,"date":"2026-02-13","replaced":null,"open_closure":null},"flags":[],"points":1}},{"type":"Feature","geometry":{"type":"Point","coordinates":[-117.119458,32.735054]},"properties":{"facility_id":"SAMPLE-FFPP-00453","name":"Sample Diner 0453","address":"891 Demo Court, San Diego, CA 92104","facility_type":"restaurant","council_district":3,"last_visit":{"date":"2025-06-12","type":"routine"},"grade":{"grade":"A","score":98,"date":"2025-06-12","replaced":null,"open_closure":null},"flags":[]}},{"type":"Feature","geometry":{"type":"Point","coordinates":[-117.220277,32.876077]},"properties":{"facility_id":"SAMPLE-FFPP-00454","name":"Sample Grocery 0454","address":"6233 Invented Road, San Diego, CA 92122","facility_type":"market","council_district":1,"last_visit":{"date":"2026-04-26","type":"followup"},"grade":{"grade":"A","score":95,"date":"2026-04-26","replaced":{"grade":"B","score":89,"date":"2026-04-09"},"open_closure":null},"flags":["major","bc","supplier"]}},{"type":"Feature","geometry":{"type":"Point","coordinates":[-117.206949,32.783371]},"properties":{"facility_id":"SAMPLE-FFPP-00455","name":"Sample Noodle House 0455","address":"4450 Sample Row, San Diego, CA 92110","facility_type":"restaurant","council_district":2,"last_visit":{"date":"2026-02-17","type":"routine"},"grade":{"grade":"A","score":96,"date":"2026-02-17","replaced":null,"open_closure":null},"flags":[],"points":4}},{"type":"Feature","geometry":{"type":"Point","coordinates":[-117.128786,32.74573]},"properties":{"facility_id":"SAMPLE-FFPP-00456","name":"Sample Pho House 0456","address":"5927 Fictional Boulevard, San Diego, CA 92104","facility_type":"restaurant","council_district":3,"last_visit":{"date":"2026-06-13","type":"routine"},"grade":{"grade":"A","score":100,"date":"2026-06-13","replaced":null,"open_closure":null},"flags":[],"points":0}},{"type":"Feature","geometry":{"type":"Point","coordinates":[-117.147887,32.722264]},"properties":{"facility_id":"SAMPLE-FFPP-00457","name":"Sample Noodle House 0457","address":"2211 Mock Lane, San Diego, CA 92101","facility_type":"restaurant","council_district":3,"last_visit":{"date":"2026-05-28","type":"routine"},"grade":{"grade":"A","score":99,"date":"2026-05-28","replaced":null,"open_closure":null},"flags":[],"points":1}},{"type":"Feature","geometry":{"type":"Point","coordinates":[-117.10925,32.755554]},"properties":{"facility_id":"SAMPLE-FFPP-00458","name":"Sample Cantina 0458","address":"6438 Testing Terrace, San Diego, CA 92105","facility_type":"restaurant","council_district":9,"last_visit":{"date":"2026-05-14","type":"reinspection"},"grade":{"grade":"A","score":90,"date":"2026-05-14","replaced":null,"open_closure":null},"flags":["major","major_2","process"],"band":"3","points":10}},{"type":"Feature","geometry":{"type":"Point","coordinates":[-117.155796,32.710273]},"properties":{"facility_id":"SAMPLE-FFPP-00459","name":"Sample Kitchen 0459","address":"2684 Mock Lane, San Diego, CA 92101","facility_type":"restaurant","council_district":3,"last_visit":{"date":"2026-07-28","type":"routine"},"grade":{"grade":"A","score":95,"date":"2026-07-28","replaced":null,"open_closure":null},"flags":[],"points":5}},{"type":"Feature","geometry":{"type":"Point","coordinates":[-117.16837,32.72478]},"properties":{"facility_id":"SAMPLE-FFPP-00460","name":"Sample Pho House 0460","address":"4918 Example Avenue, San Diego, CA 92101","facility_type":"restaurant","council_district":3,"last_visit":{"date":"2026-02-20","type":"complaint"},"grade":{"grade":"A","score":92,"date":"2025-10-03","replaced":null,"open_closure":null},"flags":["major","major_2","temperature"],"band":"3","points":12}},{"type":"Feature","geometry":{"type":"Point","coordinates":[-117.092797,32.900373]},"properties":{"facility_id":"SAMPLE-FFPP-00461","name":"Sample Taqueria 0461","address":"8642 Fictional Boulevard, San Diego, CA 92131","facility_type":"restaurant","council_district":5,"last_visit":{"date":"2026-07-18","type":"routine"},"grade":{"grade":"A","score":98,"date":"2026-07-18","replaced":null,"open_closure":null},"flags":[],"points":5}},{"type":"Feature","geometry":{"type":"Point","coordinates":[-117.242561,32.735297]},"properties":{"facility_id":"SAMPLE-FFPP-00462","name":"Sample Sushi Bar 0462","address":"4156 Demo Court, San Diego, CA 92106","facility_type":"restaurant","council_district":2,"last_visit":{"date":"2026-03-19","type":"routine"},"grade":{"grade":"A","score":98,"date":"2026-03-19","replaced":null,"open_closure":null},"flags":[],"points":2}},{"type":"Feature","geometry":{"type":"Point","coordinates":[-117.168338,32.721791]},"properties":{"facility_id":"SAMPLE-FFPP-00463","name":"Sample Grill 0463","address":"7401 Placeholder Street, San Diego, CA 92101","facility_type":"restaurant","council_district":3,"last_visit":{"date":"2026-02-27","type":"routine"},"grade":{"grade":"A","score":97,"date":"2026-02-27","replaced":null,"open_closure":null},"flags":[],"points":5}},{"type":"Feature","geometry":{"type":"Point","coordinates":[-117.154815,32.766073]},"properties":{"facility_id":"SAMPLE-FFPP-00464","name":"Sample Pizzeria 0464","address":"4062 Fictional Boulevard, San Diego, CA 92108","facility_type":"restaurant","council_district":7,"last_visit":{"date":"2026-08-15","type":"complaint"},"grade":{"grade":"A","score":94,"date":"2026-05-28","replaced":null,"open_closure":null},"flags":["major","hands"],"band":"3","points":8}},{"type":"Feature","geometry":{"type":"Point","coordinates":[-117.189799,32.785508]},"properties":{"facility_id":"SAMPLE-FFPP-00465","name":"Sample Grill 0465","address":"8553 Fictional Boulevard, San Diego, CA 92111","facility_type":"restaurant","council_district":7,"last_visit":{"date":"2026-07-05","type":"routine"},"grade":{"grade":"A","score":96,"date":"2026-07-05","replaced":null,"open_closure":null},"flags":[],"points":4}},{"type":"Feature","geometry":{"type":"Point","coordinates":[-117.120694,32.823862]},"properties":{"facility_id":"SAMPLE-FFPP-00466","name":"Sample Carniceria 0466","address":"5993 Specimen Way, San Diego, CA 92123","facility_type":"market","council_district":6,"last_visit":{"date":"2026-05-16","type":"routine"},"grade":{"grade":"A","score":98,"date":"2026-05-16","replaced":null,"open_closure":null},"flags":[]}},{"type":"Feature","geometry":{"type":"Point","coordinates":[-117.004964,32.571323]},"properties":{"facility_id":"SAMPLE-FFPP-00467","name":"Sample Pho House 0467","address":"4918 Sample Row, San Diego, CA 92154","facility_type":"restaurant","council_district":8,"last_visit":{"date":"2026-03-22","type":"routine"},"grade":{"grade":"A","score":100,"date":"2026-03-22","replaced":null,"open_closure":null},"flags":[],"points":0}},{"type":"Feature","geometry":{"type":"Point","coordinates":[-117.250178,32.796084]},"properties":{"facility_id":"SAMPLE-FFPP-00468","name":"Sample Grocery 0468","address":"8743 Specimen Way, San Diego, CA 92109","facility_type":"market","council_district":2,"last_visit":{"date":"2026-03-26","type":"routine"},"grade":{"grade":"A","score":94,"date":"2026-03-26","replaced":null,"open_closure":null},"flags":["major","major_2","sanitizing"]}},{"type":"Feature","geometry":{"type":"Point","coordinates":[-117.28032,32.851536]},"properties":{"facility_id":"SAMPLE-FFPP-00469","name":"Sample Cafe 0469","address":"1970 Placeholder Street, San Diego, CA 92037","facility_type":"restaurant","council_district":1,"last_visit":{"date":"2025-08-21","type":"routine"},"grade":{"grade":"A","score":96,"date":"2025-08-21","replaced":null,"open_closure":null},"flags":[]}},{"type":"Feature","geometry":{"type":"Point","coordinates":[-117.010934,32.567645]},"properties":{"facility_id":"SAMPLE-FFPP-00470","name":"Sample Market 0470","address":"6783 Mock Lane, San Diego, CA 92154","facility_type":"market","council_district":8,"last_visit":{"date":"2025-08-10","type":"routine"},"grade":{"grade":"A","score":97,"date":"2025-08-10","replaced":null,"open_closure":null},"flags":[]}},{"type":"Feature","geometry":{"type":"Point","coordinates":[-117.070001,32.717002]},"properties":{"facility_id":"SAMPLE-FFPP-00471","name":"Sample Market 0471","address":"6363 Placeholder Street, San Diego, CA 92114","facility_type":"market","council_district":4,"last_visit":{"date":"2025-09-15","type":"routine"},"grade":{"grade":"A","score":96,"date":"2025-09-15","replaced":null,"open_closure":null},"flags":["major","handsink"]}},{"type":"Feature","geometry":{"type":"Point","coordinates":[-117.035612,32.716765]},"properties":{"facility_id":"SAMPLE-FFPP-00472","name":"Sample Cafe 0472","address":"4201 Demo Court, San Diego, CA 92114","facility_type":"restaurant","council_district":4,"last_visit":{"date":"2025-07-15","type":"routine"},"grade":{"grade":"A","score":98,"date":"2025-07-15","replaced":null,"open_closure":null},"flags":[]}},{"type":"Feature","geometry":{"type":"Point","coordinates":[-117.245787,32.742008]},"properties":{"facility_id":"SAMPLE-FFPP-00473","name":"Sample Juice Bar 0473","address":"7623 Specimen Way, San Diego, CA 92107","facility_type":"limited","council_district":2,"last_visit":{"date":"2025-12-27","type":"complaint"},"grade":{"grade":"A","score":92,"date":"2025-11-23","replaced":null,"open_closure":null},"flags":["major","major_2","handsink"]}},{"type":"Feature","geometry":{"type":"Point","coordinates":[-117.03513,32.69661]},"properties":{"facility_id":"SAMPLE-FFPP-00474","name":"Sample Cantina 0474","address":"1767 Pretend Place, San Diego, CA 92114","facility_type":"restaurant","council_district":4,"last_visit":{"date":"2025-06-26","type":"routine"},"grade":{"grade":"A","score":96,"date":"2025-06-26","replaced":null,"open_closure":null},"flags":[]}},{"type":"Feature","geometry":{"type":"Point","coordinates":[-117.036526,32.694313]},"properties":{"facility_id":"SAMPLE-FFPP-00475","name":"Sample Juice Bar 0475","address":"2149 Fictional Boulevard, San Diego, CA 92114","facility_type":"limited","council_district":4,"last_visit":{"date":"2025-08-12","type":"routine"},"grade":{"grade":"A","score":100,"date":"2025-08-12","replaced":null,"open_closure":{"date":"2025-08-12","reason":"permit","later_ungraded":[],"status":"Ordered Closed"}},"flags":[]}},{"type":"Feature","geometry":{"type":"Point","coordinates":[-117.049639,32.700507]},"properties":{"facility_id":"SAMPLE-FFPP-00476","name":"Sample Grill 0476","address":"8780 Sample Row, San Diego, CA 92114","facility_type":"restaurant","council_district":4,"last_visit":{"date":"2026-08-23","type":"routine"},"grade":{"grade":"A","score":96,"date":"2026-08-23","replaced":null,"open_closure":null},"flags":[],"points":4}},{"type":"Feature","geometry":{"type":"Point","coordinates":[-117.057237,32.683408]},"properties":{"facility_id":"SAMPLE-FFPP-00477","name":"Sample Noodle House 0477","address":"4551 Example Avenue, San Diego, CA 92139","facility_type":"restaurant","council_district":4,"last_visit":{"date":"2026-06-29","type":"routine"},"grade":{"grade":"A","score":98,"date":"2026-06-29","replaced":null,"open_closure":null},"flags":[],"points":2}},{"type":"Feature","geometry":{"type":"Point","coordinates":[-117.063705,32.78132]},"properties":{"facility_id":"SAMPLE-FFPP-00478","name":"Sample Sushi Bar 0478","address":"6978 Mock Lane, San Diego, CA 92115","facility_type":"restaurant","council_district":9,"last_visit":{"date":"2026-07-16","type":"routine"},"grade":{"grade":"A","score":98,"date":"2026-07-16","replaced":null,"open_closure":null},"flags":[],"points":2}},{"type":"Feature","geometry":{"type":"Point","coordinates":[-117.106261,32.895462]},"properties":{"facility_id":"SAMPLE-FFPP-00479","name":"Sample Grill 0479","address":"1710 Invented Road, San Diego, CA 92131","facility_type":"restaurant","council_district":5,"last_visit":{"date":"2026-08-19","type":"routine"},"grade":{"grade":"A","score":99,"date":"2026-08-19","replaced":null,"open_closure":null},"flags":[],"points":1}},{"type":"Feature","geometry":{"type":"Point","coordinates":[-117.207083,32.789675]},"properties":{"facility_id":"SAMPLE-FFPP-00480","name":"Sample Coffee Bar 0480","address":"546 Invented Road, San Diego, CA 92110","facility_type":"limited","council_district":2,"last_visit":{"date":"2025-11-24","type":"routine"},"grade":{"grade":"A","score":98,"date":"2025-11-24","replaced":null,"open_closure":null},"flags":[]}},{"type":"Feature","geometry":{"type":"Point","coordinates":[-117.256282,32.794089]},"properties":{"facility_id":"SAMPLE-FFPP-00481","name":"Sample Kitchen 0481","address":"8269 Demo Court, San Diego, CA 92109","facility_type":"restaurant","council_district":2,"last_visit":{"date":"2026-04-04","type":"routine"},"grade":{"grade":"A","score":94,"date":"2026-04-04","replaced":null,"open_closure":null},"flags":["major","temperature"],"points":7}},{"type":"Feature","geometry":{"type":"Point","coordinates":[-117.170671,32.733674]},"properties":{"facility_id":"SAMPLE-FFPP-00482","name":"Sample Pho House 0482","address":"8187 Mock Lane, San Diego, CA 92101","facility_type":"restaurant","council_district":3,"last_visit":{"date":"2026-06-24","type":"routine"},"grade":{"grade":"A","score":99,"date":"2026-06-24","replaced":null,"open_closure":null},"flags":[],"points":1}},{"type":"Feature","geometry":{"type":"Point","coordinates":[-117.210885,32.774578]},"properties":{"facility_id":"SAMPLE-FFPP-00483","name":"Sample Taqueria 0483","address":"1617 Placeholder Street, San Diego, CA 92110","facility_type":"restaurant","council_district":2,"last_visit":{"date":"2026-03-19","type":"routine"},"grade":{"grade":"A","score":98,"date":"2026-03-19","replaced":null,"open_closure":null},"flags":[],"points":2}},{"type":"Feature","geometry":{"type":"Point","coordinates":[-117.114934,32.960602]},"properties":{"facility_id":"SAMPLE-FFPP-00484","name":"Sample Diner 0484","address":"3166 Placeholder Street, San Diego, CA 92129","facility_type":"restaurant","council_district":5,"last_visit":{"date":"2026-03-16","type":"routine"},"grade":{"grade":"A","score":94,"date":"2026-03-16","replaced":null,"open_closure":null},"flags":[],"points":6}},{"type":"Feature","geometry":{"type":"Point","coordinates":[-117.280906,32.839556]},"properties":{"facility_id":"SAMPLE-FFPP-00485","name":"Sample Sushi Bar 0485","address":"4647 Example Avenue, San Diego, CA 92037","facility_type":"restaurant","council_district":1,"last_visit":{"date":"2025-10-28","type":"routine"},"grade":{"grade":"A","score":100,"date":"2025-10-28","replaced":null,"open_closure":null},"flags":[],"points":0}},{"type":"Feature","geometry":{"type":"Point","coordinates":[-117.033662,32.558118]},"properties":{"facility_id":"SAMPLE-FFPP-00486","name":"Sample Pho House 0486","address":"2730 Fictional Boulevard, San Diego, CA 92173","facility_type":"restaurant","council_district":8,"last_visit":{"date":"2025-11-28","type":"routine"},"grade":{"grade":"A","score":96,"date":"2025-11-28","replaced":null,"open_closure":null},"flags":[],"points":4}},{"type":"Feature","geometry":{"type":"Point","coordinates":[-117.048662,32.695814]},"properties":{"facility_id":"SAMPLE-FFPP-00487","name":"Sample Grill 0487","address":"314 Testing Terrace, San Diego, CA 92114","facility_type":"restaurant","council_district":4,"last_visit":{"date":"2025-10-19","type":"routine"},"grade":{"grade":"A","score":98,"date":"2025-10-19","replaced":null,"open_closure":null},"flags":[],"points":2}},{"type":"Feature","geometry":{"type":"Point","coordinates":[-117.056507,32.688034]},"properties":{"facility_id":"SAMPLE-FFPP-00488","name":"Sample Diner 0488","address":"5421 Sample Row, San Diego, CA 92139","facility_type":"restaurant","council_district":4,"last_visit":{"date":"2026-08-10","type":"routine"},"grade":{"grade":"A","score":98,"date":"2026-08-10","replaced":null,"open_closure":null},"flags":[],"points":2}},{"type":"Feature","geometry":{"type":"Point","coordinates":[-117.162442,32.722208]},"properties":{"facility_id":"SAMPLE-FFPP-00489","name":"Sample Cantina 0489","address":"3058 Mock Lane, San Diego, CA 92101","facility_type":"restaurant","council_district":3,"last_visit":{"date":"2026-02-22","type":"routine"},"grade":{"grade":"A","score":99,"date":"2026-02-22","replaced":null,"open_closure":null},"flags":[],"points":1}},{"type":"Feature","geometry":{"type":"Point","coordinates":[-117.146921,32.836933]},"properties":{"facility_id":"SAMPLE-FFPP-00490","name":"Sample Cafe 0490","address":"9458 Sample Row, San Diego, CA 92111","facility_type":"restaurant","council_district":6,"last_visit":{"date":"2026-05-06","type":"routine"},"grade":{"grade":"A","score":97,"date":"2026-05-06","replaced":null,"open_closure":null},"flags":[],"points":3}},{"type":"Feature","geometry":{"type":"Point","coordinates":[-117.220627,32.945876]},"properties":{"facility_id":"SAMPLE-FFPP-00491","name":"Sample Noodle House 0491","address":"6309 Specimen Way, San Diego, CA 92130","facility_type":"restaurant","council_district":1,"last_visit":{"date":"2026-05-27","type":"routine"},"grade":{"grade":"A","score":97,"date":"2026-05-27","replaced":null,"open_closure":null},"flags":[],"points":2}},{"type":"Feature","geometry":{"type":"Point","coordinates":[-117.055987,32.709253]},"properties":{"facility_id":"SAMPLE-FFPP-00492","name":"Sample Pizzeria 0492","address":"4315 Pretend Place, San Diego, CA 92114","facility_type":"restaurant","council_district":4,"last_visit":{"date":"2025-10-31","type":"reinspection"},"grade":{"grade":"A","score":94,"date":"2025-10-31","replaced":null,"open_closure":null},"flags":["major","sanitizing"],"points":6}},{"type":"Feature","geometry":{"type":"Point","coordinates":[-117.159753,32.717516]},"properties":{"facility_id":"SAMPLE-FFPP-00493","name":"Sample Diner 0493","address":"6482 Specimen Way, San Diego, CA 92101","facility_type":"restaurant","council_district":3,"last_visit":{"date":"2025-10-03","type":"routine"},"grade":{"grade":"A","score":100,"date":"2025-10-03","replaced":null,"open_closure":null},"flags":[],"points":0}},{"type":"Feature","geometry":{"type":"Point","coordinates":[-117.153171,32.778769]},"properties":{"facility_id":"SAMPLE-FFPP-00494","name":"Sample Noodle House 0494","address":"5178 Testing Terrace, San Diego, CA 92108","facility_type":"restaurant","council_district":7,"last_visit":{"date":"2025-10-31","type":"routine"},"grade":{"grade":"A","score":98,"date":"2025-10-31","replaced":null,"open_closure":null},"flags":[],"points":2}},{"type":"Feature","geometry":{"type":"Point","coordinates":[-117.121548,32.957296]},"properties":{"facility_id":"SAMPLE-FFPP-00495","name":"Sample Sushi Bar 0495","address":"1381 Demo Court, San Diego, CA 92129","facility_type":"restaurant","council_district":5,"last_visit":{"date":"2026-07-23","type":"routine"},"grade":{"grade":"A","score":96,"date":"2026-07-23","replaced":null,"open_closure":null},"flags":[],"points":4}},{"type":"Feature","geometry":{"type":"Point","coordinates":[-117.097635,32.750524]},"properties":{"facility_id":"SAMPLE-FFPP-00496","name":"Sample Taqueria 0496","address":"5195 Testing Terrace, San Diego, CA 92105","facility_type":"restaurant","council_district":9,"last_visit":{"date":"2025-10-01","type":"routine"},"grade":{"grade":"A","score":97,"date":"2025-10-01","replaced":null,"open_closure":null},"flags":[],"points":3}},{"type":"Feature","geometry":{"type":"Point","coordinates":[-117.259019,32.752624]},"properties":{"facility_id":"SAMPLE-FFPP-00497","name":"Sample Cafe 0497","address":"2495 Fictional Boulevard, San Diego, CA 92107","facility_type":"restaurant","council_district":2,"last_visit":{"date":"2026-08-18","type":"complaint"},"grade":{"grade":"A","score":92,"date":"2026-04-05","replaced":null,"open_closure":null},"flags":["major","major_2","temperature","supplier"],"band":"2","points":14}},{"type":"Feature","geometry":{"type":"Point","coordinates":[-117.159564,32.82893]},"properties":{"facility_id":"SAMPLE-FFPP-00498","name":"Sample Cantina 0498","address":"8626 Mock Lane, San Diego, CA 92111","facility_type":"restaurant","council_district":6,"last_visit":{"date":"2026-06-13","type":"routine"},"grade":{"grade":"A","score":98,"date":"2026-06-13","replaced":null,"open_closure":null},"flags":[],"points":2}},{"type":"Feature","geometry":{"type":"Point","coordinates":[-117.269085,32.791463]},"properties":{"facility_id":"SAMPLE-FFPP-00499","name":"Sample Deli Market 0499","address":"2410 Sample Row, San Diego, CA 92109","facility_type":"market","council_district":2,"last_visit":{"date":"2026-01-02","type":"routine"},"grade":{"grade":"A","score":98,"date":"2026-01-02","replaced":null,"open_closure":null},"flags":[]}},{"type":"Feature","geometry":{"type":"Point","coordinates":[-117.061033,32.68699]},"properties":{"facility_id":"SAMPLE-FFPP-00500","name":"Sample Deli Market 0500","address":"7908 Demo Court, San Diego, CA 92139","facility_type":"market","council_district":4,"last_visit":{"date":"2026-03-21","type":"complaint"},"grade":{"grade":"A","score":98,"date":"2026-01-26","replaced":null,"open_closure":null},"flags":[]}},{"type":"Feature","geometry":{"type":"Point","coordinates":[-117.162276,32.734201]},"properties":{"facility_id":"SAMPLE-FFPP-00501","name":"Sample Carniceria 0501","address":"4338 Mock Lane, San Diego, CA 92101","facility_type":"market","council_district":3,"last_visit":{"date":"2025-11-27","type":"reinspection"},"grade":{"grade":"A","score":92,"date":"2025-11-27","replaced":null,"open_closure":null},"flags":["major","major_2","temperature"]}},{"type":"Feature","geometry":{"type":"Point","coordinates":[-117.188851,32.817687]},"properties":{"facility_id":"SAMPLE-FFPP-00502","name":"Sample Cafe 0502","address":"6009 Testing Terrace, San Diego, CA 92117","facility_type":"restaurant","council_district":2,"last_visit":{"date":"2026-03-28","type":"routine"},"grade":{"grade":"A","score":94,"date":"2026-03-28","replaced":null,"open_closure":null},"flags":[],"band":"3","points":10}},{"type":"Feature","geometry":{"type":"Point","coordinates":[-117.144619,32.775449]},"properties":{"facility_id":"SAMPLE-FFPP-00503","name":"Sample Cafe 0503","address":"7059 Placeholder Street, San Diego, CA 92108","facility_type":"restaurant","council_district":7,"last_visit":{"date":"2026-08-29","type":"routine"},"grade":{"grade":"A","score":98,"date":"2026-08-29","replaced":null,"open_closure":null},"flags":[],"points":2}},{"type":"Feature","geometry":{"type":"Point","coordinates":[-117.151583,32.711146]},"properties":{"facility_id":"SAMPLE-FFPP-00504","name":"Sample Grill 0504","address":"9164 Specimen Way, San Diego, CA 92101","facility_type":"restaurant","council_district":3,"last_visit":{"date":"2026-06-19","type":"reinspection"},"grade":{"grade":"A","score":90,"date":"2026-06-07","replaced":null,"open_closure":null},"flags":["major","major_2","temperature"],"band":"3","points":9}},{"type":"Feature","geometry":{"type":"Point","coordinates":[-117.145055,32.91668]},"properties":{"facility_id":"SAMPLE-FFPP-00505","name":"Sample Grill 0505","address":"8151 Sample Row, San Diego, CA 92126","facility_type":"restaurant","council_district":6,"last_visit":{"date":"2025-11-09","type":"routine"},"grade":{"grade":"A","score":98,"date":"2025-11-09","replaced":null,"open_closure":null},"flags":[],"points":2}},{"type":"Feature","geometry":{"type":"Point","coordinates":[-117.157335,32.710245]},"properties":{"facility_id":"SAMPLE-FFPP-00506","name":"Sample Juice Bar 0506","address":"7841 Example Avenue, San Diego, CA 92101","facility_type":"limited","council_district":3,"last_visit":{"date":"2026-06-29","type":"routine"},"grade":{"grade":"A","score":98,"date":"2026-06-29","replaced":null,"open_closure":null},"flags":[]}},{"type":"Feature","geometry":{"type":"Point","coordinates":[-117.137489,32.831874]},"properties":{"facility_id":"SAMPLE-FFPP-00507","name":"Sample Pho House 0507","address":"9572 Fictional Boulevard, San Diego, CA 92123","facility_type":"restaurant","council_district":6,"last_visit":{"date":"2025-10-29","type":"routine"},"grade":{"grade":"A","score":96,"date":"2025-10-29","replaced":null,"open_closure":null},"flags":[],"points":4}},{"type":"Feature","geometry":{"type":"Point","coordinates":[-117.099887,32.743415]},"properties":{"facility_id":"SAMPLE-FFPP-00508","name":"Sample Sushi Bar 0508","address":"5645 Placeholder Street, San Diego, CA 92105","facility_type":"restaurant","council_district":9,"last_visit":{"date":"2026-07-07","type":"routine"},"grade":{"grade":"A","score":99,"date":"2026-07-07","replaced":null,"open_closure":null},"flags":[],"points":2}},{"type":"Feature","geometry":{"type":"Point","coordinates":[-117.079516,32.771905]},"properties":{"facility_id":"SAMPLE-FFPP-00509","name":"Sample Diner 0509","address":"422 Fictional Boulevard, San Diego, CA 92115","facility_type":"restaurant","council_district":9,"last_visit":{"date":"2026-01-24","type":"routine"},"grade":{"grade":"A","score":99,"date":"2026-01-24","replaced":null,"open_closure":null},"flags":[],"points":1}},{"type":"Feature","geometry":{"type":"Point","coordinates":[-117.065902,32.712994]},"properties":{"facility_id":"SAMPLE-FFPP-00510","name":"Sample Grill 0510","address":"3166 Placeholder Street, San Diego, CA 92114","facility_type":"restaurant","council_district":4,"last_visit":{"date":"2025-07-18","type":"routine"},"grade":{"grade":"A","score":96,"date":"2025-07-18","replaced":null,"open_closure":null},"flags":[]}},{"type":"Feature","geometry":{"type":"Point","coordinates":[-117.171166,32.719507]},"properties":{"facility_id":"SAMPLE-FFPP-00511","name":"Sample Grill 0511","address":"2750 Fictional Boulevard, San Diego, CA 92101","facility_type":"restaurant","council_district":3,"last_visit":{"date":"2025-10-20","type":"routine"},"grade":{"grade":"A","score":99,"date":"2025-10-20","replaced":null,"open_closure":null},"flags":[],"points":3}},{"type":"Feature","geometry":{"type":"Point","coordinates":[-117.143662,32.911766]},"properties":{"facility_id":"SAMPLE-FFPP-00512","name":"Sample Cafe 0512","address":"2247 Testing Terrace, San Diego, CA 92126","facility_type":"restaurant","council_district":6,"last_visit":{"date":"2026-08-16","type":"routine"},"grade":{"grade":"A","score":99,"date":"2026-08-16","replaced":null,"open_closure":null},"flags":[],"points":1}},{"type":"Feature","geometry":{"type":"Point","coordinates":[-117.136743,32.68693]},"properties":{"facility_id":"SAMPLE-FFPP-00513","name":"Sample Cantina 0513","address":"8885 Fictional Boulevard, San Diego, CA 92113","facility_type":"restaurant","council_district":8,"last_visit":{"date":"2026-01-01","type":"routine"},"grade":{"grade":"A","score":99,"date":"2026-01-01","replaced":null,"open_closure":null},"flags":[],"points":1}},{"type":"Feature","geometry":{"type":"Point","coordinates":[-117.18125,32.778492]},"properties":{"facility_id":"SAMPLE-FFPP-00514","name":"Sample Pizzeria 0514","address":"6067 Sample Row, San Diego, CA 92111","facility_type":"restaurant","council_district":7,"last_visit":{"date":"2026-08-06","type":"followup"},"grade":{"grade":"A","score":97,"date":"2026-08-06","replaced":null,"open_closure":null},"flags":["major","closed","temperature"],"band":"2","points":17}},{"type":"Feature","geometry":{"type":"Point","coordinates":[-117.154557,32.756464]},"properties":{"facility_id":"SAMPLE-FFPP-00515","name":"Sample Grill 0515","address":"6718 Placeholder Street, San Diego, CA 92103","facility_type":"restaurant","council_district":3,"last_visit":{"date":"2026-07-09","type":"routine"},"grade":{"grade":"A","score":96,"date":"2026-07-09","replaced":null,"open_closure":null},"flags":["major","temperature"],"band":"3","points":9}},{"type":"Feature","geometry":{"type":"Point","coordinates":[-117.153488,32.743928]},"properties":{"facility_id":"SAMPLE-FFPP-00516","name":"Sample Cafe 0516","address":"9228 Placeholder Street, San Diego, CA 92103","facility_type":"restaurant","council_district":3,"last_visit":{"date":"2026-07-03","type":"reinspection"},"grade":{"grade":"A","score":94,"date":"2026-06-19","replaced":null,"open_closure":null},"flags":["major","major_2","temperature","supplier"],"band":"3","points":9}},{"type":"Feature","geometry":{"type":"Point","coordinates":[-117.106375,32.746475]},"properties":{"facility_id":"SAMPLE-FFPP-00517","name":"Sample Cantina 0517","address":"4423 Mock Lane, San Diego, CA 92105","facility_type":"restaurant","council_district":9,"last_visit":{"date":"2026-08-09","type":"routine"},"grade":{"grade":"A","score":98,"date":"2026-08-09","replaced":null,"open_closure":null},"flags":[],"points":3}},{"type":"Feature","geometry":{"type":"Point","coordinates":[-117.214429,32.793564]},"properties":{"facility_id":"SAMPLE-FFPP-00518","name":"Sample Juice Bar 0518","address":"2864 Fictional Boulevard, San Diego, CA 92110","facility_type":"limited","council_district":2,"last_visit":{"date":"2025-12-02","type":"routine"},"grade":{"grade":"A","score":98,"date":"2025-12-02","replaced":null,"open_closure":null},"flags":[]}},{"type":"Feature","geometry":{"type":"Point","coordinates":[-117.063336,32.77408]},"properties":{"facility_id":"SAMPLE-FFPP-00519","name":"Sample Tea House 0519","address":"5393 Invented Road, San Diego, CA 92115","facility_type":"limited","council_district":9,"last_visit":{"date":"2026-04-27","type":"routine"},"grade":{"grade":"A","score":100,"date":"2026-04-27","replaced":null,"open_closure":null},"flags":[]}},{"type":"Feature","geometry":{"type":"Point","coordinates":[-117.271822,32.852355]},"properties":{"facility_id":"SAMPLE-FFPP-00520","name":"Sample Market 0520","address":"1651 Testing Terrace, San Diego, CA 92037","facility_type":"market","council_district":1,"last_visit":{"date":"2025-07-30","type":"routine"},"grade":{"grade":"A","score":98,"date":"2025-07-30","replaced":null,"open_closure":null},"flags":[]}},{"type":"Feature","geometry":{"type":"Point","coordinates":[-117.138287,32.696586]},"properties":{"facility_id":"SAMPLE-FFPP-00521","name":"Sample Sushi Bar 0521","address":"7948 Invented Road, San Diego, CA 92113","facility_type":"restaurant","council_district":8,"last_visit":{"date":"2026-04-13","type":"routine"},"grade":{"grade":"A","score":99,"date":"2026-04-13","replaced":null,"open_closure":null},"flags":[],"points":1}},{"type":"Feature","geometry":{"type":"Point","coordinates":[-117.216157,32.782689]},"properties":{"facility_id":"SAMPLE-FFPP-00522","name":"Sample Kitchen 0522","address":"3686 Pretend Place, San Diego, CA 92110","facility_type":"restaurant","council_district":2,"last_visit":{"date":"2026-05-22","type":"routine"},"grade":{"grade":"A","score":99,"date":"2026-05-22","replaced":null,"open_closure":null},"flags":[],"points":1}},{"type":"Feature","geometry":{"type":"Point","coordinates":[-117.136295,32.838717]},"properties":{"facility_id":"SAMPLE-FFPP-00523","name":"Sample Sushi Bar 0523","address":"1942 Example Avenue, San Diego, CA 92123","facility_type":"restaurant","council_district":6,"last_visit":{"date":"2025-09-04","type":"routine"},"grade":{"grade":"A","score":99,"date":"2025-09-04","replaced":null,"open_closure":null},"flags":[],"points":1}},{"type":"Feature","geometry":{"type":"Point","coordinates":[-117.175923,32.714141]},"properties":{"facility_id":"SAMPLE-FFPP-00524","name":"Sample Grocery 0524","address":"8595 Fictional Boulevard, San Diego, CA 92101","facility_type":"market","council_district":3,"last_visit":{"date":"2026-06-10","type":"routine"},"grade":{"grade":"A","score":95,"date":"2026-06-10","replaced":null,"open_closure":null},"flags":[]}},{"type":"Feature","geometry":{"type":"Point","coordinates":[-117.160148,32.734075]},"properties":{"facility_id":"SAMPLE-FFPP-00525","name":"Sample Taqueria 0525","address":"5030 Sample Row, San Diego, CA 92103","facility_type":"restaurant","council_district":3,"last_visit":{"date":"2026-05-31","type":"routine"},"grade":{"grade":"A","score":98,"date":"2026-05-31","replaced":null,"open_closure":null},"flags":["major","handsink"],"points":4}},{"type":"Feature","geometry":{"type":"Point","coordinates":[-117.075656,33.018043]},"properties":{"facility_id":"SAMPLE-FFPP-00526","name":"Sample Noodle House 0526","address":"745 Demo Court, San Diego, CA 92128","facility_type":"restaurant","council_district":5,"last_visit":{"date":"2025-07-17","type":"routine"},"grade":{"grade":"A","score":99,"date":"2025-07-17","replaced":null,"open_closure":null},"flags":[]}},{"type":"Feature","geometry":{"type":"Point","coordinates":[-117.154185,32.723197]},"properties":{"facility_id":"SAMPLE-FFPP-00527","name":"Sample Coffee Bar 0527","address":"6916 Specimen Way, San Diego, CA 92101","facility_type":"limited","council_district":3,"last_visit":{"date":"2026-01-27","type":"routine"},"grade":{"grade":"A","score":98,"date":"2026-01-27","replaced":null,"open_closure":null},"flags":[]}},{"type":"Feature","geometry":{"type":"Point","coordinates":[-117.008776,32.569187]},"properties":{"facility_id":"SAMPLE-FFPP-00528","name":"Sample Cantina 0528","address":"4316 Testing Terrace, San Diego, CA 92154","facility_type":"restaurant","council_district":8,"last_visit":{"date":"2026-06-27","type":"routine"},"grade":{"grade":"A","score":96,"date":"2026-06-27","replaced":null,"open_closure":null},"flags":[],"points":6}},{"type":"Feature","geometry":{"type":"Point","coordinates":[-117.16941,32.758499]},"properties":{"facility_id":"SAMPLE-FFPP-00529","name":"Sample Market 0529","address":"438 Invented Road, San Diego, CA 92103","facility_type":"market","council_district":3,"last_visit":{"date":"2026-08-26","type":"routine"},"grade":{"grade":"A","score":95,"date":"2026-08-26","replaced":null,"open_closure":null},"flags":[]}},{"type":"Feature","geometry":{"type":"Point","coordinates":[-117.125398,32.738993]},"properties":{"facility_id":"SAMPLE-FFPP-00530","name":"Sample Grill 0530","address":"9492 Placeholder Street, San Diego, CA 92104","facility_type":"restaurant","council_district":3,"last_visit":{"date":"2026-04-04","type":"routine"},"grade":{"grade":"A","score":97,"date":"2026-04-04","replaced":null,"open_closure":null},"flags":["major","major_2","temperature"],"band":"3","points":10}},{"type":"Feature","geometry":{"type":"Point","coordinates":[-117.062826,32.778521]},"properties":{"facility_id":"SAMPLE-FFPP-00531","name":"Sample Grill 0531","address":"4154 Pretend Place, San Diego, CA 92115","facility_type":"restaurant","council_district":9,"last_visit":{"date":"2026-04-23","type":"routine"},"grade":{"grade":"A","score":97,"date":"2026-04-23","replaced":null,"open_closure":null},"flags":["major","major_2","hands"],"points":5}},{"type":"Feature","geometry":{"type":"Point","coordinates":[-117.148401,32.835244]},"properties":{"facility_id":"SAMPLE-FFPP-00532","name":"Sample Grocery 0532","address":"6714 Pretend Place, San Diego, CA 92123","facility_type":"market","council_district":6,"last_visit":{"date":"2025-09-02","type":"reinspection"},"grade":{"grade":"A","score":94,"date":"2025-08-24","replaced":null,"open_closure":null},"flags":[]}},{"type":"Feature","geometry":{"type":"Point","coordinates":[-117.15401,32.819304]},"properties":{"facility_id":"SAMPLE-FFPP-00533","name":"Sample Tea House 0533","address":"3428 Testing Terrace, San Diego, CA 92111","facility_type":"limited","council_district":6,"last_visit":{"date":"2026-07-04","type":"routine"},"grade":{"grade":"A","score":97,"date":"2026-07-04","replaced":null,"open_closure":null},"flags":[]}},{"type":"Feature","geometry":{"type":"Point","coordinates":[-117.197406,32.825269]},"properties":{"facility_id":"SAMPLE-FFPP-00534","name":"Sample Sushi Bar 0534","address":"6269 Example Avenue, San Diego, CA 92117","facility_type":"restaurant","council_district":2,"last_visit":{"date":"2026-03-25","type":"routine"},"grade":{"grade":"A","score":94,"date":"2026-03-25","replaced":null,"open_closure":null},"flags":[],"points":6}},{"type":"Feature","geometry":{"type":"Point","coordinates":[-117.118132,32.764851]},"properties":{"facility_id":"SAMPLE-FFPP-00535","name":"Sample Noodle House 0535","address":"3023 Pretend Place, San Diego, CA 92116","facility_type":"restaurant","council_district":9,"last_visit":{"date":"2025-08-04","type":"routine"},"grade":{"grade":"A","score":98,"date":"2025-08-04","replaced":null,"open_closure":null},"flags":[]}},{"type":"Feature","geometry":{"type":"Point","coordinates":[-117.16785,32.722206]},"properties":{"facility_id":"SAMPLE-FFPP-00536","name":"Sample Diner 0536","address":"9798 Example Avenue, San Diego, CA 92101","facility_type":"restaurant","council_district":3,"last_visit":{"date":"2026-05-30","type":"routine"},"grade":{"grade":"A","score":100,"date":"2026-05-30","replaced":null,"open_closure":null},"flags":[],"points":0}},{"type":"Feature","geometry":{"type":"Point","coordinates":[-117.142431,32.703955]},"properties":{"facility_id":"SAMPLE-FFPP-00537","name":"Sample Carniceria 0537","address":"1474 Fictional Boulevard, San Diego, CA 92113","facility_type":"market","council_district":8,"last_visit":{"date":"2026-02-20","type":"routine"},"grade":{"grade":"A","score":98,"date":"2026-02-20","replaced":null,"open_closure":null},"flags":[]}},{"type":"Feature","geometry":{"type":"Point","coordinates":[-117.141019,32.915201]},"properties":{"facility_id":"SAMPLE-FFPP-00538","name":"Sample Taqueria 0538","address":"4964 Placeholder Street, San Diego, CA 92126","facility_type":"restaurant","council_district":6,"last_visit":{"date":"2026-01-19","type":"routine"},"grade":{"grade":"A","score":96,"date":"2026-01-19","replaced":null,"open_closure":null},"flags":[],"points":4}},{"type":"Feature","geometry":{"type":"Point","coordinates":[-117.068618,33.02259]},"properties":{"facility_id":"SAMPLE-FFPP-00539","name":"Sample Pizzeria 0539","address":"5217 Testing Terrace, San Diego, CA 92128","facility_type":"restaurant","council_district":5,"last_visit":{"date":"2026-07-24","type":"routine"},"grade":{"grade":"A","score":98,"date":"2026-07-24","replaced":null,"open_closure":null},"flags":[],"points":2}},{"type":"Feature","geometry":{"type":"Point","coordinates":[-117.159439,32.744825]},"properties":{"facility_id":"SAMPLE-FFPP-00540","name":"Sample Diner 0540","address":"7516 Mock Lane, San Diego, CA 92103","facility_type":"restaurant","council_district":3,"last_visit":{"date":"2025-10-07","type":"routine"},"grade":{"grade":"A","score":95,"date":"2025-10-07","replaced":null,"open_closure":null},"flags":[],"points":7}},{"type":"Feature","geometry":{"type":"Point","coordinates":[-117.057819,32.686202]},"properties":{"facility_id":"SAMPLE-FFPP-00541","name":"Sample Deli Market 0541","address":"8249 Sample Row, San Diego, CA 92139","facility_type":"market","council_district":4,"last_visit":{"date":"2026-03-27","type":"routine"},"grade":{"grade":"A","score":98,"date":"2026-03-27","replaced":null,"open_closure":null},"flags":[]}},{"type":"Feature","geometry":{"type":"Point","coordinates":[-117.129848,32.958382]},"properties":{"facility_id":"SAMPLE-FFPP-00542","name":"Sample Diner 0542","address":"2080 Example Avenue, San Diego, CA 92129","facility_type":"restaurant","council_district":5,"last_visit":{"date":"2026-07-22","type":"routine"},"grade":{"grade":"A","score":95,"date":"2026-07-22","replaced":null,"open_closure":null},"flags":[],"points":7}},{"type":"Feature","geometry":{"type":"Point","coordinates":[-117.243579,32.803356]},"properties":{"facility_id":"SAMPLE-FFPP-00543","name":"Sample Tea House 0543","address":"7070 Demo Court, San Diego, CA 92109","facility_type":"limited","council_district":2,"last_visit":{"date":"2025-09-19","type":"routine"},"grade":{"grade":"A","score":98,"date":"2025-09-19","replaced":null,"open_closure":null},"flags":[]}},{"type":"Feature","geometry":{"type":"Point","coordinates":[-117.188822,32.818279]},"properties":{"facility_id":"SAMPLE-FFPP-00544","name":"Sample Sushi Bar 0544","address":"5744 Demo Court, San Diego, CA 92117","facility_type":"restaurant","council_district":2,"last_visit":{"date":"2026-04-20","type":"routine"},"grade":{"grade":"A","score":99,"date":"2026-04-20","replaced":null,"open_closure":null},"flags":[],"points":1}},{"type":"Feature","geometry":{"type":"Point","coordinates":[-117.144965,32.920237]},"properties":{"facility_id":"SAMPLE-FFPP-00545","name":"Sample Cafe 0545","address":"7982 Demo Court, San Diego, CA 92126","facility_type":"restaurant","council_district":6,"last_visit":{"date":"2026-08-20","type":"routine"},"grade":{"grade":"A","score":93,"date":"2026-08-20","replaced":null,"open_closure":null},"flags":["major","handsink"],"points":7}},{"type":"Feature","geometry":{"type":"Point","coordinates":[-117.132727,32.751304]},"properties":{"facility_id":"SAMPLE-FFPP-00546","name":"Sample Cafe 0546","address":"9055 Fictional Boulevard, San Diego, CA 92104","facility_type":"restaurant","council_district":3,"last_visit":{"date":"2025-08-18","type":"routine"},"grade":{"grade":"A","score":98,"date":"2025-08-18","replaced":null,"open_closure":null},"flags":[]}},{"type":"Feature","geometry":{"type":"Point","coordinates":[-117.137614,32.695853]},"properties":{"facility_id":"SAMPLE-FFPP-00547","name":"Sample Cafe 0547","address":"8637 Invented Road, San Diego, CA 92113","facility_type":"restaurant","council_district":8,"last_visit":{"date":"2026-06-13","type":"reinspection"},"grade":{"grade":"A","score":93,"date":"2026-06-13","replaced":null,"open_closure":null},"flags":["major","major_2","temperature"],"points":6}},{"type":"Feature","geometry":{"type":"Point","coordinates":[-117.183247,32.826112]},"properties":{"facility_id":"SAMPLE-FFPP-00548","name":"Sample Deli Market 0548","address":"9843 Sample Row, San Diego, CA 92117","facility_type":"market","council_district":2,"last_visit":{"date":"2026-01-10","type":"routine"},"grade":{"grade":"A","score":99,"date":"2026-01-10","replaced":null,"open_closure":null},"flags":[]}},{"type":"Feature","geometry":{"type":"Point","coordinates":[-117.195771,32.824318]},"properties":{"facility_id":"SAMPLE-FFPP-00549","name":"Sample Cafe 0549","address":"4087 Pretend Place, San Diego, CA 92117","facility_type":"restaurant","council_district":2,"last_visit":{"date":"2026-08-27","type":"routine"},"grade":{"grade":"A","score":96,"date":"2026-08-27","replaced":null,"open_closure":null},"flags":[],"points":3}},{"type":"Feature","geometry":{"type":"Point","coordinates":[-117.159647,32.747023]},"properties":{"facility_id":"SAMPLE-FFPP-00550","name":"Sample Pizzeria 0550","address":"6489 Example Avenue, San Diego, CA 92103","facility_type":"restaurant","council_district":3,"last_visit":{"date":"2025-10-19","type":"routine"},"grade":{"grade":"A","score":95,"date":"2025-10-19","replaced":null,"open_closure":null},"flags":[],"points":5}},{"type":"Feature","geometry":{"type":"Point","coordinates":[-117.145513,32.744504]},"properties":{"facility_id":"SAMPLE-FFPP-00551","name":"Sample Sushi Bar 0551","address":"6984 Example Avenue, San Diego, CA 92103","facility_type":"restaurant","council_district":3,"last_visit":{"date":"2026-01-14","type":"routine"},"grade":{"grade":"A","score":99,"date":"2026-01-14","replaced":null,"open_closure":null},"flags":[],"points":1}},{"type":"Feature","geometry":{"type":"Point","coordinates":[-117.177867,32.722723]},"properties":{"facility_id":"SAMPLE-FFPP-00552","name":"Sample Noodle House 0552","address":"1607 Mock Lane, San Diego, CA 92101","facility_type":"restaurant","council_district":3,"last_visit":{"date":"2026-04-22","type":"routine"},"grade":{"grade":"A","score":96,"date":"2026-04-22","replaced":null,"open_closure":null},"flags":[],"points":6}},{"type":"Feature","geometry":{"type":"Point","coordinates":[-117.145389,32.828715]},"properties":{"facility_id":"SAMPLE-FFPP-00553","name":"Sample Pizzeria 0553","address":"2349 Demo Court, San Diego, CA 92111","facility_type":"restaurant","council_district":6,"last_visit":{"date":"2025-11-11","type":"routine"},"grade":{"grade":"A","score":98,"date":"2025-11-11","replaced":null,"open_closure":null},"flags":[],"points":2}},{"type":"Feature","geometry":{"type":"Point","coordinates":[-117.163676,32.710427]},"properties":{"facility_id":"SAMPLE-FFPP-00554","name":"Sample Snack Bar 0554","address":"8558 Fictional Boulevard, San Diego, CA 92101","facility_type":"limited","council_district":3,"last_visit":{"date":"2026-04-14","type":"routine"},"grade":{"grade":"A","score":98,"date":"2026-04-14","replaced":null,"open_closure":null},"flags":[]}},{"type":"Feature","geometry":{"type":"Point","coordinates":[-117.283094,32.844585]},"properties":{"facility_id":"SAMPLE-FFPP-00555","name":"Sample Diner 0555","address":"1815 Fictional Boulevard, San Diego, CA 92037","facility_type":"restaurant","council_district":1,"last_visit":{"date":"2026-08-28","type":"complaint"},"grade":{"grade":"A","score":98,"date":"2026-07-18","replaced":null,"open_closure":null},"flags":[],"points":4}},{"type":"Feature","geometry":{"type":"Point","coordinates":[-117.121411,32.956304]},"properties":{"facility_id":"SAMPLE-FFPP-00556","name":"Sample Deli Market 0556","address":"9551 Example Avenue, San Diego, CA 92129","facility_type":"market","council_district":5,"last_visit":{"date":"2026-05-26","type":"routine"},"grade":{"grade":"A","score":100,"date":"2026-05-26","replaced":null,"open_closure":null},"flags":[]}},{"type":"Feature","geometry":{"type":"Point","coordinates":[-117.095375,32.751543]},"properties":{"facility_id":"SAMPLE-FFPP-00557","name":"Sample Kitchen 0557","address":"3002 Specimen Way, San Diego, CA 92105","facility_type":"restaurant","council_district":9,"last_visit":{"date":"2026-08-26","type":"routine"},"grade":{"grade":"A","score":98,"date":"2026-08-26","replaced":null,"open_closure":null},"flags":[],"points":1}},{"type":"Feature","geometry":{"type":"Point","coordinates":[-117.104452,32.914017]},"properties":{"facility_id":"SAMPLE-FFPP-00558","name":"Sample Pizzeria 0558","address":"4291 Example Avenue, San Diego, CA 92131","facility_type":"restaurant","council_district":5,"last_visit":{"date":"2026-03-13","type":"routine"},"grade":{"grade":"A","score":98,"date":"2026-03-13","replaced":null,"open_closure":null},"flags":[],"points":2}},{"type":"Feature","geometry":{"type":"Point","coordinates":[-117.057961,32.708274]},"properties":{"facility_id":"SAMPLE-FFPP-00559","name":"Sample Market 0559","address":"3657 Sample Row, San Diego, CA 92114","facility_type":"market","council_district":4,"last_visit":{"date":"2025-07-10","type":"routine"},"grade":{"grade":"A","score":99,"date":"2025-07-10","replaced":null,"open_closure":null},"flags":[]}},{"type":"Feature","geometry":{"type":"Point","coordinates":[-117.164199,32.728796]},"properties":{"facility_id":"SAMPLE-FFPP-00560","name":"Sample Noodle House 0560","address":"6371 Demo Court, San Diego, CA 92101","facility_type":"restaurant","council_district":3,"last_visit":{"date":"2026-02-13","type":"routine"},"grade":{"grade":"A","score":97,"date":"2026-02-13","replaced":null,"open_closure":null},"flags":[],"points":3}},{"type":"Feature","geometry":{"type":"Point","coordinates":[-117.142536,32.690984]},"properties":{"facility_id":"SAMPLE-FFPP-00561","name":"Sample Diner 0561","address":"9066 Specimen Way, San Diego, CA 92113","facility_type":"restaurant","council_district":8,"last_visit":{"date":"2026-01-21","type":"routine"},"grade":{"grade":"A","score":97,"date":"2026-01-21","replaced":null,"open_closure":null},"flags":[],"points":3}},{"type":"Feature","geometry":{"type":"Point","coordinates":[-117.130132,32.750443]},"properties":{"facility_id":"SAMPLE-FFPP-00562","name":"Sample Pho House 0562","address":"6857 Invented Road, San Diego, CA 92104","facility_type":"restaurant","council_district":3,"last_visit":{"date":"2026-01-30","type":"followup"},"grade":{"grade":"B","score":87,"date":"2026-01-30","replaced":{"grade":"C","score":78,"date":"2026-01-12"},"open_closure":null},"flags":["major","bc","supplier","vermin"],"band":"2","points":22}},{"type":"Feature","geometry":{"type":"Point","coordinates":[-117.203285,32.79232]},"properties":{"facility_id":"SAMPLE-FFPP-00563","name":"Sample Pizzeria 0563","address":"8402 Specimen Way, San Diego, CA 92110","facility_type":"restaurant","council_district":2,"last_visit":{"date":"2026-07-29","type":"routine"},"grade":{"grade":"A","score":98,"date":"2026-07-29","replaced":null,"open_closure":null},"flags":[],"points":4}},{"type":"Feature","geometry":{"type":"Point","coordinates":[-117.083732,33.025063]},"properties":{"facility_id":"SAMPLE-FFPP-00564","name":"Sample Kitchen 0564","address":"9018 Invented Road, San Diego, CA 92128","facility_type":"restaurant","council_district":5,"last_visit":{"date":"2026-03-01","type":"routine"},"grade":{"grade":"A","score":96,"date":"2026-03-01","replaced":null,"open_closure":null},"flags":[],"band":"3","points":8}},{"type":"Feature","geometry":{"type":"Point","coordinates":[-117.150808,32.713242]},"properties":{"facility_id":"SAMPLE-FFPP-00565","name":"Sample Diner 0565","address":"9124 Specimen Way, San Diego, CA 92101","facility_type":"restaurant","council_district":3,"last_visit":{"date":"2026-07-27","type":"reinspection"},"grade":{"grade":"A","score":96,"date":"2026-07-27","replaced":null,"open_closure":null},"flags":["major","supplier"],"points":4}},{"type":"Feature","geometry":{"type":"Point","coordinates":[-117.093997,32.827886]},"properties":{"facility_id":"SAMPLE-FFPP-00566","name":"Sample Cafe 0566","address":"3676 Example Avenue, San Diego, CA 92124","facility_type":"restaurant","council_district":7,"last_visit":{"date":"2026-07-22","type":"routine"},"grade":{"grade":"A","score":98,"date":"2026-07-22","replaced":null,"open_closure":null},"flags":[],"points":2}},{"type":"Feature","geometry":{"type":"Point","coordinates":[-117.066536,32.769908]},"properties":{"facility_id":"SAMPLE-FFPP-00567","name":"Sample Juice Bar 0567","address":"8890 Demo Court, San Diego, CA 92115","facility_type":"limited","council_district":9,"last_visit":{"date":"2026-06-19","type":"routine"},"grade":{"grade":"A","score":100,"date":"2026-06-19","replaced":null,"open_closure":null},"flags":[]}},{"type":"Feature","geometry":{"type":"Point","coordinates":[-117.128042,32.70479]},"properties":{"facility_id":"SAMPLE-FFPP-00568","name":"Sample Juice Bar 0568","address":"6965 Mock Lane, San Diego, CA 92113","facility_type":"limited","council_district":8,"last_visit":{"date":"2026-06-08","type":"routine"},"grade":{"grade":"A","score":100,"date":"2026-06-08","replaced":null,"open_closure":null},"flags":[]}},{"type":"Feature","geometry":{"type":"Point","coordinates":[-117.076078,33.015346]},"properties":{"facility_id":"SAMPLE-FFPP-00569","name":"Sample Kitchen 0569","address":"6664 Fictional Boulevard, San Diego, CA 92128","facility_type":"restaurant","council_district":5,"last_visit":{"date":"2026-06-17","type":"routine"},"grade":{"grade":"A","score":98,"date":"2026-06-17","replaced":null,"open_closure":null},"flags":[],"points":2}},{"type":"Feature","geometry":{"type":"Point","coordinates":[-117.149408,32.927744]},"properties":{"facility_id":"SAMPLE-FFPP-00570","name":"Sample Kitchen 0570","address":"671 Testing Terrace, San Diego, CA 92126","facility_type":"restaurant","council_district":6,"last_visit":{"date":"2026-05-06","type":"routine"},"grade":{"grade":"A","score":100,"date":"2026-05-06","replaced":null,"open_closure":null},"flags":[],"points":0}},{"type":"Feature","geometry":{"type":"Point","coordinates":[-117.153422,32.722402]},"properties":{"facility_id":"SAMPLE-FFPP-00571","name":"Sample Kitchen 0571","address":"5104 Example Avenue, San Diego, CA 92101","facility_type":"restaurant","council_district":3,"last_visit":{"date":"2026-02-06","type":"routine"},"grade":{"grade":"A","score":98,"date":"2026-02-06","replaced":null,"open_closure":null},"flags":[],"points":2}},{"type":"Feature","geometry":{"type":"Point","coordinates":[-117.095523,32.900252]},"properties":{"facility_id":"SAMPLE-FFPP-00572","name":"Sample Noodle House 0572","address":"9362 Invented Road, San Diego, CA 92131","facility_type":"restaurant","council_district":5,"last_visit":{"date":"2026-04-19","type":"routine"},"grade":{"grade":"A","score":94,"date":"2026-04-19","replaced":null,"open_closure":null},"flags":[],"points":6}},{"type":"Feature","geometry":{"type":"Point","coordinates":[-117.076114,32.772302]},"properties":{"facility_id":"SAMPLE-FFPP-00573","name":"Sample Cafe 0573","address":"8311 Fictional Boulevard, San Diego, CA 92115","facility_type":"restaurant","council_district":9,"last_visit":{"date":"2026-01-25","type":"routine"},"grade":{"grade":"A","score":96,"date":"2026-01-25","replaced":null,"open_closure":null},"flags":[],"points":6}},{"type":"Feature","geometry":{"type":"Point","coordinates":[-117.177072,32.796941]},"properties":{"facility_id":"SAMPLE-FFPP-00574","name":"Sample Pho House 0574","address":"9419 Demo Court, San Diego, CA 92111","facility_type":"restaurant","council_district":7,"last_visit":{"date":"2026-08-20","type":"routine"},"grade":{"grade":"A","score":96,"date":"2026-08-20","replaced":null,"open_closure":null},"flags":[],"points":5}},{"type":"Feature","geometry":{"type":"Point","coordinates":[-117.163726,32.696003]},"properties":{"facility_id":"SAMPLE-FFPP-00575","name":"Sample Diner 0575","address":"1564 Testing Terrace, San Diego, CA 92101","facility_type":"restaurant","council_district":3,"last_visit":{"date":"2026-06-18","type":"routine"},"grade":{"grade":"A","score":98,"date":"2026-06-18","replaced":null,"open_closure":null},"flags":[],"points":4}},{"type":"Feature","geometry":{"type":"Point","coordinates":[-117.211862,32.73871]},"properties":{"facility_id":"SAMPLE-FFPP-00576","name":"Sample Cantina 0576","address":"4024 Specimen Way, San Diego, CA 92106","facility_type":"restaurant","council_district":2,"last_visit":{"date":"2025-11-20","type":"routine"},"grade":{"grade":"A","score":100,"date":"2025-11-20","replaced":null,"open_closure":null},"flags":[],"points":0}},{"type":"Feature","geometry":{"type":"Point","coordinates":[-117.122891,32.845848]},"properties":{"facility_id":"SAMPLE-FFPP-00577","name":"Sample Sushi Bar 0577","address":"1126 Testing Terrace, San Diego, CA 92123","facility_type":"restaurant","council_district":6,"last_visit":{"date":"2026-04-05","type":"routine"},"grade":{"grade":"A","score":96,"date":"2026-04-05","replaced":null,"open_closure":null},"flags":[],"points":6}},{"type":"Feature","geometry":{"type":"Point","coordinates":[-117.247295,32.80215]},"properties":{"facility_id":"SAMPLE-FFPP-00578","name":"Sample Cafe 0578","address":"9679 Specimen Way, San Diego, CA 92109","facility_type":"restaurant","council_district":2,"last_visit":{"date":"2026-01-04","type":"routine"},"grade":{"grade":"A","score":96,"date":"2026-01-04","replaced":null,"open_closure":null},"flags":[],"points":6}},{"type":"Feature","geometry":{"type":"Point","coordinates":[-117.238856,32.750789]},"properties":{"facility_id":"SAMPLE-FFPP-00579","name":"Sample Grill 0579","address":"8417 Invented Road, San Diego, CA 92107","facility_type":"restaurant","council_district":2,"last_visit":{"date":"2026-01-20","type":"routine"},"grade":{"grade":"A","score":100,"date":"2026-01-20","replaced":null,"open_closure":null},"flags":[],"points":0}},{"type":"Feature","geometry":{"type":"Point","coordinates":[-117.147884,32.91286]},"properties":{"facility_id":"SAMPLE-FFPP-00580","name":"Sample Noodle House 0580","address":"9335 Testing Terrace, San Diego, CA 92126","facility_type":"restaurant","council_district":6,"last_visit":{"date":"2025-11-11","type":"routine"},"grade":{"grade":"A","score":98,"date":"2025-11-11","replaced":null,"open_closure":null},"flags":[],"points":4}},{"type":"Feature","geometry":{"type":"Point","coordinates":[-117.146549,32.825097]},"properties":{"facility_id":"SAMPLE-FFPP-00581","name":"Sample Grocery 0581","address":"603 Example Avenue, San Diego, CA 92111","facility_type":"market","council_district":6,"last_visit":{"date":"2026-05-13","type":"routine"},"grade":{"grade":"A","score":100,"date":"2026-05-13","replaced":null,"open_closure":null},"flags":[]}},{"type":"Feature","geometry":{"type":"Point","coordinates":[-117.052629,32.688136]},"properties":{"facility_id":"SAMPLE-FFPP-00582","name":"Sample Grocery 0582","address":"6942 Invented Road, San Diego, CA 92139","facility_type":"market","council_district":4,"last_visit":{"date":"2026-07-06","type":"routine"},"grade":{"grade":"A","score":98,"date":"2026-07-06","replaced":null,"open_closure":null},"flags":[]}},{"type":"Feature","geometry":{"type":"Point","coordinates":[-117.166707,32.722659]},"properties":{"facility_id":"SAMPLE-FFPP-00583","name":"Sample Market 0583","address":"4396 Fictional Boulevard, San Diego, CA 92101","facility_type":"market","council_district":3,"last_visit":{"date":"2025-11-23","type":"routine"},"grade":{"grade":"A","score":97,"date":"2025-11-23","replaced":null,"open_closure":null},"flags":[]}},{"type":"Feature","geometry":{"type":"Point","coordinates":[-117.260045,32.797274]},"properties":{"facility_id":"SAMPLE-FFPP-00584","name":"Sample Carniceria 0584","address":"7230 Mock Lane, San Diego, CA 92109","facility_type":"market","council_district":2,"last_visit":{"date":"2026-01-22","type":"routine"},"grade":{"grade":"A","score":98,"date":"2026-01-22","replaced":null,"open_closure":null},"flags":[]}},{"type":"Feature","geometry":{"type":"Point","coordinates":[-117.145994,32.923837]},"properties":{"facility_id":"SAMPLE-FFPP-00585","name":"Sample Deli Market 0585","address":"9143 Specimen Way, San Diego, CA 92126","facility_type":"market","council_district":6,"last_visit":{"date":"2026-02-22","type":"routine"},"grade":{"grade":"A","score":99,"date":"2026-02-22","replaced":null,"open_closure":null},"flags":[]}},{"type":"Feature","geometry":{"type":"Point","coordinates":[-117.095872,32.750674]},"properties":{"facility_id":"SAMPLE-FFPP-00586","name":"Sample Grocery 0586","address":"6726 Example Avenue, San Diego, CA 92105","facility_type":"market","council_district":9,"last_visit":{"date":"2025-10-12","type":"reinspection"},"grade":{"grade":"A","score":94,"date":"2025-10-12","replaced":null,"open_closure":null},"flags":["major","sanitizing"]}},{"type":"Feature","geometry":{"type":"Point","coordinates":[-117.163222,32.715432]},"properties":{"facility_id":"SAMPLE-FFPP-00587","name":"Sample Pho House 0587","address":"4215 Pretend Place, San Diego, CA 92101","facility_type":"restaurant","council_district":3,"last_visit":{"date":"2026-04-07","type":"routine"},"grade":{"grade":"A","score":96,"date":"2026-04-07","replaced":null,"open_closure":null},"flags":[],"points":4}},{"type":"Feature","geometry":{"type":"Point","coordinates":[-117.182917,32.792928]},"properties":{"facility_id":"SAMPLE-FFPP-00588","name":"Sample Grill 0588","address":"2751 Example Avenue, San Diego, CA 92111","facility_type":"restaurant","council_district":7,"last_visit":{"date":"2026-02-04","type":"routine"},"grade":{"grade":"A","score":100,"date":"2026-02-04","replaced":null,"open_closure":null},"flags":[],"points":0}},{"type":"Feature","geometry":{"type":"Point","coordinates":[-117.175139,32.723179]},"properties":{"facility_id":"SAMPLE-FFPP-00589","name":"Sample Grill 0589","address":"7011 Specimen Way, San Diego, CA 92101","facility_type":"restaurant","council_district":3,"last_visit":{"date":"2026-04-10","type":"routine"},"grade":{"grade":"A","score":98,"date":"2026-04-10","replaced":null,"open_closure":null},"flags":[],"points":2}},{"type":"Feature","geometry":{"type":"Point","coordinates":[-117.142904,32.912277]},"properties":{"facility_id":"SAMPLE-FFPP-00590","name":"Sample Pho House 0590","address":"8063 Placeholder Street, San Diego, CA 92126","facility_type":"restaurant","council_district":6,"last_visit":{"date":"2025-11-07","type":"routine"},"grade":{"grade":"A","score":100,"date":"2025-11-07","replaced":null,"open_closure":null},"flags":[],"points":0}},{"type":"Feature","geometry":{"type":"Point","coordinates":[-117.157277,32.764657]},"properties":{"facility_id":"SAMPLE-FFPP-00591","name":"Sample Carniceria 0591","address":"3660 Placeholder Street, San Diego, CA 92108","facility_type":"market","council_district":7,"last_visit":{"date":"2026-04-20","type":"routine"},"grade":{"grade":"A","score":100,"date":"2026-04-20","replaced":null,"open_closure":null},"flags":[]}},{"type":"Feature","geometry":{"type":"Point","coordinates":[-117.043307,32.548448]},"properties":{"facility_id":"SAMPLE-FFPP-00592","name":"Sample Pho House 0592","address":"5227 Demo Court, San Diego, CA 92173","facility_type":"restaurant","council_district":8,"last_visit":{"date":"2026-06-11","type":"routine"},"grade":{"grade":"A","score":99,"date":"2026-06-11","replaced":null,"open_closure":null},"flags":[],"points":3}},{"type":"Feature","geometry":{"type":"Point","coordinates":[-117.078477,33.013487]},"properties":{"facility_id":"SAMPLE-FFPP-00593","name":"Sample Kitchen 0593","address":"6456 Mock Lane, San Diego, CA 92128","facility_type":"restaurant","council_district":5,"last_visit":{"date":"2026-07-31","type":"routine"},"grade":{"grade":"A","score":92,"date":"2026-07-31","replaced":null,"open_closure":null},"flags":["major","condition"],"points":5}},{"type":"Feature","geometry":{"type":"Point","coordinates":[-117.15179,32.829161]},"properties":{"facility_id":"SAMPLE-FFPP-00594","name":"Sample Sushi Bar 0594","address":"783 Placeholder Street, San Diego, CA 92111","facility_type":"restaurant","council_district":6,"last_visit":{"date":"2026-07-12","type":"routine"},"grade":{"grade":"A","score":100,"date":"2026-07-12","replaced":null,"open_closure":null},"flags":[],"points":1}},{"type":"Feature","geometry":{"type":"Point","coordinates":[-117.153019,32.831077]},"properties":{"facility_id":"SAMPLE-FFPP-00595","name":"Sample Diner 0595","address":"7904 Specimen Way, San Diego, CA 92111","facility_type":"restaurant","council_district":6,"last_visit":{"date":"2026-03-02","type":"routine"},"grade":{"grade":"A","score":94,"date":"2026-03-02","replaced":null,"open_closure":null},"flags":["major","condition"],"band":"3","points":10}},{"type":"Feature","geometry":{"type":"Point","coordinates":[-117.18023,32.713339]},"properties":{"facility_id":"SAMPLE-FFPP-00596","name":"Sample Cafe 0596","address":"8108 Invented Road, San Diego, CA 92101","facility_type":"restaurant","council_district":3,"last_visit":{"date":"2026-05-17","type":"reinspection"},"grade":{"grade":"A","score":94,"date":"2026-05-17","replaced":null,"open_closure":null},"flags":["major","supplier"],"points":4}},{"type":"Feature","geometry":{"type":"Point","coordinates":[-117.240709,32.739628]},"properties":{"facility_id":"SAMPLE-FFPP-00597","name":"Sample Juice Bar 0597","address":"7570 Fictional Boulevard, San Diego, CA 92106","facility_type":"limited","council_district":2,"last_visit":{"date":"2025-11-18","type":"routine"},"grade":{"grade":"A","score":98,"date":"2025-11-18","replaced":null,"open_closure":null},"flags":[]}},{"type":"Feature","geometry":{"type":"Point","coordinates":[-117.041164,32.552438]},"properties":{"facility_id":"SAMPLE-FFPP-00598","name":"Sample Noodle House 0598","address":"4426 Demo Court, San Diego, CA 92173","facility_type":"restaurant","council_district":8,"last_visit":{"date":"2026-07-06","type":"complaint"},"grade":{"grade":"A","score":90,"date":"2026-04-11","replaced":null,"open_closure":null},"flags":["major","vermin"],"band":"3","points":10}},{"type":"Feature","geometry":{"type":"Point","coordinates":[-117.127625,32.736918]},"properties":{"facility_id":"SAMPLE-FFPP-00599","name":"Sample Cantina 0599","address":"834 Placeholder Street, San Diego, CA 92104","facility_type":"restaurant","council_district":3,"last_visit":{"date":"2026-08-10","type":"complaint"},"grade":{"grade":"A","score":96,"date":"2026-06-05","replaced":null,"open_closure":null},"flags":[],"points":4}},{"type":"Feature","geometry":{"type":"Point","coordinates":[-117.169011,32.71458]},"properties":{"facility_id":"SAMPLE-FFPP-00600","name":"Sample Grocery 0600","address":"9607 Specimen Way, San Diego, CA 92101","facility_type":"market","council_district":3,"last_visit":{"date":"2026-07-14","type":"followup"},"grade":{"grade":"A","score":94,"date":"2026-07-14","replaced":{"grade":"B","score":82,"date":"2026-07-07"},"open_closure":null},"flags":["major","bc","vermin"]}},{"type":"Feature","geometry":{"type":"Point","coordinates":[-117.121326,32.758043]},"properties":{"facility_id":"SAMPLE-FFPP-00601","name":"Sample Cantina 0601","address":"3055 Mock Lane, San Diego, CA 92116","facility_type":"restaurant","council_district":9,"last_visit":{"date":"2025-10-13","type":"routine"},"grade":{"grade":"A","score":99,"date":"2025-10-13","replaced":null,"open_closure":null},"flags":[],"points":1}},{"type":"Feature","geometry":{"type":"Point","coordinates":[-117.211068,32.7857]},"properties":{"facility_id":"SAMPLE-FFPP-00602","name":"Sample Pizzeria 0602","address":"7855 Pretend Place, San Diego, CA 92110","facility_type":"restaurant","council_district":2,"last_visit":{"date":"2026-05-05","type":"routine"},"grade":{"grade":"A","score":98,"date":"2026-05-05","replaced":null,"open_closure":null},"flags":[],"points":2}},{"type":"Feature","geometry":{"type":"Point","coordinates":[-117.265375,32.794032]},"properties":{"facility_id":"SAMPLE-FFPP-00603","name":"Sample Grill 0603","address":"6681 Placeholder Street, San Diego, CA 92109","facility_type":"restaurant","council_district":2,"last_visit":{"date":"2025-11-21","type":"reinspection"},"grade":{"grade":"A","score":93,"date":"2025-11-21","replaced":null,"open_closure":null},"flags":["major","major_2","supplier"],"points":7}},{"type":"Feature","geometry":{"type":"Point","coordinates":[-117.097045,32.894835]},"properties":{"facility_id":"SAMPLE-FFPP-00604","name":"Sample Pho House 0604","address":"5291 Invented Road, San Diego, CA 92131","facility_type":"restaurant","council_district":5,"last_visit":{"date":"2026-06-05","type":"routine"},"grade":{"grade":"A","score":98,"date":"2026-06-05","replaced":null,"open_closure":null},"flags":[],"points":2}},{"type":"Feature","geometry":{"type":"Point","coordinates":[-117.015492,32.563106]},"properties":{"facility_id":"SAMPLE-FFPP-00605","name":"Sample Deli Market 0605","address":"765 Pretend Place, San Diego, CA 92154","facility_type":"market","council_district":8,"last_visit":{"date":"2025-12-01","type":"routine"},"grade":{"grade":"A","score":98,"date":"2025-12-01","replaced":null,"open_closure":null},"flags":[]}},{"type":"Feature","geometry":{"type":"Point","coordinates":[-117.153589,32.835006]},"properties":{"facility_id":"SAMPLE-FFPP-00606","name":"Sample Pho House 0606","address":"5176 Mock Lane, San Diego, CA 92111","facility_type":"restaurant","council_district":6,"last_visit":{"date":"2026-03-01","type":"routine"},"grade":{"grade":"A","score":98,"date":"2026-03-01","replaced":null,"open_closure":null},"flags":[],"points":2}},{"type":"Feature","geometry":{"type":"Point","coordinates":[-117.050466,32.559314]},"properties":{"facility_id":"SAMPLE-FFPP-00607","name":"Sample Juice Bar 0607","address":"7880 Testing Terrace, San Diego, CA 92173","facility_type":"limited","council_district":8,"last_visit":{"date":"2026-04-14","type":"routine"},"grade":{"grade":"A","score":98,"date":"2026-04-14","replaced":null,"open_closure":null},"flags":[]}},{"type":"Feature","geometry":{"type":"Point","coordinates":[-117.011037,32.569768]},"properties":{"facility_id":"SAMPLE-FFPP-00608","name":"Sample Cafe 0608","address":"7986 Placeholder Street, San Diego, CA 92154","facility_type":"restaurant","council_district":8,"last_visit":{"date":"2026-08-17","type":"followup"},"grade":{"grade":"B","score":89,"date":"2026-08-17","replaced":{"grade":"C","score":78,"date":"2026-07-30"},"open_closure":null},"flags":["major","bc","sanitizing","vermin"],"band":"2","points":16}},{"type":"Feature","geometry":{"type":"Point","coordinates":[-117.036816,32.554942]},"properties":{"facility_id":"SAMPLE-FFPP-00609","name":"Sample Carniceria 0609","address":"2381 Invented Road, San Diego, CA 92173","facility_type":"market","council_district":8,"last_visit":{"date":"2026-05-26","type":"routine"},"grade":{"grade":"A","score":99,"date":"2026-05-26","replaced":null,"open_closure":null},"flags":[]}},{"type":"Feature","geometry":{"type":"Point","coordinates":[-117.04309,32.696756]},"properties":{"facility_id":"SAMPLE-FFPP-00610","name":"Sample Cantina 0610","address":"6951 Demo Court, San Diego, CA 92114","facility_type":"restaurant","council_district":4,"last_visit":{"date":"2025-11-02","type":"routine"},"grade":{"grade":"A","score":99,"date":"2025-11-02","replaced":null,"open_closure":null},"flags":[],"points":1}},{"type":"Feature","geometry":{"type":"Point","coordinates":[-117.153259,32.925209]},"properties":{"facility_id":"SAMPLE-FFPP-00611","name":"Sample Cantina 0611","address":"7849 Demo Court, San Diego, CA 92126","facility_type":"restaurant","council_district":6,"last_visit":{"date":"2026-04-27","type":"routine"},"grade":{"grade":"A","score":97,"date":"2026-04-27","replaced":null,"open_closure":null},"flags":[],"points":3}},{"type":"Feature","geometry":{"type":"Point","coordinates":[-117.259718,32.751711]},"properties":{"facility_id":"SAMPLE-FFPP-00612","name":"Sample Coffee Bar 0612","address":"5947 Example Avenue, San Diego, CA 92107","facility_type":"limited","council_district":2,"last_visit":{"date":"2026-01-30","type":"routine"},"grade":{"grade":"A","score":98,"date":"2026-01-30","replaced":null,"open_closure":null},"flags":[]}},{"type":"Feature","geometry":{"type":"Point","coordinates":[-117.09958,32.830092]},"properties":{"facility_id":"SAMPLE-FFPP-00613","name":"Sample Juice Bar 0613","address":"2566 Testing Terrace, San Diego, CA 92124","facility_type":"limited","council_district":7,"last_visit":{"date":"2026-06-23","type":"routine"},"grade":{"grade":"A","score":98,"date":"2026-06-23","replaced":null,"open_closure":null},"flags":[]}},{"type":"Feature","geometry":{"type":"Point","coordinates":[-117.101539,32.915754]},"properties":{"facility_id":"SAMPLE-FFPP-00614","name":"Sample Grocery 0614","address":"5733 Sample Row, San Diego, CA 92131","facility_type":"market","council_district":5,"last_visit":{"date":"2026-07-24","type":"routine"},"grade":{"grade":"A","score":93,"date":"2026-07-24","replaced":null,"open_closure":null},"flags":[]}},{"type":"Feature","geometry":{"type":"Point","coordinates":[-117.164957,32.716922]},"properties":{"facility_id":"SAMPLE-FFPP-00615","name":"Sample Diner 0615","address":"4728 Testing Terrace, San Diego, CA 92101","facility_type":"restaurant","council_district":3,"last_visit":{"date":"2025-10-01","type":"routine"},"grade":{"grade":"A","score":100,"date":"2025-10-01","replaced":null,"open_closure":null},"flags":[],"points":0}},{"type":"Feature","geometry":{"type":"Point","coordinates":[-117.02741,32.556775]},"properties":{"facility_id":"SAMPLE-FFPP-00616","name":"Sample Tea House 0616","address":"8952 Specimen Way, San Diego, CA 92173","facility_type":"limited","council_district":8,"last_visit":{"date":"2026-06-24","type":"routine"},"grade":{"grade":"A","score":100,"date":"2026-06-24","replaced":null,"open_closure":null},"flags":[]}},{"type":"Feature","geometry":{"type":"Point","coordinates":[-117.074452,32.774782]},"properties":{"facility_id":"SAMPLE-FFPP-00617","name":"Sample Diner 0617","address":"7299 Placeholder Street, San Diego, CA 92115","facility_type":"restaurant","council_district":9,"last_visit":{"date":"2026-05-31","type":"routine"},"grade":{"grade":"A","score":96,"date":"2026-05-31","replaced":null,"open_closure":null},"flags":["major","vermin"],"band":"3","points":11}},{"type":"Feature","geometry":{"type":"Point","coordinates":[-117.069735,32.717901]},"properties":{"facility_id":"SAMPLE-FFPP-00618","name":"Sample Pizzeria 0618","address":"9038 Mock Lane, San Diego, CA 92114","facility_type":"restaurant","council_district":4,"last_visit":{"date":"2026-05-27","type":"routine"},"grade":{"grade":"A","score":100,"date":"2026-05-27","replaced":null,"open_closure":null},"flags":[],"points":0}},{"type":"Feature","geometry":{"type":"Point","coordinates":[-117.160835,32.751665]},"properties":{"facility_id":"SAMPLE-FFPP-00619","name":"Sample Deli Market 0619","address":"6564 Fictional Boulevard, San Diego, CA 92103","facility_type":"market","council_district":3,"last_visit":{"date":"2026-02-18","type":"routine"},"grade":{"grade":"A","score":96,"date":"2026-02-18","replaced":null,"open_closure":null},"flags":[]}},{"type":"Feature","geometry":{"type":"Point","coordinates":[-117.14593,32.815802]},"properties":{"facility_id":"SAMPLE-FFPP-00620","name":"Sample Cafe 0620","address":"4292 Specimen Way, San Diego, CA 92111","facility_type":"restaurant","council_district":6,"last_visit":{"date":"2025-07-11","type":"routine"},"grade":{"grade":"A","score":100,"date":"2025-07-11","replaced":null,"open_closure":null},"flags":[]}},{"type":"Feature","geometry":{"type":"Point","coordinates":[-117.042031,32.695223]},"properties":{"facility_id":"SAMPLE-FFPP-00621","name":"Sample Market 0621","address":"4687 Pretend Place, San Diego, CA 92114","facility_type":"market","council_district":4,"last_visit":{"date":"2026-05-01","type":"routine"},"grade":{"grade":"A","score":98,"date":"2026-05-01","replaced":null,"open_closure":null},"flags":["major","major_2","hands"]}},{"type":"Feature","geometry":{"type":"Point","coordinates":[-117.14889,32.710957]},"properties":{"facility_id":"SAMPLE-FFPP-00622","name":"Sample Sushi Bar 0622","address":"6778 Fictional Boulevard, San Diego, CA 92101","facility_type":"restaurant","council_district":3,"last_visit":{"date":"2026-03-12","type":"routine"},"grade":{"grade":"A","score":100,"date":"2026-03-12","replaced":null,"open_closure":null},"flags":[],"points":0}},{"type":"Feature","geometry":{"type":"Point","coordinates":[-117.225175,32.734934]},"properties":{"facility_id":"SAMPLE-FFPP-00623","name":"Sample Grill 0623","address":"591 Testing Terrace, San Diego, CA 92106","facility_type":"restaurant","council_district":2,"last_visit":{"date":"2026-03-12","type":"reinspection"},"grade":{"grade":"A","score":92,"date":"2026-03-12","replaced":null,"open_closure":null},"flags":["major","temperature"],"band":"3","points":10}},{"type":"Feature","geometry":{"type":"Point","coordinates":[-117.150071,32.762303]},"properties":{"facility_id":"SAMPLE-FFPP-00624","name":"Sample Kitchen 0624","address":"5899 Placeholder Street, San Diego, CA 92108","facility_type":"restaurant","council_district":7,"last_visit":{"date":"2026-08-31","type":"routine"},"grade":{"grade":"A","score":92,"date":"2026-08-31","replaced":null,"open_closure":null},"flags":["major","supplier"],"points":6}},{"type":"Feature","geometry":{"type":"Point","coordinates":[-117.141958,32.698601]},"properties":{"facility_id":"SAMPLE-FFPP-00625","name":"Sample Carniceria 0625","address":"3954 Testing Terrace, San Diego, CA 92113","facility_type":"market","council_district":8,"last_visit":{"date":"2026-07-30","type":"routine"},"grade":{"grade":"A","score":98,"date":"2026-07-30","replaced":null,"open_closure":null},"flags":[]}},{"type":"Feature","geometry":{"type":"Point","coordinates":[-117.166495,32.76928]},"properties":{"facility_id":"SAMPLE-FFPP-00626","name":"Sample Cafe 0626","address":"2124 Sample Row, San Diego, CA 92108","facility_type":"restaurant","council_district":7,"last_visit":{"date":"2026-05-14","type":"routine"},"grade":{"grade":"A","score":98,"date":"2026-05-14","replaced":null,"open_closure":null},"flags":[],"points":4}},{"type":"Feature","geometry":{"type":"Point","coordinates":[-117.219523,32.875631]},"properties":{"facility_id":"SAMPLE-FFPP-00627","name":"Sample Kitchen 0627","address":"4152 Specimen Way, San Diego, CA 92122","facility_type":"restaurant","council_district":1,"last_visit":{"date":"2025-08-20","type":"reinspection"},"grade":{"grade":"A","score":95,"date":"2025-08-20","replaced":null,"open_closure":null},"flags":[]}},{"type":"Feature","geometry":{"type":"Point","coordinates":[-117.123621,32.959546]},"properties":{"facility_id":"SAMPLE-FFPP-00628","name":"Sample Taqueria 0628","address":"3623 Example Avenue, San Diego, CA 92129","facility_type":"restaurant","council_district":5,"last_visit":{"date":"2025-09-04","type":"routine"},"grade":{"grade":"A","score":96,"date":"2025-09-04","replaced":null,"open_closure":null},"flags":[],"points":6}},{"type":"Feature","geometry":{"type":"Point","coordinates":[-117.116985,32.760801]},"properties":{"facility_id":"SAMPLE-FFPP-00629","name":"Sample Snack Bar 0629","address":"6973 Testing Terrace, San Diego, CA 92116","facility_type":"limited","council_district":9,"last_visit":{"date":"2026-06-08","type":"routine"},"grade":{"grade":"A","score":100,"date":"2026-06-08","replaced":null,"open_closure":null},"flags":[]}},{"type":"Feature","geometry":{"type":"Point","coordinates":[-117.155025,32.82404]},"properties":{"facility_id":"SAMPLE-FFPP-00630","name":"Sample Grill 0630","address":"5274 Example Avenue, San Diego, CA 92111","facility_type":"restaurant","council_district":6,"last_visit":{"date":"2026-05-20","type":"routine"},"grade":{"grade":"A","score":98,"date":"2026-05-20","replaced":null,"open_closure":null},"flags":[],"points":4}},{"type":"Feature","geometry":{"type":"Point","coordinates":[-117.171935,32.717212]},"properties":{"facility_id":"SAMPLE-FFPP-00631","name":"Sample Noodle House 0631","address":"5688 Example Avenue, San Diego, CA 92101","facility_type":"restaurant","council_district":3,"last_visit":{"date":"2025-10-31","type":"routine"},"grade":{"grade":"A","score":95,"date":"2025-10-31","replaced":null,"open_closure":null},"flags":["major","major_2","hands"],"points":7}},{"type":"Feature","geometry":{"type":"Point","coordinates":[-117.227777,32.93833]},"properties":{"facility_id":"SAMPLE-FFPP-00632","name":"Sample Carniceria 0632","address":"6440 Sample Row, San Diego, CA 92130","facility_type":"market","council_district":1,"last_visit":{"date":"2026-07-21","type":"routine"},"grade":{"grade":"A","score":98,"date":"2026-07-21","replaced":null,"open_closure":null},"flags":[]}},{"type":"Feature","geometry":{"type":"Point","coordinates":[-117.162676,32.83195]},"properties":{"facility_id":"SAMPLE-FFPP-00633","name":"Sample Noodle House 0633","address":"6586 Placeholder Street, San Diego, CA 92111","facility_type":"restaurant","council_district":6,"last_visit":{"date":"2026-06-10","type":"routine"},"grade":{"grade":"A","score":100,"date":"2026-06-10","replaced":null,"open_closure":null},"flags":[],"points":0}},{"type":"Feature","geometry":{"type":"Point","coordinates":[-117.211637,32.86578]},"properties":{"facility_id":"SAMPLE-FFPP-00634","name":"Sample Kitchen 0634","address":"3150 Pretend Place, San Diego, CA 92122","facility_type":"restaurant","council_district":1,"last_visit":{"date":"2026-05-20","type":"complaint"},"grade":{"grade":"A","score":100,"date":"2025-11-17","replaced":null,"open_closure":null},"flags":[],"points":0}},{"type":"Feature","geometry":{"type":"Point","coordinates":[-117.153731,32.706159]},"properties":{"facility_id":"SAMPLE-FFPP-00635","name":"Sample Taqueria 0635","address":"1974 Invented Road, San Diego, CA 92101","facility_type":"restaurant","council_district":3,"last_visit":{"date":"2025-12-25","type":"routine"},"grade":{"grade":"A","score":98,"date":"2025-12-25","replaced":null,"open_closure":null},"flags":[],"points":2}},{"type":"Feature","geometry":{"type":"Point","coordinates":[-117.162298,32.72521]},"properties":{"facility_id":"SAMPLE-FFPP-00636","name":"Sample Sushi Bar 0636","address":"6794 Specimen Way, San Diego, CA 92101","facility_type":"restaurant","council_district":3,"last_visit":{"date":"2025-07-21","type":"routine"},"grade":{"grade":"A","score":98,"date":"2025-07-21","replaced":null,"open_closure":null},"flags":[]}},{"type":"Feature","geometry":{"type":"Point","coordinates":[-117.18797,32.809778]},"properties":{"facility_id":"SAMPLE-FFPP-00637","name":"Sample Cafe 0637","address":"5779 Specimen Way, San Diego, CA 92117","facility_type":"restaurant","council_district":2,"last_visit":{"date":"2025-08-24","type":"routine"},"grade":{"grade":"A","score":96,"date":"2025-08-24","replaced":null,"open_closure":null},"flags":[]}},{"type":"Feature","geometry":{"type":"Point","coordinates":[-117.154165,32.826392]},"properties":{"facility_id":"SAMPLE-FFPP-00638","name":"Sample Grill 0638","address":"6998 Mock Lane, San Diego, CA 92111","facility_type":"restaurant","council_district":6,"last_visit":{"date":"2026-02-28","type":"routine"},"grade":{"grade":"A","score":98,"date":"2026-02-28","replaced":null,"open_closure":null},"flags":[],"points":2}},{"type":"Feature","geometry":{"type":"Point","coordinates":[-117.102703,32.747432]},"properties":{"facility_id":"SAMPLE-FFPP-00639","name":"Sample Diner 0639","address":"5325 Mock Lane, San Diego, CA 92105","facility_type":"restaurant","council_district":9,"last_visit":{"date":"2026-08-12","type":"routine"},"grade":{"grade":"A","score":98,"date":"2026-08-12","replaced":null,"open_closure":null},"flags":[],"points":2}},{"type":"Feature","geometry":{"type":"Point","coordinates":[-117.191179,32.798159]},"properties":{"facility_id":"SAMPLE-FFPP-00640","name":"Sample Coffee Bar 0640","address":"5446 Fictional Boulevard, San Diego, CA 92111","facility_type":"limited","council_district":7,"last_visit":{"date":"2026-04-28","type":"routine"},"grade":{"grade":"A","score":97,"date":"2026-04-28","replaced":null,"open_closure":null},"flags":[]}},{"type":"Feature","geometry":{"type":"Point","coordinates":[-117.061427,32.711718]},"properties":{"facility_id":"SAMPLE-FFPP-00641","name":"Sample Pizzeria 0641","address":"915 Sample Row, San Diego, CA 92114","facility_type":"restaurant","council_district":4,"last_visit":{"date":"2026-01-08","type":"routine"},"grade":{"grade":"A","score":96,"date":"2026-01-08","replaced":null,"open_closure":null},"flags":[],"points":4}},{"type":"Feature","geometry":{"type":"Point","coordinates":[-117.074306,32.772203]},"properties":{"facility_id":"SAMPLE-FFPP-00642","name":"Sample Taqueria 0642","address":"2807 Pretend Place, San Diego, CA 92115","facility_type":"restaurant","council_district":9,"last_visit":{"date":"2026-08-30","type":"routine"},"grade":{"grade":"A","score":98,"date":"2026-08-30","replaced":null,"open_closure":null},"flags":[],"points":6}},{"type":"Feature","geometry":{"type":"Point","coordinates":[-117.09975,32.753608]},"properties":{"facility_id":"SAMPLE-FFPP-00643","name":"Sample Juice Bar 0643","address":"9861 Demo Court, San Diego, CA 92105","facility_type":"limited","council_district":9,"last_visit":{"date":"2025-08-01","type":"routine"},"grade":{"grade":"A","score":98,"date":"2025-08-01","replaced":null,"open_closure":null},"flags":[]}},{"type":"Feature","geometry":{"type":"Point","coordinates":[-117.14184,32.825212]},"properties":{"facility_id":"SAMPLE-FFPP-00644","name":"Sample Cantina 0644","address":"9229 Specimen Way, San Diego, CA 92111","facility_type":"restaurant","council_district":6,"last_visit":{"date":"2026-05-28","type":"routine"},"grade":{"grade":"A","score":97,"date":"2026-05-28","replaced":null,"open_closure":null},"flags":[],"points":3}},{"type":"Feature","geometry":{"type":"Point","coordinates":[-117.160379,32.743446]},"properties":{"facility_id":"SAMPLE-FFPP-00645","name":"Sample Grocery 0645","address":"8323 Example Avenue, San Diego, CA 92103","facility_type":"market","council_district":3,"last_visit":{"date":"2025-11-09","type":"routine"},"grade":{"grade":"A","score":99,"date":"2025-11-09","replaced":null,"open_closure":null},"flags":[]}},{"type":"Feature","geometry":{"type":"Point","coordinates":[-117.144959,32.817425]},"properties":{"facility_id":"SAMPLE-FFPP-00646","name":"Sample Kitchen 0646","address":"4319 Pretend Place, San Diego, CA 92123","facility_type":"restaurant","council_district":6,"last_visit":{"date":"2026-06-10","type":"complaint"},"grade":{"grade":"A","score":93,"date":"2026-02-19","replaced":null,"open_closure":null},"flags":[],"band":"3","points":10}},{"type":"Feature","geometry":{"type":"Point","coordinates":[-117.117103,32.955134]},"properties":{"facility_id":"SAMPLE-FFPP-00647","name":"Sample Pizzeria 0647","address":"9616 Invented Road, San Diego, CA 92129","facility_type":"restaurant","council_district":5,"last_visit":{"date":"2025-11-21","type":"routine"},"grade":{"grade":"A","score":98,"date":"2025-11-21","replaced":null,"open_closure":null},"flags":[],"points":2}},{"type":"Feature","geometry":{"type":"Point","coordinates":[-117.226503,32.945324]},"properties":{"facility_id":"SAMPLE-FFPP-00648","name":"Sample Taqueria 0648","address":"753 Fictional Boulevard, San Diego, CA 92130","facility_type":"restaurant","council_district":1,"last_visit":{"date":"2026-04-19","type":"routine"},"grade":{"grade":"A","score":98,"date":"2026-04-19","replaced":null,"open_closure":null},"flags":[],"points":2}},{"type":"Feature","geometry":{"type":"Point","coordinates":[-117.250724,32.796932]},"properties":{"facility_id":"SAMPLE-FFPP-00649","name":"Sample Cafe 0649","address":"3435 Mock Lane, San Diego, CA 92109","facility_type":"restaurant","council_district":2,"last_visit":{"date":"2026-08-25","type":"routine"},"grade":{"grade":"A","score":98,"date":"2026-08-25","replaced":null,"open_closure":null},"flags":[],"points":2}},{"type":"Feature","geometry":{"type":"Point","coordinates":[-117.246009,32.752285]},"properties":{"facility_id":"SAMPLE-FFPP-00650","name":"Sample Noodle House 0650","address":"696 Invented Road, San Diego, CA 92107","facility_type":"restaurant","council_district":2,"last_visit":{"date":"2026-03-24","type":"routine"},"grade":{"grade":"A","score":98,"date":"2026-03-24","replaced":null,"open_closure":null},"flags":[],"points":4}},{"type":"Feature","geometry":{"type":"Point","coordinates":[-117.050628,32.676519]},"properties":{"facility_id":"SAMPLE-FFPP-00651","name":"Sample Coffee Bar 0651","address":"4896 Mock Lane, San Diego, CA 92139","facility_type":"limited","council_district":4,"last_visit":{"date":"2026-02-19","type":"reinspection"},"grade":{"grade":"A","score":96,"date":"2026-02-14","replaced":null,"open_closure":null},"flags":["major","health"]}},{"type":"Feature","geometry":{"type":"Point","coordinates":[-117.149012,32.706998]},"properties":{"facility_id":"SAMPLE-FFPP-00652","name":"Sample Cafe 0652","address":"2535 Example Avenue, San Diego, CA 92101","facility_type":"restaurant","council_district":3,"last_visit":{"date":"2026-03-23","type":"routine"},"grade":{"grade":"A","score":98,"date":"2026-03-23","replaced":null,"open_closure":null},"flags":[],"points":2}},{"type":"Feature","geometry":{"type":"Point","coordinates":[-117.215943,32.942079]},"properties":{"facility_id":"SAMPLE-FFPP-00653","name":"Sample Cantina 0653","address":"2469 Specimen Way, San Diego, CA 92130","facility_type":"restaurant","council_district":1,"last_visit":{"date":"2025-12-06","type":"routine"},"grade":{"grade":"A","score":96,"date":"2025-12-06","replaced":null,"open_closure":null},"flags":[],"points":4}},{"type":"Feature","geometry":{"type":"Point","coordinates":[-117.094906,32.829477]},"properties":{"facility_id":"SAMPLE-FFPP-00654","name":"Sample Cantina 0654","address":"4572 Invented Road, San Diego, CA 92124","facility_type":"restaurant","council_district":7,"last_visit":{"date":"2025-08-21","type":"reinspection"},"grade":{"grade":"A","score":90,"date":"2025-08-21","replaced":null,"open_closure":null},"flags":[]}},{"type":"Feature","geometry":{"type":"Point","coordinates":[-117.067023,32.760854]},"properties":{"facility_id":"SAMPLE-FFPP-00655","name":"Sample Taqueria 0655","address":"8312 Specimen Way, San Diego, CA 92115","facility_type":"restaurant","council_district":9,"last_visit":{"date":"2026-03-29","type":"complaint"},"grade":{"grade":"A","score":99,"date":"2026-02-02","replaced":null,"open_closure":null},"flags":[],"points":1}},{"type":"Feature","geometry":{"type":"Point","coordinates":[-117.13148,32.758076]},"properties":{"facility_id":"SAMPLE-FFPP-00656","name":"Sample Coffee Bar 0656","address":"2465 Sample Row, San Diego, CA 92104","facility_type":"limited","council_district":3,"last_visit":{"date":"2025-10-03","type":"routine"},"grade":{"grade":"A","score":100,"date":"2025-10-03","replaced":null,"open_closure":null},"flags":[]}},{"type":"Feature","geometry":{"type":"Point","coordinates":[-117.243922,32.744731]},"properties":{"facility_id":"SAMPLE-FFPP-00657","name":"Sample Kitchen 0657","address":"4239 Sample Row, San Diego, CA 92107","facility_type":"restaurant","council_district":2,"last_visit":{"date":"2026-05-04","type":"routine"},"grade":{"grade":"A","score":98,"date":"2026-05-04","replaced":null,"open_closure":null},"flags":[],"points":4}},{"type":"Feature","geometry":{"type":"Point","coordinates":[-117.215148,32.872021]},"properties":{"facility_id":"SAMPLE-FFPP-00658","name":"Sample Noodle House 0658","address":"1001 Testing Terrace, San Diego, CA 92122","facility_type":"restaurant","council_district":1,"last_visit":{"date":"2025-08-02","type":"routine"},"grade":{"grade":"A","score":98,"date":"2025-08-02","replaced":null,"open_closure":null},"flags":[]}},{"type":"Feature","geometry":{"type":"Point","coordinates":[-117.199019,32.812458]},"properties":{"facility_id":"SAMPLE-FFPP-00659","name":"Sample Noodle House 0659","address":"8374 Placeholder Street, San Diego, CA 92117","facility_type":"restaurant","council_district":2,"last_visit":{"date":"2026-07-20","type":"routine"},"grade":{"grade":"A","score":100,"date":"2026-07-20","replaced":null,"open_closure":null},"flags":[],"points":0}},{"type":"Feature","geometry":{"type":"Point","coordinates":[-117.156498,32.909175]},"properties":{"facility_id":"SAMPLE-FFPP-00660","name":"Sample Noodle House 0660","address":"3042 Mock Lane, San Diego, CA 92126","facility_type":"restaurant","council_district":6,"last_visit":{"date":"2026-06-14","type":"complaint"},"grade":{"grade":"A","score":98,"date":"2026-04-03","replaced":null,"open_closure":null},"flags":[],"points":7}},{"type":"Feature","geometry":{"type":"Point","coordinates":[-117.137941,32.928501]},"properties":{"facility_id":"SAMPLE-FFPP-00661","name":"Sample Snack Bar 0661","address":"6022 Pretend Place, San Diego, CA 92126","facility_type":"limited","council_district":6,"last_visit":{"date":"2026-06-30","type":"routine"},"grade":{"grade":"A","score":99,"date":"2026-06-30","replaced":null,"open_closure":null},"flags":[]}},{"type":"Feature","geometry":{"type":"Point","coordinates":[-117.19679,32.793251]},"properties":{"facility_id":"SAMPLE-FFPP-00662","name":"Sample Taqueria 0662","address":"397 Placeholder Street, San Diego, CA 92110","facility_type":"restaurant","council_district":2,"last_visit":{"date":"2026-07-17","type":"routine"},"grade":{"grade":"A","score":97,"date":"2026-07-17","replaced":null,"open_closure":null},"flags":["major","temperature"],"points":5}},{"type":"Feature","geometry":{"type":"Point","coordinates":[-117.162282,32.743624]},"properties":{"facility_id":"SAMPLE-FFPP-00663","name":"Sample Pho House 0663","address":"8110 Specimen Way, San Diego, CA 92103","facility_type":"restaurant","council_district":3,"last_visit":{"date":"2026-08-19","type":"followup"},"grade":{"grade":"B","score":88,"date":"2026-08-19","replaced":{"grade":"C","score":78,"date":"2026-07-31"},"open_closure":null},"flags":["major","bc","temperature","supplier"],"band":"2","points":26}},{"type":"Feature","geometry":{"type":"Point","coordinates":[-117.186366,32.79345]},"properties":{"facility_id":"SAMPLE-FFPP-00664","name":"Sample Grill 0664","address":"4026 Testing Terrace, San Diego, CA 92111","facility_type":"restaurant","council_district":7,"last_visit":{"date":"2026-02-23","type":"reinspection"},"grade":{"grade":"A","score":98,"date":"2024-12-13","replaced":null,"open_closure":{"date":"2026-02-10","reason":"health","later_ungraded":["2026-02-13","2026-02-23"],"status":"Ordered Closed"}},"flags":["major","closed","hands"],"band":"1","points":30}},{"type":"Feature","geometry":{"type":"Point","coordinates":[-117.207428,32.791221]},"properties":{"facility_id":"SAMPLE-FFPP-00665","name":"Sample Cantina 0665","address":"3080 Demo Court, San Diego, CA 92110","facility_type":"restaurant","council_district":2,"last_visit":{"date":"2025-10-27","type":"routine"},"grade":{"grade":"A","score":98,"date":"2025-10-27","replaced":null,"open_closure":null},"flags":[],"points":2}},{"type":"Feature","geometry":{"type":"Point","coordinates":[-117.149889,32.821683]},"properties":{"facility_id":"SAMPLE-FFPP-00666","name":"Sample Tea House 0666","address":"8073 Pretend Place, San Diego, CA 92111","facility_type":"limited","council_district":6,"last_visit":{"date":"2026-03-20","type":"routine"},"grade":{"grade":"A","score":98,"date":"2026-03-20","replaced":null,"open_closure":null},"flags":[]}},{"type":"Feature","geometry":{"type":"Point","coordinates":[-117.095435,32.747263]},"properties":{"facility_id":"SAMPLE-FFPP-00667","name":"Sample Market 0667","address":"7302 Sample Row, San Diego, CA 92105","facility_type":"market","council_district":9,"last_visit":{"date":"2026-04-22","type":"routine"},"grade":{"grade":"A","score":100,"date":"2026-04-22","replaced":null,"open_closure":null},"flags":[]}},{"type":"Feature","geometry":{"type":"Point","coordinates":[-117.229426,32.93557]},"properties":{"facility_id":"SAMPLE-FFPP-00668","name":"Sample Snack Bar 0668","address":"7253 Pretend Place, San Diego, CA 92130","facility_type":"limited","council_district":1,"last_visit":{"date":"2026-08-08","type":"routine"},"grade":{"grade":"A","score":100,"date":"2026-08-08","replaced":null,"open_closure":null},"flags":[]}},{"type":"Feature","geometry":{"type":"Point","coordinates":[-117.165261,32.746185]},"properties":{"facility_id":"SAMPLE-FFPP-00669","name":"Sample Cafe 0669","address":"9838 Demo Court, San Diego, CA 92103","facility_type":"restaurant","council_district":3,"last_visit":{"date":"2025-12-09","type":"complaint"},"grade":{"grade":"A","score":96,"date":"2025-09-29","replaced":null,"open_closure":null},"flags":["major","sanitizing"],"points":4}},{"type":"Feature","geometry":{"type":"Point","coordinates":[-117.163517,32.721173]},"properties":{"facility_id":"SAMPLE-FFPP-00670","name":"Sample Sushi Bar 0670","address":"6939 Example Avenue, San Diego, CA 92101","facility_type":"restaurant","council_district":3,"last_visit":{"date":"2026-06-30","type":"routine"},"grade":{"grade":"A","score":98,"date":"2026-06-30","replaced":null,"open_closure":null},"flags":[],"points":2}},{"type":"Feature","geometry":{"type":"Point","coordinates":[-117.071647,32.779135]},"properties":{"facility_id":"SAMPLE-FFPP-00671","name":"Sample Kitchen 0671","address":"2814 Testing Terrace, San Diego, CA 92115","facility_type":"restaurant","council_district":9,"last_visit":{"date":"2026-08-02","type":"routine"},"grade":{"grade":"A","score":98,"date":"2026-08-02","replaced":null,"open_closure":null},"flags":[],"points":2}},{"type":"Feature","geometry":{"type":"Point","coordinates":[-117.187667,32.835035]},"properties":{"facility_id":"SAMPLE-FFPP-00672","name":"Sample Carniceria 0672","address":"6323 Demo Court, San Diego, CA 92117","facility_type":"market","council_district":2,"last_visit":{"date":"2025-08-07","type":"routine"},"grade":{"grade":"A","score":94,"date":"2025-08-07","replaced":null,"open_closure":null},"flags":[]}},{"type":"Feature","geometry":{"type":"Point","coordinates":[-117.120817,32.953824]},"properties":{"facility_id":"SAMPLE-FFPP-00673","name":"Sample Pizzeria 0673","address":"592 Placeholder Street, San Diego, CA 92129","facility_type":"restaurant","council_district":5,"last_visit":{"date":"2025-07-18","type":"routine"},"grade":{"grade":"A","score":100,"date":"2025-07-18","replaced":null,"open_closure":null},"flags":[]}},{"type":"Feature","geometry":{"type":"Point","coordinates":[-117.164123,32.756313]},"properties":{"facility_id":"SAMPLE-FFPP-00674","name":"Sample Taqueria 0674","address":"9076 Placeholder Street, San Diego, CA 92103","facility_type":"restaurant","council_district":3,"last_visit":{"date":"2026-04-16","type":"routine"},"grade":{"grade":"A","score":98,"date":"2026-04-16","replaced":null,"open_closure":null},"flags":[],"points":4}},{"type":"Feature","geometry":{"type":"Point","coordinates":[-117.146785,32.831015]},"properties":{"facility_id":"SAMPLE-FFPP-00675","name":"Sample Cafe 0675","address":"9013 Fictional Boulevard, San Diego, CA 92111","facility_type":"restaurant","council_district":6,"last_visit":{"date":"2025-10-29","type":"routine"},"grade":{"grade":"A","score":98,"date":"2025-10-29","replaced":null,"open_closure":null},"flags":[],"points":2}},{"type":"Feature","geometry":{"type":"Point","coordinates":[-117.068519,32.770706]},"properties":{"facility_id":"SAMPLE-FFPP-00676","name":"Sample Pho House 0676","address":"9098 Pretend Place, San Diego, CA 92115","facility_type":"restaurant","council_district":9,"last_visit":{"date":"2026-07-28","type":"reinspection"},"grade":{"grade":"A","score":93,"date":"2026-07-25","replaced":null,"open_closure":null},"flags":["major","closed","handsink","vermin"],"band":"1","points":32}},{"type":"Feature","geometry":{"type":"Point","coordinates":[-117.113826,32.950775]},"properties":{"facility_id":"SAMPLE-FFPP-00677","name":"Sample Diner 0677","address":"7176 Example Avenue, San Diego, CA 92129","facility_type":"restaurant","council_district":5,"last_visit":{"date":"2026-05-09","type":"complaint"},"grade":{"grade":"A","score":96,"date":"2026-03-17","replaced":null,"open_closure":null},"flags":[],"points":5}},{"type":"Feature","geometry":{"type":"Point","coordinates":[-117.148413,32.827612]},"properties":{"facility_id":"SAMPLE-FFPP-00678","name":"Sample Noodle House 0678","address":"5747 Demo Court, San Diego, CA 92111","facility_type":"restaurant","council_district":6,"last_visit":{"date":"2026-08-28","type":"routine"},"grade":{"grade":"A","score":98,"date":"2026-08-28","replaced":null,"open_closure":null},"flags":[],"points":2}},{"type":"Feature","geometry":{"type":"Point","coordinates":[-117.1015,32.745537]},"properties":{"facility_id":"SAMPLE-FFPP-00679","name":"Sample Diner 0679","address":"4751 Placeholder Street, San Diego, CA 92105","facility_type":"restaurant","council_district":9,"last_visit":{"date":"2025-11-25","type":"routine"},"grade":{"grade":"A","score":99,"date":"2025-11-25","replaced":null,"open_closure":{"date":"2025-11-25","reason":"permit","later_ungraded":[],"status":"Ordered Closed"}},"flags":[],"points":1}},{"type":"Feature","geometry":{"type":"Point","coordinates":[-117.234142,32.944135]},"properties":{"facility_id":"SAMPLE-FFPP-00680","name":"Sample Pizzeria 0680","address":"8467 Example Avenue, San Diego, CA 92130","facility_type":"restaurant","council_district":1,"last_visit":{"date":"2025-09-29","type":"routine"},"grade":{"grade":"A","score":97,"date":"2025-09-29","replaced":null,"open_closure":null},"flags":[],"points":3}},{"type":"Feature","geometry":{"type":"Point","coordinates":[-117.152907,32.823586]},"properties":{"facility_id":"SAMPLE-FFPP-00681","name":"Sample Sushi Bar 0681","address":"5321 Placeholder Street, San Diego, CA 92111","facility_type":"restaurant","council_district":6,"last_visit":{"date":"2026-08-05","type":"routine"},"grade":{"grade":"A","score":99,"date":"2026-08-05","replaced":null,"open_closure":null},"flags":[],"points":3}},{"type":"Feature","geometry":{"type":"Point","coordinates":[-117.145508,32.83563]},"properties":{"facility_id":"SAMPLE-FFPP-00682","name":"Sample Noodle House 0682","address":"1155 Placeholder Street, San Diego, CA 92123","facility_type":"restaurant","council_district":6,"last_visit":{"date":"2025-12-06","type":"routine"},"grade":{"grade":"A","score":98,"date":"2025-12-06","replaced":null,"open_closure":null},"flags":[],"points":2}},{"type":"Feature","geometry":{"type":"Point","coordinates":[-117.093449,32.754256]},"properties":{"facility_id":"SAMPLE-FFPP-00683","name":"Sample Deli Market 0683","address":"6097 Testing Terrace, San Diego, CA 92105","facility_type":"market","council_district":9,"last_visit":{"date":"2026-08-02","type":"routine"},"grade":{"grade":"A","score":98,"date":"2026-08-02","replaced":null,"open_closure":null},"flags":[]}},{"type":"Feature","geometry":{"type":"Point","coordinates":[-117.147988,32.829559]},"properties":{"facility_id":"SAMPLE-FFPP-00684","name":"Sample Carniceria 0684","address":"1348 Testing Terrace, San Diego, CA 92123","facility_type":"market","council_district":6,"last_visit":{"date":"2025-12-30","type":"routine"},"grade":{"grade":"A","score":99,"date":"2025-12-30","replaced":null,"open_closure":null},"flags":[]}},{"type":"Feature","geometry":{"type":"Point","coordinates":[-117.129561,32.74185]},"properties":{"facility_id":"SAMPLE-FFPP-00685","name":"Sample Taqueria 0685","address":"4601 Demo Court, San Diego, CA 92104","facility_type":"restaurant","council_district":3,"last_visit":{"date":"2025-08-09","type":"routine"},"grade":{"grade":"A","score":98,"date":"2025-08-09","replaced":null,"open_closure":null},"flags":[]}},{"type":"Feature","geometry":{"type":"Point","coordinates":[-117.234936,32.933331]},"properties":{"facility_id":"SAMPLE-FFPP-00686","name":"Sample Taqueria 0686","address":"6022 Testing Terrace, San Diego, CA 92130","facility_type":"restaurant","council_district":1,"last_visit":{"date":"2026-06-08","type":"routine"},"grade":{"grade":"A","score":98,"date":"2026-06-08","replaced":null,"open_closure":null},"flags":[],"points":2}},{"type":"Feature","geometry":{"type":"Point","coordinates":[-117.132195,32.748866]},"properties":{"facility_id":"SAMPLE-FFPP-00687","name":"Sample Taqueria 0687","address":"7880 Mock Lane, San Diego, CA 92104","facility_type":"restaurant","council_district":3,"last_visit":{"date":"2026-04-05","type":"routine"},"grade":{"grade":"A","score":98,"date":"2026-04-05","replaced":null,"open_closure":null},"flags":[],"points":2}},{"type":"Feature","geometry":{"type":"Point","coordinates":[-117.17106,32.713942]},"properties":{"facility_id":"SAMPLE-FFPP-00688","name":"Sample Pho House 0688","address":"1442 Specimen Way, San Diego, CA 92101","facility_type":"restaurant","council_district":3,"last_visit":{"date":"2025-10-21","type":"routine"},"grade":{"grade":"A","score":96,"date":"2025-10-21","replaced":null,"open_closure":null},"flags":[],"points":6}},{"type":"Feature","geometry":{"type":"Point","coordinates":[-117.181464,32.786167]},"properties":{"facility_id":"SAMPLE-FFPP-00689","name":"Sample Pizzeria 0689","address":"199 Mock Lane, San Diego, CA 92111","facility_type":"restaurant","council_district":7,"last_visit":{"date":"2026-08-03","type":"routine"},"grade":{"grade":"A","score":98,"date":"2026-08-03","replaced":null,"open_closure":null},"flags":["major","condition"],"points":5}},{"type":"Feature","geometry":{"type":"Point","coordinates":[-117.255263,32.788078]},"properties":{"facility_id":"SAMPLE-FFPP-00690","name":"Sample Taqueria 0690","address":"1665 Demo Court, San Diego, CA 92109","facility_type":"restaurant","council_district":2,"last_visit":{"date":"2026-08-14","type":"complaint"},"grade":{"grade":"A","score":98,"date":"2026-07-21","replaced":null,"open_closure":null},"flags":[],"points":1}},{"type":"Feature","geometry":{"type":"Point","coordinates":[-117.080532,33.021479]},"properties":{"facility_id":"SAMPLE-FFPP-00691","name":"Sample Taqueria 0691","address":"3813 Demo Court, San Diego, CA 92128","facility_type":"restaurant","council_district":5,"last_visit":{"date":"2026-02-23","type":"reinspection"},"grade":{"grade":"A","score":96,"date":"2026-02-23","replaced":null,"open_closure":null},"flags":["major","temperature"],"points":6}},{"type":"Feature","geometry":{"type":"Point","coordinates":[-117.131739,32.743986]},"properties":{"facility_id":"SAMPLE-FFPP-00692","name":"Sample Coffee Bar 0692","address":"5513 Pretend Place, San Diego, CA 92104","facility_type":"limited","council_district":3,"last_visit":{"date":"2026-06-30","type":"reinspection"},"grade":{"grade":"A","score":96,"date":"2026-06-30","replaced":null,"open_closure":null},"flags":["major","temperature"]}},{"type":"Feature","geometry":{"type":"Point","coordinates":[-117.076387,33.027788]},"properties":{"facility_id":"SAMPLE-FFPP-00693","name":"Sample Diner 0693","address":"366 Example Avenue, San Diego, CA 92128","facility_type":"restaurant","council_district":5,"last_visit":{"date":"2026-07-20","type":"routine"},"grade":{"grade":"A","score":98,"date":"2026-07-20","replaced":null,"open_closure":null},"flags":[],"points":2}},{"type":"Feature","geometry":{"type":"Point","coordinates":[-117.153306,32.760532]},"properties":{"facility_id":"SAMPLE-FFPP-00694","name":"Sample Taqueria 0694","address":"2966 Fictional Boulevard, San Diego, CA 92108","facility_type":"restaurant","council_district":7,"last_visit":{"date":"2026-06-04","type":"routine"},"grade":{"grade":"A","score":98,"date":"2026-06-04","replaced":null,"open_closure":null},"flags":[],"points":4}},{"type":"Feature","geometry":{"type":"Point","coordinates":[-117.168571,32.776036]},"properties":{"facility_id":"SAMPLE-FFPP-00695","name":"Sample Taqueria 0695","address":"779 Example Avenue, San Diego, CA 92108","facility_type":"restaurant","council_district":7,"last_visit":{"date":"2026-04-17","type":"routine"},"grade":{"grade":"A","score":100,"date":"2026-04-17","replaced":null,"open_closure":null},"flags":[],"points":0}},{"type":"Feature","geometry":{"type":"Point","coordinates":[-117.187796,32.817365]},"properties":{"facility_id":"SAMPLE-FFPP-00696","name":"Sample Grill 0696","address":"1810 Sample Row, San Diego, CA 92117","facility_type":"restaurant","council_district":2,"last_visit":{"date":"2026-02-22","type":"routine"},"grade":{"grade":"A","score":97,"date":"2026-02-22","replaced":null,"open_closure":null},"flags":[],"points":3}},{"type":"Feature","geometry":{"type":"Point","coordinates":[-117.224918,32.939388]},"properties":{"facility_id":"SAMPLE-FFPP-00697","name":"Sample Noodle House 0697","address":"5272 Placeholder Street, San Diego, CA 92130","facility_type":"restaurant","council_district":1,"last_visit":{"date":"2026-05-28","type":"routine"},"grade":{"grade":"A","score":100,"date":"2026-05-28","replaced":null,"open_closure":null},"flags":[],"points":0}},{"type":"Feature","geometry":{"type":"Point","coordinates":[-117.044618,32.552831]},"properties":{"facility_id":"SAMPLE-FFPP-00698","name":"Sample Pho House 0698","address":"1030 Invented Road, San Diego, CA 92173","facility_type":"restaurant","council_district":8,"last_visit":{"date":"2025-11-26","type":"routine"},"grade":{"grade":"A","score":99,"date":"2025-11-26","replaced":null,"open_closure":null},"flags":[],"points":1}},{"type":"Feature","geometry":{"type":"Point","coordinates":[-117.134635,32.696024]},"properties":{"facility_id":"SAMPLE-FFPP-00699","name":"Sample Grocery 0699","address":"7846 Placeholder Street, San Diego, CA 92113","facility_type":"market","council_district":8,"last_visit":{"date":"2026-08-17","type":"routine"},"grade":{"grade":"A","score":98,"date":"2026-08-17","replaced":null,"open_closure":null},"flags":[]}},{"type":"Feature","geometry":{"type":"Point","coordinates":[-117.145396,32.932071]},"properties":{"facility_id":"SAMPLE-FFPP-00700","name":"Sample Sushi Bar 0700","address":"7818 Testing Terrace, San Diego, CA 92126","facility_type":"restaurant","council_district":6,"last_visit":{"date":"2025-11-12","type":"routine"},"grade":{"grade":"A","score":99,"date":"2025-11-12","replaced":null,"open_closure":null},"flags":[],"points":1}},{"type":"Feature","geometry":{"type":"Point","coordinates":[-117.176937,32.714973]},"properties":{"facility_id":"SAMPLE-FFPP-00701","name":"Sample Diner 0701","address":"4072 Sample Row, San Diego, CA 92101","facility_type":"restaurant","council_district":3,"last_visit":{"date":"2026-08-13","type":"routine"},"grade":{"grade":"A","score":94,"date":"2026-08-13","replaced":null,"open_closure":null},"flags":["major","bc","major_2","temperature","supplier"],"band":"3","points":11}},{"type":"Feature","geometry":{"type":"Point","coordinates":[-117.268841,32.842492]},"properties":{"facility_id":"SAMPLE-FFPP-00702","name":"Sample Sushi Bar 0702","address":"7303 Placeholder Street, San Diego, CA 92037","facility_type":"restaurant","council_district":1,"last_visit":{"date":"2026-02-14","type":"reinspection"},"grade":{"grade":"A","score":94,"date":"2026-02-05","replaced":null,"open_closure":null},"flags":["major","vermin"],"points":6}},{"type":"Feature","geometry":{"type":"Point","coordinates":[-117.046852,32.547363]},"properties":{"facility_id":"SAMPLE-FFPP-00703","name":"Sample Noodle House 0703","address":"9258 Demo Court, San Diego, CA 92173","facility_type":"restaurant","council_district":8,"last_visit":{"date":"2026-04-22","type":"routine"},"grade":{"grade":"A","score":100,"date":"2026-04-22","replaced":null,"open_closure":null},"flags":[],"points":0}},{"type":"Feature","geometry":{"type":"Point","coordinates":[-117.247395,32.734731]},"properties":{"facility_id":"SAMPLE-FFPP-00704","name":"Sample Cafe 0704","address":"7707 Mock Lane, San Diego, CA 92107","facility_type":"restaurant","council_district":2,"last_visit":{"date":"2026-05-25","type":"routine"},"grade":{"grade":"A","score":98,"date":"2026-05-25","replaced":null,"open_closure":null},"flags":[],"points":4}},{"type":"Feature","geometry":{"type":"Point","coordinates":[-117.125904,32.957524]},"properties":{"facility_id":"SAMPLE-FFPP-00705","name":"Sample Cantina 0705","address":"8977 Sample Row, San Diego, CA 92129","facility_type":"restaurant","council_district":5,"last_visit":{"date":"2026-06-20","type":"routine"},"grade":{"grade":"A","score":98,"date":"2026-06-20","replaced":null,"open_closure":null},"flags":[],"points":2}},{"type":"Feature","geometry":{"type":"Point","coordinates":[-117.170264,32.723837]},"properties":{"facility_id":"SAMPLE-FFPP-00706","name":"Sample Taqueria 0706","address":"2193 Example Avenue, San Diego, CA 92101","facility_type":"restaurant","council_district":3,"last_visit":{"date":"2026-06-05","type":"routine"},"grade":{"grade":"A","score":98,"date":"2026-06-05","replaced":null,"open_closure":null},"flags":[],"points":2}},{"type":"Feature","geometry":{"type":"Point","coordinates":[-117.244828,32.789947]},"properties":{"facility_id":"SAMPLE-FFPP-00707","name":"Sample Pho House 0707","address":"279 Pretend Place, San Diego, CA 92109","facility_type":"restaurant","council_district":2,"last_visit":{"date":"2026-03-22","type":"reinspection"},"grade":{"grade":"A","score":94,"date":"2026-03-22","replaced":null,"open_closure":null},"flags":["major","sanitizing"],"points":6}},{"type":"Feature","geometry":{"type":"Point","coordinates":[-117.094227,32.909427]},"properties":{"facility_id":"SAMPLE-FFPP-00708","name":"Sample Kitchen 0708","address":"1626 Specimen Way, San Diego, CA 92131","facility_type":"restaurant","council_district":5,"last_visit":{"date":"2026-03-23","type":"routine"},"grade":{"grade":"A","score":98,"date":"2026-03-23","replaced":null,"open_closure":null},"flags":[],"points":4}},{"type":"Feature","geometry":{"type":"Point","coordinates":[-117.071463,32.769429]},"properties":{"facility_id":"SAMPLE-FFPP-00709","name":"Sample Market 0709","address":"2942 Invented Road, San Diego, CA 92115","facility_type":"market","council_district":9,"last_visit":{"date":"2026-07-24","type":"routine"},"grade":{"grade":"A","score":98,"date":"2026-07-24","replaced":null,"open_closure":null},"flags":[]}},{"type":"Feature","geometry":{"type":"Point","coordinates":[-117.151398,32.82181]},"properties":{"facility_id":"SAMPLE-FFPP-00710","name":"Sample Sushi Bar 0710","address":"6935 Specimen Way, San Diego, CA 92111","facility_type":"restaurant","council_district":6,"last_visit":{"date":"2026-03-31","type":"reinspection"},"grade":{"grade":"A","score":96,"date":"2026-03-31","replaced":null,"open_closure":null},"flags":["major","vermin"],"points":2}},{"type":"Feature","geometry":{"type":"Point","coordinates":[-117.22502,32.734829]},"properties":{"facility_id":"SAMPLE-FFPP-00711","name":"Sample Pho House 0711","address":"4540 Pretend Place, San Diego, CA 92106","facility_type":"restaurant","council_district":2,"last_visit":{"date":"2025-12-30","type":"complaint"},"grade":{"grade":"A","score":98,"date":"2025-08-27","replaced":null,"open_closure":null},"flags":[]}},{"type":"Feature","geometry":{"type":"Point","coordinates":[-117.28024,32.850294]},"properties":{"facility_id":"SAMPLE-FFPP-00712","name":"Sample Pizzeria 0712","address":"7703 Demo Court, San Diego, CA 92037","facility_type":"restaurant","council_district":1,"last_visit":{"date":"2025-10-30","type":"reinspection"},"grade":{"grade":"A","score":94,"date":"2025-10-22","replaced":null,"open_closure":null},"flags":["major","water"],"points":6}},{"type":"Feature","geometry":{"type":"Point","coordinates":[-117.038322,32.701208]},"properties":{"facility_id":"SAMPLE-FFPP-00713","name":"Sample Sushi Bar 0713","address":"936 Mock Lane, San Diego, CA 92114","facility_type":"restaurant","council_district":4,"last_visit":{"date":"2026-07-23","type":"followup"},"grade":{"grade":"A","score":96,"date":"2026-01-23","replaced":null,"open_closure":{"date":"2026-07-20","reason":"health","later_ungraded":["2026-07-20","2026-07-23"],"status":"Ordered Closed"}},"flags":["major","closed","repeat","major_2","closures2","temperature","vermin"],"band":"2","points":21}},{"type":"Feature","geometry":{"type":"Point","coordinates":[-117.158125,32.821197]},"properties":{"facility_id":"SAMPLE-FFPP-00714","name":"Sample Market 0714","address":"5079 Demo Court, San Diego, CA 92111","facility_type":"market","council_district":6,"last_visit":{"date":"2025-11-17","type":"routine"},"grade":{"grade":"A","score":95,"date":"2025-11-17","replaced":null,"open_closure":null},"flags":[]}},{"type":"Feature","geometry":{"type":"Point","coordinates":[-117.003119,32.567816]},"properties":{"facility_id":"SAMPLE-FFPP-00715","name":"Sample Kitchen 0715","address":"1945 Example Avenue, San Diego, CA 92154","facility_type":"restaurant","council_district":8,"last_visit":{"date":"2026-04-10","type":"routine"},"grade":{"grade":"A","score":99,"date":"2026-04-10","replaced":null,"open_closure":null},"flags":[],"points":1}},{"type":"Feature","geometry":{"type":"Point","coordinates":[-117.138665,32.689543]},"properties":{"facility_id":"SAMPLE-FFPP-00716","name":"Sample Cantina 0716","address":"6374 Example Avenue, San Diego, CA 92113","facility_type":"restaurant","council_district":8,"last_visit":{"date":"2026-07-25","type":"routine"},"grade":{"grade":"A","score":99,"date":"2026-07-25","replaced":null,"open_closure":null},"flags":[],"points":1}},{"type":"Feature","geometry":{"type":"Point","coordinates":[-117.206737,32.786189]},"properties":{"facility_id":"SAMPLE-FFPP-00717","name":"Sample Pho House 0717","address":"7630 Demo Court, San Diego, CA 92110","facility_type":"restaurant","council_district":2,"last_visit":{"date":"2026-05-16","type":"routine"},"grade":{"grade":"A","score":98,"date":"2026-05-16","replaced":null,"open_closure":null},"flags":[],"points":2}},{"type":"Feature","geometry":{"type":"Point","coordinates":[-117.137198,32.836711]},"properties":{"facility_id":"SAMPLE-FFPP-00718","name":"Sample Deli Market 0718","address":"528 Specimen Way, San Diego, CA 92123","facility_type":"market","council_district":6,"last_visit":{"date":"2025-12-28","type":"routine"},"grade":{"grade":"A","score":98,"date":"2025-12-28","replaced":null,"open_closure":null},"flags":[]}},{"type":"Feature","geometry":{"type":"Point","coordinates":[-117.119173,32.948246]},"properties":{"facility_id":"SAMPLE-FFPP-00719","name":"Sample Kitchen 0719","address":"5545 Mock Lane, San Diego, CA 92129","facility_type":"restaurant","council_district":5,"last_visit":{"date":"2026-08-29","type":"routine"},"grade":{"grade":"A","score":97,"date":"2026-08-29","replaced":null,"open_closure":null},"flags":[],"points":2}},{"type":"Feature","geometry":{"type":"Point","coordinates":[-117.226617,32.94596]},"properties":{"facility_id":"SAMPLE-FFPP-00720","name":"Sample Snack Bar 0720","address":"3532 Sample Row, San Diego, CA 92130","facility_type":"limited","council_district":1,"last_visit":{"date":"2026-04-26","type":"routine"},"grade":{"grade":"A","score":96,"date":"2026-04-26","replaced":null,"open_closure":null},"flags":[]}},{"type":"Feature","geometry":{"type":"Point","coordinates":[-117.061202,32.7134]},"properties":{"facility_id":"SAMPLE-FFPP-00721","name":"Sample Taqueria 0721","address":"2007 Sample Row, San Diego, CA 92114","facility_type":"restaurant","council_district":4,"last_visit":{"date":"2026-05-08","type":"reinspection"},"grade":{"grade":"A","score":95,"date":"2026-04-29","replaced":null,"open_closure":null},"flags":["major","temperature"],"band":"3","points":9}},{"type":"Feature","geometry":{"type":"Point","coordinates":[-117.149449,32.696265]},"properties":{"facility_id":"SAMPLE-FFPP-00722","name":"Sample Deli Market 0722","address":"525 Placeholder Street, San Diego, CA 92113","facility_type":"market","council_district":8,"last_visit":{"date":"2026-03-30","type":"reinspection"},"grade":{"grade":"A","score":92,"date":"2026-03-30","replaced":null,"open_closure":null},"flags":["major","temperature","advisory"]}},{"type":"Feature","geometry":{"type":"Point","coordinates":[-117.154313,32.727317]},"properties":{"facility_id":"SAMPLE-FFPP-00723","name":"Sample Deli Market 0723","address":"2253 Placeholder Street, San Diego, CA 92101","facility_type":"market","council_district":3,"last_visit":{"date":"2025-08-30","type":"routine"},"grade":{"grade":"A","score":96,"date":"2025-08-30","replaced":null,"open_closure":null},"flags":[]}},{"type":"Feature","geometry":{"type":"Point","coordinates":[-117.123511,32.760977]},"properties":{"facility_id":"SAMPLE-FFPP-00724","name":"Sample Pho House 0724","address":"4824 Testing Terrace, San Diego, CA 92104","facility_type":"restaurant","council_district":3,"last_visit":{"date":"2026-01-23","type":"reinspection"},"grade":{"grade":"A","score":92,"date":"2026-01-11","replaced":null,"open_closure":null},"flags":["major","temperature"],"band":"3","points":10}},{"type":"Feature","geometry":{"type":"Point","coordinates":[-117.072012,32.772251]},"properties":{"facility_id":"SAMPLE-FFPP-00725","name":"Sample Taqueria 0725","address":"830 Placeholder Street, San Diego, CA 92115","facility_type":"restaurant","council_district":9,"last_visit":{"date":"2026-08-20","type":"routine"},"grade":{"grade":"A","score":98,"date":"2026-08-20","replaced":null,"open_closure":null},"flags":["major","bc","major_2","supplier","vermin"],"band":"3","points":9}},{"type":"Feature","geometry":{"type":"Point","coordinates":[-117.154397,32.819533]},"properties":{"facility_id":"SAMPLE-FFPP-00726","name":"Sample Diner 0726","address":"2936 Fictional Boulevard, San Diego, CA 92111","facility_type":"restaurant","council_district":6,"last_visit":{"date":"2026-05-22","type":"followup"},"grade":{"grade":"B","score":87,"date":"2026-05-22","replaced":{"grade":"B","score":81,"date":"2026-05-03"},"open_closure":null},"flags":["major","bc","temperature","water"],"band":"2","points":15}},{"type":"Feature","geometry":{"type":"Point","coordinates":[-117.142449,32.741072]},"properties":{"facility_id":"SAMPLE-FFPP-00727","name":"Sample Pizzeria 0727","address":"8005 Placeholder Street, San Diego, CA 92104","facility_type":"restaurant","council_district":3,"last_visit":{"date":"2026-02-21","type":"routine"},"grade":{"grade":"A","score":96,"date":"2026-02-21","replaced":null,"open_closure":null},"flags":[],"points":6}},{"type":"Feature","geometry":{"type":"Point","coordinates":[-117.096201,32.747273]},"properties":{"facility_id":"SAMPLE-FFPP-00728","name":"Sample Diner 0728","address":"5861 Specimen Way, San Diego, CA 92105","facility_type":"restaurant","council_district":9,"last_visit":{"date":"2025-08-09","type":"routine"},"grade":{"grade":"A","score":98,"date":"2025-08-09","replaced":null,"open_closure":null},"flags":[]}},{"type":"Feature","geometry":{"type":"Point","coordinates":[-117.065146,32.77162]},"properties":{"facility_id":"SAMPLE-FFPP-00729","name":"Sample Grill 0729","address":"9281 Placeholder Street, San Diego, CA 92115","facility_type":"restaurant","council_district":9,"last_visit":{"date":"2026-04-12","type":"followup"},"grade":{"grade":"A","score":99,"date":"2026-04-12","replaced":{"grade":"B","score":89,"date":"2026-03-29"},"open_closure":null},"flags":["major","bc","temperature","sanitizing"],"band":"2","points":15}},{"type":"Feature","geometry":{"type":"Point","coordinates":[-117.171021,32.721301]},"properties":{"facility_id":"SAMPLE-FFPP-00730","name":"Sample Grill 0730","address":"9043 Sample Row, San Diego, CA 92101","facility_type":"restaurant","council_district":3,"last_visit":{"date":"2025-10-21","type":"routine"},"grade":{"grade":"A","score":98,"date":"2025-10-21","replaced":null,"open_closure":null},"flags":[],"points":2}},{"type":"Feature","geometry":{"type":"Point","coordinates":[-117.119643,32.751882]},"properties":{"facility_id":"SAMPLE-FFPP-00731","name":"Sample Grill 0731","address":"8588 Invented Road, San Diego, CA 92105","facility_type":"restaurant","council_district":9,"last_visit":{"date":"2025-12-11","type":"routine"},"grade":{"grade":"A","score":98,"date":"2025-12-11","replaced":null,"open_closure":null},"flags":[],"points":2}},{"type":"Feature","geometry":{"type":"Point","coordinates":[-117.078928,33.013966]},"properties":{"facility_id":"SAMPLE-FFPP-00732","name":"Sample Kitchen 0732","address":"5649 Mock Lane, San Diego, CA 92128","facility_type":"restaurant","council_district":5,"last_visit":{"date":"2026-01-28","type":"routine"},"grade":{"grade":"A","score":98,"date":"2026-01-28","replaced":null,"open_closure":null},"flags":[],"points":2}},{"type":"Feature","geometry":{"type":"Point","coordinates":[-117.158956,32.726385]},"properties":{"facility_id":"SAMPLE-FFPP-00733","name":"Sample Taqueria 0733","address":"2937 Example Avenue, San Diego, CA 92101","facility_type":"restaurant","council_district":3,"last_visit":{"date":"2026-05-12","type":"followup"},"grade":{"grade":"B","score":85,"date":"2026-05-12","replaced":{"grade":"C","score":74,"date":"2026-04-28"},"open_closure":null},"flags":["major","bc","temperature","condition"],"band":"1","points":30}},{"type":"Feature","geometry":{"type":"Point","coordinates":[-117.09093,32.828067]},"properties":{"facility_id":"SAMPLE-FFPP-00734","name":"Sample Cantina 0734","address":"741 Testing Terrace, San Diego, CA 92124","facility_type":"restaurant","council_district":7,"last_visit":{"date":"2025-12-16","type":"routine"},"grade":{"grade":"A","score":100,"date":"2025-12-16","replaced":null,"open_closure":null},"flags":[],"points":0}},{"type":"Feature","geometry":{"type":"Point","coordinates":[-117.158557,32.772395]},"properties":{"facility_id":"SAMPLE-FFPP-00735","name":"Sample Cantina 0735","address":"8870 Fictional Boulevard, San Diego, CA 92108","facility_type":"restaurant","council_district":7,"last_visit":{"date":"2025-10-22","type":"routine"},"grade":{"grade":"A","score":96,"date":"2025-10-22","replaced":null,"open_closure":null},"flags":[],"points":4}},{"type":"Feature","geometry":{"type":"Point","coordinates":[-117.005173,32.576179]},"properties":{"facility_id":"SAMPLE-FFPP-00736","name":"Sample Market 0736","address":"4103 Invented Road, San Diego, CA 92154","facility_type":"market","council_district":8,"last_visit":{"date":"2026-07-18","type":"routine"},"grade":{"grade":"A","score":100,"date":"2026-07-18","replaced":null,"open_closure":null},"flags":[]}},{"type":"Feature","geometry":{"type":"Point","coordinates":[-117.188521,32.81579]},"properties":{"facility_id":"SAMPLE-FFPP-00737","name":"Sample Grill 0737","address":"3781 Example Avenue, San Diego, CA 92117","facility_type":"restaurant","council_district":2,"last_visit":{"date":"2025-08-03","type":"routine"},"grade":{"grade":"A","score":96,"date":"2025-08-03","replaced":null,"open_closure":null},"flags":[]}},{"type":"Feature","geometry":{"type":"Point","coordinates":[-117.248218,32.747464]},"properties":{"facility_id":"SAMPLE-FFPP-00738","name":"Sample Diner 0738","address":"8181 Sample Row, San Diego, CA 92107","facility_type":"restaurant","council_district":2,"last_visit":{"date":"2026-07-15","type":"routine"},"grade":{"grade":"A","score":100,"date":"2026-07-15","replaced":null,"open_closure":null},"flags":[],"points":0}},{"type":"Feature","geometry":{"type":"Point","coordinates":[-117.209975,32.875203]},"properties":{"facility_id":"SAMPLE-FFPP-00739","name":"Sample Diner 0739","address":"8067 Placeholder Street, San Diego, CA 92122","facility_type":"restaurant","council_district":1,"last_visit":{"date":"2026-07-13","type":"routine"},"grade":{"grade":"A","score":100,"date":"2026-07-13","replaced":null,"open_closure":null},"flags":[],"points":0}},{"type":"Feature","geometry":{"type":"Point","coordinates":[-117.268001,32.846431]},"properties":{"facility_id":"SAMPLE-FFPP-00740","name":"Sample Diner 0740","address":"5012 Mock Lane, San Diego, CA 92037","facility_type":"restaurant","council_district":1,"last_visit":{"date":"2025-10-16","type":"routine"},"grade":{"grade":"A","score":93,"date":"2025-10-16","replaced":null,"open_closure":null},"flags":["major","vermin"],"points":7}},{"type":"Feature","geometry":{"type":"Point","coordinates":[-117.031181,32.563195]},"properties":{"facility_id":"SAMPLE-FFPP-00741","name":"Sample Noodle House 0741","address":"1213 Demo Court, San Diego, CA 92173","facility_type":"restaurant","council_district":8,"last_visit":{"date":"2026-08-27","type":"routine"},"grade":{"grade":"A","score":99,"date":"2026-08-27","replaced":null,"open_closure":null},"flags":[],"points":1}},{"type":"Feature","geometry":{"type":"Point","coordinates":[-117.23463,32.728248]},"properties":{"facility_id":"SAMPLE-FFPP-00742","name":"Sample Market 0742","address":"6452 Pretend Place, San Diego, CA 92106","facility_type":"market","council_district":2,"last_visit":{"date":"2025-10-30","type":"routine"},"grade":{"grade":"A","score":100,"date":"2025-10-30","replaced":null,"open_closure":null},"flags":[]}},{"type":"Feature","geometry":{"type":"Point","coordinates":[-117.233822,32.942839]},"properties":{"facility_id":"SAMPLE-FFPP-00743","name":"Sample Taqueria 0743","address":"2874 Pretend Place, San Diego, CA 92130","facility_type":"restaurant","council_district":1,"last_visit":{"date":"2025-11-20","type":"routine"},"grade":{"grade":"A","score":97,"date":"2025-11-20","replaced":null,"open_closure":null},"flags":[],"points":5}},{"type":"Feature","geometry":{"type":"Point","coordinates":[-117.246686,32.802222]},"properties":{"facility_id":"SAMPLE-FFPP-00744","name":"Sample Cantina 0744","address":"4054 Example Avenue, San Diego, CA 92109","facility_type":"restaurant","council_district":2,"last_visit":{"date":"2025-09-10","type":"routine"},"grade":{"grade":"A","score":98,"date":"2025-09-10","replaced":null,"open_closure":null},"flags":[],"points":2}},{"type":"Feature","geometry":{"type":"Point","coordinates":[-117.137704,32.917881]},"properties":{"facility_id":"SAMPLE-FFPP-00745","name":"Sample Pho House 0745","address":"7017 Fictional Boulevard, San Diego, CA 92126","facility_type":"restaurant","council_district":6,"last_visit":{"date":"2026-02-05","type":"routine"},"grade":{"grade":"A","score":99,"date":"2026-02-05","replaced":null,"open_closure":null},"flags":[],"points":1}},{"type":"Feature","geometry":{"type":"Point","coordinates":[-117.062278,32.722081]},"properties":{"facility_id":"SAMPLE-FFPP-00746","name":"Sample Grocery 0746","address":"1099 Example Avenue, San Diego, CA 92114","facility_type":"market","council_district":4,"last_visit":{"date":"2025-08-17","type":"routine"},"grade":{"grade":"A","score":98,"date":"2025-08-17","replaced":null,"open_closure":null},"flags":[]}},{"type":"Feature","geometry":{"type":"Point","coordinates":[-117.05671,32.709741]},"properties":{"facility_id":"SAMPLE-FFPP-00747","name":"Sample Diner 0747","address":"497 Invented Road, San Diego, CA 92114","facility_type":"restaurant","council_district":4,"last_visit":{"date":"2026-07-21","type":"routine"},"grade":{"grade":"A","score":98,"date":"2026-07-21","replaced":null,"open_closure":null},"flags":[],"points":4}},{"type":"Feature","geometry":{"type":"Point","coordinates":[-117.118862,32.763733]},"properties":{"facility_id":"SAMPLE-FFPP-00748","name":"Sample Diner 0748","address":"9103 Example Avenue, San Diego, CA 92116","facility_type":"restaurant","council_district":9,"last_visit":{"date":"2026-05-08","type":"routine"},"grade":{"grade":"A","score":98,"date":"2026-05-08","replaced":null,"open_closure":null},"flags":[],"points":2}},{"type":"Feature","geometry":{"type":"Point","coordinates":[-117.262181,32.799922]},"properties":{"facility_id":"SAMPLE-FFPP-00749","name":"Sample Carniceria 0749","address":"6991 Specimen Way, San Diego, CA 92109","facility_type":"market","council_district":2,"last_visit":{"date":"2025-09-05","type":"routine"},"grade":{"grade":"A","score":98,"date":"2025-09-05","replaced":null,"open_closure":null},"flags":[]}},{"type":"Feature","geometry":{"type":"Point","coordinates":[-117.160177,32.713504]},"properties":{"facility_id":"SAMPLE-FFPP-00750","name":"Sample Sushi Bar 0750","address":"939 Mock Lane, San Diego, CA 92101","facility_type":"restaurant","council_district":3,"last_visit":{"date":"2026-05-06","type":"routine"},"grade":{"grade":"A","score":94,"date":"2026-05-06","replaced":null,"open_closure":null},"flags":[],"points":7}},{"type":"Feature","geometry":{"type":"Point","coordinates":[-117.060376,32.770932]},"properties":{"facility_id":"SAMPLE-FFPP-00751","name":"Sample Cantina 0751","address":"6603 Invented Road, San Diego, CA 92115","facility_type":"restaurant","council_district":9,"last_visit":{"date":"2026-03-14","type":"routine"},"grade":{"grade":"A","score":96,"date":"2026-03-14","replaced":null,"open_closure":null},"flags":["major","bc","hands","vermin"],"band":"3","points":11}},{"type":"Feature","geometry":{"type":"Point","coordinates":[-117.165967,32.752094]},"properties":{"facility_id":"SAMPLE-FFPP-00752","name":"Sample Coffee Bar 0752","address":"5945 Pretend Place, San Diego, CA 92103","facility_type":"limited","council_district":3,"last_visit":{"date":"2026-05-15","type":"routine"},"grade":{"grade":"A","score":98,"date":"2026-05-15","replaced":null,"open_closure":null},"flags":[]}},{"type":"Feature","geometry":{"type":"Point","coordinates":[-117.038743,32.543878]},"properties":{"facility_id":"SAMPLE-FFPP-00753","name":"Sample Market 0753","address":"3093 Placeholder Street, San Diego, CA 92173","facility_type":"market","council_district":8,"last_visit":{"date":"2026-07-12","type":"routine"},"grade":{"grade":"A","score":98,"date":"2026-07-12","replaced":null,"open_closure":null},"flags":[]}},{"type":"Feature","geometry":{"type":"Point","coordinates":[-117.115198,32.959445]},"properties":{"facility_id":"SAMPLE-FFPP-00754","name":"Sample Carniceria 0754","address":"7959 Demo Court, San Diego, CA 92129","facility_type":"market","council_district":5,"last_visit":{"date":"2026-07-01","type":"routine"},"grade":{"grade":"A","score":98,"date":"2026-07-01","replaced":null,"open_closure":null},"flags":[]}},{"type":"Feature","geometry":{"type":"Point","coordinates":[-117.066139,32.709079]},"properties":{"facility_id":"SAMPLE-FFPP-00755","name":"Sample Carniceria 0755","address":"9846 Invented Road, San Diego, CA 92114","facility_type":"market","council_district":4,"last_visit":{"date":"2026-04-04","type":"routine"},"grade":{"grade":"A","score":98,"date":"2026-04-04","replaced":null,"open_closure":null},"flags":[]}},{"type":"Feature","geometry":{"type":"Point","coordinates":[-117.196984,32.78644]},"properties":{"facility_id":"SAMPLE-FFPP-00756","name":"Sample Pizzeria 0756","address":"4145 Specimen Way, San Diego, CA 92111","facility_type":"restaurant","council_district":7,"last_visit":{"date":"2026-03-03","type":"followup"},"grade":{"grade":"A","score":96,"date":"2024-11-30","replaced":null,"open_closure":{"date":"2026-02-27","reason":"health","later_ungraded":["2026-02-27","2026-03-03"],"status":"Ordered Closed"}},"flags":["major","closed","handsink"],"band":"1","points":32}},{"type":"Feature","geometry":{"type":"Point","coordinates":[-117.136115,32.696095]},"properties":{"facility_id":"SAMPLE-FFPP-00757","name":"Sample Diner 0757","address":"6221 Mock Lane, San Diego, CA 92113","facility_type":"restaurant","council_district":8,"last_visit":{"date":"2025-12-22","type":"routine"},"grade":{"grade":"A","score":99,"date":"2025-12-22","replaced":null,"open_closure":null},"flags":[],"points":1}},{"type":"Feature","geometry":{"type":"Point","coordinates":[-117.16445,32.71284]},"properties":{"facility_id":"SAMPLE-FFPP-00758","name":"Sample Taqueria 0758","address":"9332 Sample Row, San Diego, CA 92101","facility_type":"restaurant","council_district":3,"last_visit":{"date":"2025-12-20","type":"routine"},"grade":{"grade":"A","score":100,"date":"2025-12-20","replaced":null,"open_closure":null},"flags":[],"points":0}},{"type":"Feature","geometry":{"type":"Point","coordinates":[-117.052745,32.684025]},"properties":{"facility_id":"SAMPLE-FFPP-00759","name":"Sample Coffee Bar 0759","address":"2295 Specimen Way, San Diego, CA 92139","facility_type":"limited","council_district":4,"last_visit":{"date":"2026-04-22","type":"routine"},"grade":{"grade":"A","score":98,"date":"2026-04-22","replaced":null,"open_closure":null},"flags":[]}},{"type":"Feature","geometry":{"type":"Point","coordinates":[-117.010734,32.559772]},"properties":{"facility_id":"SAMPLE-FFPP-00760","name":"Sample Deli Market 0760","address":"1799 Invented Road, San Diego, CA 92154","facility_type":"market","council_district":8,"last_visit":{"date":"2026-04-17","type":"routine"},"grade":{"grade":"A","score":98,"date":"2026-04-17","replaced":null,"open_closure":null},"flags":[]}},{"type":"Feature","geometry":{"type":"Point","coordinates":[-117.186071,32.81265]},"properties":{"facility_id":"SAMPLE-FFPP-00761","name":"Sample Juice Bar 0761","address":"6200 Specimen Way, San Diego, CA 92117","facility_type":"limited","council_district":2,"last_visit":{"date":"2026-08-07","type":"routine"},"grade":{"grade":"A","score":99,"date":"2026-08-07","replaced":null,"open_closure":null},"flags":[]}},{"type":"Feature","geometry":{"type":"Point","coordinates":[-117.043119,32.558712]},"properties":{"facility_id":"SAMPLE-FFPP-00762","name":"Sample Deli Market 0762","address":"8256 Testing Terrace, San Diego, CA 92173","facility_type":"market","council_district":8,"last_visit":{"date":"2026-06-25","type":"routine"},"grade":{"grade":"A","score":96,"date":"2026-06-25","replaced":null,"open_closure":null},"flags":[]}},{"type":"Feature","geometry":{"type":"Point","coordinates":[-117.232894,32.735383]},"properties":{"facility_id":"SAMPLE-FFPP-00763","name":"Sample Taqueria 0763","address":"9521 Fictional Boulevard, San Diego, CA 92106","facility_type":"restaurant","council_district":2,"last_visit":{"date":"2026-07-15","type":"routine"},"grade":{"grade":"A","score":98,"date":"2026-07-15","replaced":null,"open_closure":null},"flags":["major","temperature"],"points":6}},{"type":"Feature","geometry":{"type":"Point","coordinates":[-117.146661,32.826406]},"properties":{"facility_id":"SAMPLE-FFPP-00764","name":"Sample Pizzeria 0764","address":"5567 Testing Terrace, San Diego, CA 92111","facility_type":"restaurant","council_district":6,"last_visit":{"date":"2026-04-08","type":"routine"},"grade":{"grade":"A","score":92,"date":"2026-04-08","replaced":null,"open_closure":null},"flags":["major","major_2","temperature"],"band":"3","points":9}},{"type":"Feature","geometry":{"type":"Point","coordinates":[-117.210205,32.870774]},"properties":{"facility_id":"SAMPLE-FFPP-00765","name":"Sample Kitchen 0765","address":"2521 Placeholder Street, San Diego, CA 92122","facility_type":"restaurant","council_district":1,"last_visit":{"date":"2026-01-22","type":"routine"},"grade":{"grade":"A","score":92,"date":"2026-01-22","replaced":null,"open_closure":null},"flags":["major","temperature"],"band":"3","points":10}},{"type":"Feature","geometry":{"type":"Point","coordinates":[-117.146247,32.910024]},"properties":{"facility_id":"SAMPLE-FFPP-00766","name":"Sample Pizzeria 0766","address":"4260 Example Avenue, San Diego, CA 92126","facility_type":"restaurant","council_district":6,"last_visit":{"date":"2026-07-24","type":"routine"},"grade":{"grade":"A","score":96,"date":"2026-07-24","replaced":null,"open_closure":null},"flags":[],"points":6}},{"type":"Feature","geometry":{"type":"Point","coordinates":[-117.182836,32.777863]},"properties":{"facility_id":"SAMPLE-FFPP-00767","name":"Sample Sushi Bar 0767","address":"124 Placeholder Street, San Diego, CA 92111","facility_type":"restaurant","council_district":7,"last_visit":{"date":"2026-04-05","type":"reinspection"},"grade":{"grade":"A","score":94,"date":"2026-04-05","replaced":null,"open_closure":null},"flags":["major","major_2","health"],"band":"3","points":8}},{"type":"Feature","geometry":{"type":"Point","coordinates":[-117.219053,32.873616]},"properties":{"facility_id":"SAMPLE-FFPP-00768","name":"Sample Taqueria 0768","address":"4906 Fictional Boulevard, San Diego, CA 92122","facility_type":"restaurant","council_district":1,"last_visit":{"date":"2025-09-24","type":"routine"},"grade":{"grade":"A","score":94,"date":"2025-09-24","replaced":null,"open_closure":null},"flags":[],"band":"3","points":8}},{"type":"Feature","geometry":{"type":"Point","coordinates":[-117.09567,32.811868]},"properties":{"facility_id":"SAMPLE-FFPP-00769","name":"Sample Taqueria 0769","address":"1267 Example Avenue, San Diego, CA 92124","facility_type":"restaurant","council_district":7,"last_visit":{"date":"2026-04-25","type":"routine"},"grade":{"grade":"A","score":100,"date":"2026-04-25","replaced":null,"open_closure":null},"flags":[],"points":3}},{"type":"Feature","geometry":{"type":"Point","coordinates":[-117.202969,32.78963]},"properties":{"facility_id":"SAMPLE-FFPP-00770","name":"Sample Deli Market 0770","address":"4522 Example Avenue, San Diego, CA 92110","facility_type":"market","council_district":2,"last_visit":{"date":"2026-07-29","type":"routine"},"grade":{"grade":"A","score":96,"date":"2026-07-29","replaced":null,"open_closure":null},"flags":[]}},{"type":"Feature","geometry":{"type":"Point","coordinates":[-117.258434,32.808466]},"properties":{"facility_id":"SAMPLE-FFPP-00771","name":"Sample Kitchen 0771","address":"2553 Mock Lane, San Diego, CA 92109","facility_type":"restaurant","council_district":2,"last_visit":{"date":"2025-08-29","type":"routine"},"grade":{"grade":"A","score":94,"date":"2025-08-29","replaced":null,"open_closure":null},"flags":[]}},{"type":"Feature","geometry":{"type":"Point","coordinates":[-117.158544,32.768277]},"properties":{"facility_id":"SAMPLE-FFPP-00772","name":"Sample Pizzeria 0772","address":"4069 Example Avenue, San Diego, CA 92108","facility_type":"restaurant","council_district":7,"last_visit":{"date":"2025-07-19","type":"routine"},"grade":{"grade":"A","score":98,"date":"2025-07-19","replaced":null,"open_closure":null},"flags":[]}},{"type":"Feature","geometry":{"type":"Point","coordinates":[-117.140637,32.836951]},"properties":{"facility_id":"SAMPLE-FFPP-00773","name":"Sample Sushi Bar 0773","address":"8089 Placeholder Street, San Diego, CA 92123","facility_type":"restaurant","council_district":6,"last_visit":{"date":"2026-04-19","type":"routine"},"grade":{"grade":"A","score":100,"date":"2026-04-19","replaced":null,"open_closure":null},"flags":[],"points":0}},{"type":"Feature","geometry":{"type":"Point","coordinates":[-117.088084,33.005805]},"properties":{"facility_id":"SAMPLE-FFPP-00774","name":"Sample Pho House 0774","address":"3726 Sample Row, San Diego, CA 92128","facility_type":"restaurant","council_district":5,"last_visit":{"date":"2026-07-21","type":"routine"},"grade":{"grade":"A","score":97,"date":"2026-07-21","replaced":null,"open_closure":null},"flags":[],"points":4}},{"type":"Feature","geometry":{"type":"Point","coordinates":[-117.21255,32.722045]},"properties":{"facility_id":"SAMPLE-FFPP-00775","name":"Sample Pizzeria 0775","address":"3312 Placeholder Street, San Diego, CA 92106","facility_type":"restaurant","council_district":2,"last_visit":{"date":"2025-07-06","type":"routine"},"grade":{"grade":"A","score":94,"date":"2025-07-06","replaced":null,"open_closure":null},"flags":[]}},{"type":"Feature","geometry":{"type":"Point","coordinates":[-117.101982,32.820501]},"properties":{"facility_id":"SAMPLE-FFPP-00776","name":"Sample Cafe 0776","address":"8217 Mock Lane, San Diego, CA 92124","facility_type":"restaurant","council_district":7,"last_visit":{"date":"2026-05-02","type":"routine"},"grade":{"grade":"A","score":98,"date":"2026-05-02","replaced":null,"open_closure":null},"flags":[],"points":2}},{"type":"Feature","geometry":{"type":"Point","coordinates":[-117.102113,32.758221]},"properties":{"facility_id":"SAMPLE-FFPP-00777","name":"Sample Cantina 0777","address":"7282 Invented Road, San Diego, CA 92105","facility_type":"restaurant","council_district":9,"last_visit":{"date":"2026-07-18","type":"complaint"},"grade":{"grade":"A","score":94,"date":"2026-02-24","replaced":null,"open_closure":null},"flags":[],"band":"3","points":8}},{"type":"Feature","geometry":{"type":"Point","coordinates":[-117.040341,32.703616]},"properties":{"facility_id":"SAMPLE-FFPP-00778","name":"Sample Sushi Bar 0778","address":"3142 Testing Terrace, San Diego, CA 92114","facility_type":"restaurant","council_district":4,"last_visit":{"date":"2026-06-02","type":"routine"},"grade":{"grade":"A","score":96,"date":"2026-06-02","replaced":null,"open_closure":null},"flags":[],"points":4}},{"type":"Feature","geometry":{"type":"Point","coordinates":[-117.207295,32.868007]},"properties":{"facility_id":"SAMPLE-FFPP-00779","name":"Sample Cafe 0779","address":"2030 Pretend Place, San Diego, CA 92122","facility_type":"restaurant","council_district":1,"last_visit":{"date":"2026-06-04","type":"routine"},"grade":{"grade":"A","score":98,"date":"2026-06-04","replaced":null,"open_closure":null},"flags":[],"points":2}},{"type":"Feature","geometry":{"type":"Point","coordinates":[-117.1427,32.712949]},"properties":{"facility_id":"SAMPLE-FFPP-00780","name":"Sample Sushi Bar 0780","address":"4293 Fictional Boulevard, San Diego, CA 92101","facility_type":"restaurant","council_district":3,"last_visit":{"date":"2026-07-29","type":"routine"},"grade":{"grade":"A","score":97,"date":"2026-07-29","replaced":null,"open_closure":null},"flags":[],"points":3}},{"type":"Feature","geometry":{"type":"Point","coordinates":[-117.097216,32.829443]},"properties":{"facility_id":"SAMPLE-FFPP-00781","name":"Sample Cantina 0781","address":"9514 Mock Lane, San Diego, CA 92124","facility_type":"restaurant","council_district":7,"last_visit":{"date":"2026-06-02","type":"reinspection"},"grade":{"grade":"A","score":95,"date":"2026-06-02","replaced":null,"open_closure":null},"flags":["major","temperature"],"points":7}},{"type":"Feature","geometry":{"type":"Point","coordinates":[-117.083275,32.764689]},"properties":{"facility_id":"SAMPLE-FFPP-00782","name":"Sample Kitchen 0782","address":"4930 Placeholder Street, San Diego, CA 92115","facility_type":"restaurant","council_district":9,"last_visit":{"date":"2026-02-13","type":"complaint"},"grade":{"grade":"A","score":94,"date":"2025-12-21","replaced":null,"open_closure":null},"flags":["major","supplier"],"points":6}},{"type":"Feature","geometry":{"type":"Point","coordinates":[-117.110784,32.956402]},"properties":{"facility_id":"SAMPLE-FFPP-00783","name":"Sample Carniceria 0783","address":"2155 Mock Lane, San Diego, CA 92129","facility_type":"market","council_district":5,"last_visit":{"date":"2026-03-15","type":"routine"},"grade":{"grade":"A","score":97,"date":"2026-03-15","replaced":null,"open_closure":null},"flags":[]}},{"type":"Feature","geometry":{"type":"Point","coordinates":[-117.125156,32.701074]},"properties":{"facility_id":"SAMPLE-FFPP-00784","name":"Sample Sushi Bar 0784","address":"2350 Testing Terrace, San Diego, CA 92113","facility_type":"restaurant","council_district":8,"last_visit":{"date":"2026-05-16","type":"routine"},"grade":{"grade":"A","score":96,"date":"2026-05-16","replaced":null,"open_closure":null},"flags":["major","closed","major_2","repeat_item","temperature"],"band":"2","points":19}},{"type":"Feature","geometry":{"type":"Point","coordinates":[-117.15743,32.718087]},"properties":{"facility_id":"SAMPLE-FFPP-00785","name":"Sample Cantina 0785","address":"6095 Placeholder Street, San Diego, CA 92101","facility_type":"restaurant","council_district":3,"last_visit":{"date":"2025-11-29","type":"routine"},"grade":{"grade":"A","score":99,"date":"2025-11-29","replaced":null,"open_closure":null},"flags":[],"points":1}},{"type":"Feature","geometry":{"type":"Point","coordinates":[-117.175721,32.728853]},"properties":{"facility_id":"SAMPLE-FFPP-00786","name":"Sample Diner 0786","address":"6447 Fictional Boulevard, San Diego, CA 92101","facility_type":"restaurant","council_district":3,"last_visit":{"date":"2026-05-27","type":"routine"},"grade":{"grade":"A","score":98,"date":"2026-05-27","replaced":null,"open_closure":null},"flags":[],"points":2}},{"type":"Feature","geometry":{"type":"Point","coordinates":[-117.158267,32.763341]},"properties":{"facility_id":"SAMPLE-FFPP-00787","name":"Sample Kitchen 0787","address":"6518 Invented Road, San Diego, CA 92108","facility_type":"restaurant","council_district":7,"last_visit":{"date":"2026-07-21","type":"routine"},"grade":{"grade":"A","score":99,"date":"2026-07-21","replaced":null,"open_closure":null},"flags":[],"points":1}},{"type":"Feature","geometry":{"type":"Point","coordinates":[-117.177559,32.820289]},"properties":{"facility_id":"SAMPLE-FFPP-00788","name":"Sample Cantina 0788","address":"8027 Specimen Way, San Diego, CA 92117","facility_type":"restaurant","council_district":2,"last_visit":{"date":"2026-07-19","type":"routine"},"grade":{"grade":"A","score":94,"date":"2026-07-19","replaced":null,"open_closure":null},"flags":[],"points":5}},{"type":"Feature","geometry":{"type":"Point","coordinates":[-117.208535,32.784117]},"properties":{"facility_id":"SAMPLE-FFPP-00789","name":"Sample Kitchen 0789","address":"6302 Sample Row, San Diego, CA 92110","facility_type":"restaurant","council_district":2,"last_visit":{"date":"2026-04-02","type":"routine"},"grade":{"grade":"A","score":100,"date":"2026-04-02","replaced":null,"open_closure":null},"flags":[],"points":0}},{"type":"Feature","geometry":{"type":"Point","coordinates":[-117.22882,32.733695]},"properties":{"facility_id":"SAMPLE-FFPP-00790","name":"Sample Carniceria 0790","address":"9825 Fictional Boulevard, San Diego, CA 92106","facility_type":"market","council_district":2,"last_visit":{"date":"2026-07-18","type":"routine"},"grade":{"grade":"A","score":96,"date":"2026-07-18","replaced":null,"open_closure":null},"flags":[]}},{"type":"Feature","geometry":{"type":"Point","coordinates":[-117.146785,32.843331]},"properties":{"facility_id":"SAMPLE-FFPP-00791","name":"Sample Cafe 0791","address":"7148 Testing Terrace, San Diego, CA 92123","facility_type":"restaurant","council_district":6,"last_visit":{"date":"2026-07-30","type":"reinspection"},"grade":{"grade":"A","score":94,"date":"2026-07-30","replaced":null,"open_closure":null},"flags":["major","major_2","temperature"],"band":"3","points":8}},{"type":"Feature","geometry":{"type":"Point","coordinates":[-117.234359,32.725264]},"properties":{"facility_id":"SAMPLE-FFPP-00792","name":"Sample Sushi Bar 0792","address":"6326 Pretend Place, San Diego, CA 92106","facility_type":"restaurant","council_district":2,"last_visit":{"date":"2025-12-12","type":"routine"},"grade":{"grade":"A","score":98,"date":"2025-12-12","replaced":null,"open_closure":null},"flags":[],"points":4}},{"type":"Feature","geometry":{"type":"Point","coordinates":[-117.162072,32.824932]},"properties":{"facility_id":"SAMPLE-FFPP-00793","name":"Sample Snack Bar 0793","address":"1997 Mock Lane, San Diego, CA 92111","facility_type":"limited","council_district":6,"last_visit":{"date":"2026-07-20","type":"routine"},"grade":{"grade":"A","score":99,"date":"2026-07-20","replaced":null,"open_closure":null},"flags":[]}},{"type":"Feature","geometry":{"type":"Point","coordinates":[-117.229667,32.945177]},"properties":{"facility_id":"SAMPLE-FFPP-00794","name":"Sample Snack Bar 0794","address":"5323 Testing Terrace, San Diego, CA 92130","facility_type":"limited","council_district":1,"last_visit":{"date":"2025-12-13","type":"complaint"},"grade":{"grade":"A","score":98,"date":"2025-07-05","replaced":null,"open_closure":null},"flags":[]}},{"type":"Feature","geometry":{"type":"Point","coordinates":[-117.261006,32.841829]},"properties":{"facility_id":"SAMPLE-FFPP-00795","name":"Sample Carniceria 0795","address":"3231 Sample Row, San Diego, CA 92037","facility_type":"market","council_district":1,"last_visit":{"date":"2026-03-19","type":"routine"},"grade":{"grade":"A","score":95,"date":"2026-03-19","replaced":null,"open_closure":null},"flags":[]}},{"type":"Feature","geometry":{"type":"Point","coordinates":[-117.188839,32.785462]},"properties":{"facility_id":"SAMPLE-FFPP-00796","name":"Sample Sushi Bar 0796","address":"535 Pretend Place, San Diego, CA 92111","facility_type":"restaurant","council_district":7,"last_visit":{"date":"2025-07-15","type":"routine"},"grade":{"grade":"A","score":98,"date":"2025-07-15","replaced":null,"open_closure":null},"flags":[]}},{"type":"Feature","geometry":{"type":"Point","coordinates":[-117.241187,32.942223]},"properties":{"facility_id":"SAMPLE-FFPP-00797","name":"Sample Market 0797","address":"2436 Fictional Boulevard, San Diego, CA 92130","facility_type":"market","council_district":1,"last_visit":{"date":"2026-05-31","type":"routine"},"grade":{"grade":"A","score":96,"date":"2026-05-31","replaced":null,"open_closure":null},"flags":[]}},{"type":"Feature","geometry":{"type":"Point","coordinates":[-117.151849,32.71519]},"properties":{"facility_id":"SAMPLE-FFPP-00798","name":"Sample Cantina 0798","address":"7440 Fictional Boulevard, San Diego, CA 92101","facility_type":"restaurant","council_district":3,"last_visit":{"date":"2026-03-04","type":"routine"},"grade":{"grade":"A","score":96,"date":"2026-03-04","replaced":null,"open_closure":null},"flags":[],"points":4}},{"type":"Feature","geometry":{"type":"Point","coordinates":[-117.047296,32.683418]},"properties":{"facility_id":"SAMPLE-FFPP-00799","name":"Sample Pizzeria 0799","address":"1473 Invented Road, San Diego, CA 92139","facility_type":"restaurant","council_district":4,"last_visit":{"date":"2026-07-12","type":"routine"},"grade":{"grade":"A","score":92,"date":"2026-07-12","replaced":null,"open_closure":null},"flags":["major","temperature"],"band":"3","points":10}},{"type":"Feature","geometry":{"type":"Point","coordinates":[-117.231594,32.73257]},"properties":{"facility_id":"SAMPLE-FFPP-00800","name":"Sample Noodle House 0800","address":"1823 Specimen Way, San Diego, CA 92106","facility_type":"restaurant","council_district":2,"last_visit":{"date":"2026-03-28","type":"complaint"},"grade":{"grade":"A","score":97,"date":"2026-02-13","replaced":null,"open_closure":null},"flags":[],"points":7}},{"type":"Feature","geometry":{"type":"Point","coordinates":[-117.14894,32.82525]},"properties":{"facility_id":"SAMPLE-FFPP-00801","name":"Sample Cantina 0801","address":"8353 Example Avenue, San Diego, CA 92111","facility_type":"restaurant","council_district":6,"last_visit":{"date":"2026-07-06","type":"routine"},"grade":{"grade":"A","score":98,"date":"2026-07-06","replaced":null,"open_closure":null},"flags":[],"points":4}},{"type":"Feature","geometry":{"type":"Point","coordinates":[-117.066084,32.71245]},"properties":{"facility_id":"SAMPLE-FFPP-00802","name":"Sample Market 0802","address":"2411 Pretend Place, San Diego, CA 92114","facility_type":"market","council_district":4,"last_visit":{"date":"2026-02-12","type":"routine"},"grade":{"grade":"A","score":94,"date":"2026-02-12","replaced":null,"open_closure":null},"flags":["major","hands"]}},{"type":"Feature","geometry":{"type":"Point","coordinates":[-117.156886,32.741852]},"properties":{"facility_id":"SAMPLE-FFPP-00803","name":"Sample Taqueria 0803","address":"9655 Sample Row, San Diego, CA 92103","facility_type":"restaurant","council_district":3,"last_visit":{"date":"2025-07-06","type":"routine"},"grade":{"grade":"A","score":96,"date":"2025-07-06","replaced":null,"open_closure":null},"flags":[]}},{"type":"Feature","geometry":{"type":"Point","coordinates":[-117.167397,32.832411]},"properties":{"facility_id":"SAMPLE-FFPP-00804","name":"Sample Grocery 0804","address":"2626 Placeholder Street, San Diego, CA 92111","facility_type":"market","council_district":6,"last_visit":{"date":"2026-07-21","type":"routine"},"grade":{"grade":"A","score":98,"date":"2026-07-21","replaced":null,"open_closure":null},"flags":[]}},{"type":"Feature","geometry":{"type":"Point","coordinates":[-117.184091,32.825115]},"properties":{"facility_id":"SAMPLE-FFPP-00805","name":"Sample Sushi Bar 0805","address":"9660 Mock Lane, San Diego, CA 92117","facility_type":"restaurant","council_district":2,"last_visit":{"date":"2025-12-07","type":"routine"},"grade":{"grade":"A","score":98,"date":"2025-12-07","replaced":null,"open_closure":null},"flags":[],"points":2}},{"type":"Feature","geometry":{"type":"Point","coordinates":[-117.04061,32.547976]},"properties":{"facility_id":"SAMPLE-FFPP-00806","name":"Sample Pizzeria 0806","address":"838 Testing Terrace, San Diego, CA 92173","facility_type":"restaurant","council_district":8,"last_visit":{"date":"2026-08-27","type":"complaint"},"grade":{"grade":"A","score":94,"date":"2026-05-22","replaced":null,"open_closure":null},"flags":["major","temperature"],"band":"3","points":10}},{"type":"Feature","geometry":{"type":"Point","coordinates":[-117.031257,32.553932]},"properties":{"facility_id":"SAMPLE-FFPP-00807","name":"Sample Sushi Bar 0807","address":"7877 Mock Lane, San Diego, CA 92173","facility_type":"restaurant","council_district":8,"last_visit":{"date":"2025-08-25","type":"routine"},"grade":{"grade":"A","score":98,"date":"2025-08-25","replaced":null,"open_closure":null},"flags":[]}},{"type":"Feature","geometry":{"type":"Point","coordinates":[-117.160427,32.707905]},"properties":{"facility_id":"SAMPLE-FFPP-00808","name":"Sample Juice Bar 0808","address":"7104 Example Avenue, San Diego, CA 92101","facility_type":"limited","council_district":3,"last_visit":{"date":"2026-06-16","type":"routine"},"grade":{"grade":"A","score":97,"date":"2026-06-16","replaced":null,"open_closure":null},"flags":[]}},{"type":"Feature","geometry":{"type":"Point","coordinates":[-117.19365,32.818246]},"properties":{"facility_id":"SAMPLE-FFPP-00809","name":"Sample Cafe 0809","address":"3071 Testing Terrace, San Diego, CA 92117","facility_type":"restaurant","council_district":2,"last_visit":{"date":"2026-08-09","type":"routine"},"grade":{"grade":"A","score":96,"date":"2026-08-09","replaced":null,"open_closure":null},"flags":[],"points":4}},{"type":"Feature","geometry":{"type":"Point","coordinates":[-117.164821,32.710901]},"properties":{"facility_id":"SAMPLE-FFPP-00810","name":"Sample Cafe 0810","address":"4225 Invented Road, San Diego, CA 92101","facility_type":"restaurant","council_district":3,"last_visit":{"date":"2026-04-27","type":"routine"},"grade":{"grade":"A","score":98,"date":"2026-04-27","replaced":null,"open_closure":null},"flags":[],"points":2}},{"type":"Feature","geometry":{"type":"Point","coordinates":[-117.280148,32.835305]},"properties":{"facility_id":"SAMPLE-FFPP-00811","name":"Sample Noodle House 0811","address":"4226 Example Avenue, San Diego, CA 92037","facility_type":"restaurant","council_district":1,"last_visit":{"date":"2026-03-11","type":"reinspection"},"grade":{"grade":"A","score":95,"date":"2026-03-06","replaced":null,"open_closure":null},"flags":["major","vermin"],"points":5}},{"type":"Feature","geometry":{"type":"Point","coordinates":[-117.070209,33.018016]},"properties":{"facility_id":"SAMPLE-FFPP-00812","name":"Sample Deli Market 0812","address":"9252 Testing Terrace, San Diego, CA 92128","facility_type":"market","council_district":5,"last_visit":{"date":"2026-01-27","type":"routine"},"grade":{"grade":"A","score":96,"date":"2026-01-27","replaced":null,"open_closure":null},"flags":[]}},{"type":"Feature","geometry":{"type":"Point","coordinates":[-117.19316,32.787961]},"properties":{"facility_id":"SAMPLE-FFPP-00813","name":"Sample Pizzeria 0813","address":"4440 Mock Lane, San Diego, CA 92111","facility_type":"restaurant","council_district":7,"last_visit":{"date":"2026-05-15","type":"routine"},"grade":{"grade":"A","score":96,"date":"2026-05-15","replaced":null,"open_closure":null},"flags":[],"points":4}},{"type":"Feature","geometry":{"type":"Point","coordinates":[-117.139893,32.696171]},"properties":{"facility_id":"SAMPLE-FFPP-00814","name":"Sample Grill 0814","address":"892 Demo Court, San Diego, CA 92113","facility_type":"restaurant","council_district":8,"last_visit":{"date":"2026-04-05","type":"reinspection"},"grade":{"grade":"A","score":92,"date":"2026-03-24","replaced":null,"open_closure":null},"flags":["major","major_2","temperature"],"band":"3","points":9}},{"type":"Feature","geometry":{"type":"Point","coordinates":[-117.236664,32.748551]},"properties":{"facility_id":"SAMPLE-FFPP-00815","name":"Sample Grill 0815","address":"9688 Placeholder Street, San Diego, CA 92107","facility_type":"restaurant","council_district":2,"last_visit":{"date":"2026-07-14","type":"reinspection"},"grade":{"grade":"A","score":96,"date":"2026-07-03","replaced":null,"open_closure":null},"flags":["major","major_2","supplier","vermin"],"points":5}},{"type":"Feature","geometry":{"type":"Point","coordinates":[-117.095505,32.902066]},"properties":{"facility_id":"SAMPLE-FFPP-00816","name":"Sample Sushi Bar 0816","address":"8547 Example Avenue, San Diego, CA 92131","facility_type":"restaurant","council_district":5,"last_visit":{"date":"2026-07-03","type":"complaint"},"grade":{"grade":"A","score":96,"date":"2026-01-14","replaced":null,"open_closure":null},"flags":[],"points":4}},{"type":"Feature","geometry":{"type":"Point","coordinates":[-117.249393,32.801704]},"properties":{"facility_id":"SAMPLE-FFPP-00817","name":"Sample Cafe 0817","address":"8298 Pretend Place, San Diego, CA 92109","facility_type":"restaurant","council_district":2,"last_visit":{"date":"2026-01-23","type":"routine"},"grade":{"grade":"A","score":98,"date":"2026-01-23","replaced":null,"open_closure":null},"flags":[],"points":2}},{"type":"Feature","geometry":{"type":"Point","coordinates":[-117.060192,32.723125]},"properties":{"facility_id":"SAMPLE-FFPP-00818","name":"Sample Diner 0818","address":"6381 Pretend Place, San Diego, CA 92114","facility_type":"restaurant","council_district":4,"last_visit":{"date":"2026-04-18","type":"followup"},"grade":{"grade":"A","score":93,"date":"2026-04-18","replaced":null,"open_closure":null},"flags":["major","closed","major_2","temperature","sanitizing"],"band":"1","points":32}},{"type":"Feature","geometry":{"type":"Point","coordinates":[-117.01299,32.557946]},"properties":{"facility_id":"SAMPLE-FFPP-00819","name":"Sample Diner 0819","address":"3760 Pretend Place, San Diego, CA 92154","facility_type":"restaurant","council_district":8,"last_visit":{"date":"2026-04-26","type":"routine"},"grade":{"grade":"A","score":96,"date":"2026-04-26","replaced":null,"open_closure":null},"flags":[],"points":6}},{"type":"Feature","geometry":{"type":"Point","coordinates":[-117.155493,32.771059]},"properties":{"facility_id":"SAMPLE-FFPP-00820","name":"Sample Pizzeria 0820","address":"1435 Fictional Boulevard, San Diego, CA 92108","facility_type":"restaurant","council_district":7,"last_visit":{"date":"2026-04-15","type":"routine"},"grade":{"grade":"A","score":97,"date":"2026-04-15","replaced":null,"open_closure":null},"flags":[],"points":7}},{"type":"Feature","geometry":{"type":"Point","coordinates":[-117.147706,32.917549]},"properties":{"facility_id":"SAMPLE-FFPP-00821","name":"Sample Taqueria 0821","address":"7019 Demo Court, San Diego, CA 92126","facility_type":"restaurant","council_district":6,"last_visit":{"date":"2026-06-22","type":"followup"},"grade":{"grade":"A","score":94,"date":"2026-06-22","replaced":{"grade":"B","score":88,"date":"2026-06-12"},"open_closure":null},"flags":["major","bc","health","hands"],"band":"3","points":12}},{"type":"Feature","geometry":{"type":"Point","coordinates":[-117.222575,32.951624]},"properties":{"facility_id":"SAMPLE-FFPP-00822","name":"Sample Deli Market 0822","address":"6295 Sample Row, San Diego, CA 92130","facility_type":"market","council_district":1,"last_visit":{"date":"2026-07-14","type":"routine"},"grade":{"grade":"A","score":92,"date":"2026-07-14","replaced":null,"open_closure":null},"flags":["major","handsink"]}},{"type":"Feature","geometry":{"type":"Point","coordinates":[-117.200011,32.781128]},"properties":{"facility_id":"SAMPLE-FFPP-00823","name":"Sample Noodle House 0823","address":"7741 Sample Row, San Diego, CA 92110","facility_type":"restaurant","council_district":2,"last_visit":{"date":"2026-03-26","type":"routine"},"grade":{"grade":"A","score":96,"date":"2026-03-26","replaced":null,"open_closure":null},"flags":[],"points":4}},{"type":"Feature","geometry":{"type":"Point","coordinates":[-117.149265,32.826095]},"properties":{"facility_id":"SAMPLE-FFPP-00824","name":"Sample Noodle House 0824","address":"1140 Example Avenue, San Diego, CA 92111","facility_type":"restaurant","council_district":6,"last_visit":{"date":"2026-07-27","type":"routine"},"grade":{"grade":"A","score":96,"date":"2026-07-27","replaced":null,"open_closure":null},"flags":["major","major_2","health"],"band":"3","points":11}},{"type":"Feature","geometry":{"type":"Point","coordinates":[-117.005546,32.5761]},"properties":{"facility_id":"SAMPLE-FFPP-00825","name":"Sample Pho House 0825","address":"7502 Demo Court, San Diego, CA 92154","facility_type":"restaurant","council_district":8,"last_visit":{"date":"2026-07-13","type":"routine"},"grade":{"grade":"A","score":99,"date":"2026-07-13","replaced":null,"open_closure":null},"flags":[],"points":3}},{"type":"Feature","geometry":{"type":"Point","coordinates":[-117.147011,32.777916]},"properties":{"facility_id":"SAMPLE-FFPP-00826","name":"Sample Carniceria 0826","address":"7874 Fictional Boulevard, San Diego, CA 92108","facility_type":"market","council_district":7,"last_visit":{"date":"2026-08-14","type":"complaint"},"grade":{"grade":"A","score":95,"date":"2026-01-28","replaced":null,"open_closure":null},"flags":["major","supplier"]}},{"type":"Feature","geometry":{"type":"Point","coordinates":[-117.276594,32.856624]},"properties":{"facility_id":"SAMPLE-FFPP-00827","name":"Sample Grill 0827","address":"5243 Demo Court, San Diego, CA 92037","facility_type":"restaurant","council_district":1,"last_visit":{"date":"2026-03-06","type":"routine"},"grade":{"grade":"A","score":98,"date":"2026-03-06","replaced":null,"open_closure":null},"flags":[],"points":2}},{"type":"Feature","geometry":{"type":"Point","coordinates":[-117.259933,32.795753]},"properties":{"facility_id":"SAMPLE-FFPP-00828","name":"Sample Pizzeria 0828","address":"8614 Placeholder Street, San Diego, CA 92109","facility_type":"restaurant","council_district":2,"last_visit":{"date":"2026-06-12","type":"routine"},"grade":{"grade":"A","score":98,"date":"2026-06-12","replaced":null,"open_closure":null},"flags":[],"points":4}},{"type":"Feature","geometry":{"type":"Point","coordinates":[-117.184361,32.788354]},"properties":{"facility_id":"SAMPLE-FFPP-00829","name":"Sample Market 0829","address":"2507 Pretend Place, San Diego, CA 92111","facility_type":"market","council_district":7,"last_visit":{"date":"2026-03-26","type":"routine"},"grade":{"grade":"A","score":96,"date":"2026-03-26","replaced":null,"open_closure":null},"flags":[]}},{"type":"Feature","geometry":{"type":"Point","coordinates":[-117.276926,32.845163]},"properties":{"facility_id":"SAMPLE-FFPP-00830","name":"Sample Coffee Bar 0830","address":"1963 Specimen Way, San Diego, CA 92037","facility_type":"limited","council_district":1,"last_visit":{"date":"2026-08-03","type":"reinspection"},"grade":{"grade":"A","score":93,"date":"2026-07-30","replaced":null,"open_closure":null},"flags":["major","major_2","water"]}},{"type":"Feature","geometry":{"type":"Point","coordinates":[-117.231119,32.741381]},"properties":{"facility_id":"SAMPLE-FFPP-00831","name":"Sample Grocery 0831","address":"5557 Testing Terrace, San Diego, CA 92106","facility_type":"market","council_district":2,"last_visit":{"date":"2026-01-21","type":"routine"},"grade":{"grade":"A","score":97,"date":"2026-01-21","replaced":null,"open_closure":null},"flags":[]}},{"type":"Feature","geometry":{"type":"Point","coordinates":[-117.138892,32.833674]},"properties":{"facility_id":"SAMPLE-FFPP-00832","name":"Sample Market 0832","address":"2726 Example Avenue, San Diego, CA 92123","facility_type":"market","council_district":6,"last_visit":{"date":"2025-10-02","type":"routine"},"grade":{"grade":"A","score":96,"date":"2025-10-02","replaced":null,"open_closure":null},"flags":[]}},{"type":"Feature","geometry":{"type":"Point","coordinates":[-117.108847,32.747022]},"properties":{"facility_id":"SAMPLE-FFPP-00833","name":"Sample Cantina 0833","address":"6967 Placeholder Street, San Diego, CA 92105","facility_type":"restaurant","council_district":9,"last_visit":{"date":"2026-03-14","type":"routine"},"grade":{"grade":"A","score":97,"date":"2026-03-14","replaced":null,"open_closure":null},"flags":[],"points":3}},{"type":"Feature","geometry":{"type":"Point","coordinates":[-117.133561,32.694056]},"properties":{"facility_id":"SAMPLE-FFPP-00834","name":"Sample Snack Bar 0834","address":"7607 Mock Lane, San Diego, CA 92113","facility_type":"limited","council_district":8,"last_visit":{"date":"2026-07-07","type":"routine"},"grade":{"grade":"A","score":98,"date":"2026-07-07","replaced":null,"open_closure":null},"flags":[]}},{"type":"Feature","geometry":{"type":"Point","coordinates":[-117.098756,32.745865]},"properties":{"facility_id":"SAMPLE-FFPP-00835","name":"Sample Diner 0835","address":"4240 Invented Road, San Diego, CA 92105","facility_type":"restaurant","council_district":9,"last_visit":{"date":"2025-09-04","type":"routine"},"grade":{"grade":"A","score":100,"date":"2025-09-04","replaced":null,"open_closure":null},"flags":[],"points":0}},{"type":"Feature","geometry":{"type":"Point","coordinates":[-117.039171,32.544912]},"properties":{"facility_id":"SAMPLE-FFPP-00836","name":"Sample Taqueria 0836","address":"8205 Sample Row, San Diego, CA 92173","facility_type":"restaurant","council_district":8,"last_visit":{"date":"2026-05-04","type":"routine"},"grade":{"grade":"A","score":98,"date":"2026-05-04","replaced":null,"open_closure":null},"flags":[],"points":2}},{"type":"Feature","geometry":{"type":"Point","coordinates":[-117.268624,32.845521]},"properties":{"facility_id":"SAMPLE-FFPP-00837","name":"Sample Sushi Bar 0837","address":"2943 Pretend Place, San Diego, CA 92037","facility_type":"restaurant","council_district":1,"last_visit":{"date":"2026-08-09","type":"routine"},"grade":{"grade":"A","score":96,"date":"2026-08-09","replaced":null,"open_closure":null},"flags":[],"points":6}},{"type":"Feature","geometry":{"type":"Point","coordinates":[-117.031751,32.696178]},"properties":{"facility_id":"SAMPLE-FFPP-00838","name":"Sample Coffee Bar 0838","address":"4509 Placeholder Street, San Diego, CA 92114","facility_type":"limited","council_district":4,"last_visit":{"date":"2026-05-15","type":"routine"},"grade":{"grade":"A","score":99,"date":"2026-05-15","replaced":null,"open_closure":null},"flags":[]}},{"type":"Feature","geometry":{"type":"Point","coordinates":[-117.157695,32.766896]},"properties":{"facility_id":"SAMPLE-FFPP-00839","name":"Sample Coffee Bar 0839","address":"7253 Testing Terrace, San Diego, CA 92108","facility_type":"limited","council_district":7,"last_visit":{"date":"2026-04-08","type":"routine"},"grade":{"grade":"A","score":96,"date":"2026-04-08","replaced":null,"open_closure":null},"flags":[]}},{"type":"Feature","geometry":{"type":"Point","coordinates":[-117.147708,32.917988]},"properties":{"facility_id":"SAMPLE-FFPP-00840","name":"Sample Market 0840","address":"361 Fictional Boulevard, San Diego, CA 92126","facility_type":"market","council_district":6,"last_visit":{"date":"2026-07-22","type":"routine"},"grade":{"grade":"A","score":97,"date":"2026-07-22","replaced":null,"open_closure":null},"flags":[]}},{"type":"Feature","geometry":{"type":"Point","coordinates":[-117.138783,32.703457]},"properties":{"facility_id":"SAMPLE-FFPP-00841","name":"Sample Cantina 0841","address":"447 Invented Road, San Diego, CA 92113","facility_type":"restaurant","council_district":8,"last_visit":{"date":"2025-09-12","type":"routine"},"grade":{"grade":"A","score":99,"date":"2025-09-12","replaced":null,"open_closure":null},"flags":[],"points":1}},{"type":"Feature","geometry":{"type":"Point","coordinates":[-117.158999,32.716865]},"properties":{"facility_id":"SAMPLE-FFPP-00842","name":"Sample Pho House 0842","address":"5827 Sample Row, San Diego, CA 92101","facility_type":"restaurant","council_district":3,"last_visit":{"date":"2026-05-12","type":"complaint"},"grade":{"grade":"A","score":96,"date":"2026-01-29","replaced":null,"open_closure":null},"flags":[],"points":6}},{"type":"Feature","geometry":{"type":"Point","coordinates":[-117.004213,32.567035]},"properties":{"facility_id":"SAMPLE-FFPP-00843","name":"Sample Diner 0843","address":"4671 Invented Road, San Diego, CA 92154","facility_type":"restaurant","council_district":8,"last_visit":{"date":"2026-03-28","type":"routine"},"grade":{"grade":"A","score":98,"date":"2026-03-28","replaced":null,"open_closure":null},"flags":[],"points":2}},{"type":"Feature","geometry":{"type":"Point","coordinates":[-117.168028,32.727697]},"properties":{"facility_id":"SAMPLE-FFPP-00844","name":"Sample Cantina 0844","address":"4768 Fictional Boulevard, San Diego, CA 92101","facility_type":"restaurant","council_district":3,"last_visit":{"date":"2025-08-08","type":"routine"},"grade":{"grade":"A","score":95,"date":"2025-08-08","replaced":null,"open_closure":null},"flags":[]}},{"type":"Feature","geometry":{"type":"Point","coordinates":[-117.1021,32.753554]},"properties":{"facility_id":"SAMPLE-FFPP-00845","name":"Sample Taqueria 0845","address":"4428 Pretend Place, San Diego, CA 92105","facility_type":"restaurant","council_district":9,"last_visit":{"date":"2026-06-03","type":"followup"},"grade":{"grade":"A","score":98,"date":"2025-02-23","replaced":null,"open_closure":{"date":"2026-06-02","reason":"health","later_ungraded":["2026-06-02","2026-06-03"],"status":"Ordered Closed"}},"flags":["major","closed","temperature","sanitizing"],"band":"1","points":34}},{"type":"Feature","geometry":{"type":"Point","coordinates":[-117.137677,32.738456]},"properties":{"facility_id":"SAMPLE-FFPP-00846","name":"Sample Pizzeria 0846","address":"1035 Pretend Place, San Diego, CA 92104","facility_type":"restaurant","council_district":3,"last_visit":{"date":"2025-10-29","type":"routine"},"grade":{"grade":"A","score":97,"date":"2025-10-29","replaced":null,"open_closure":null},"flags":[],"points":5}},{"type":"Feature","geometry":{"type":"Point","coordinates":[-117.175801,32.749169]},"properties":{"facility_id":"SAMPLE-FFPP-00847","name":"Sample Grill 0847","address":"1290 Specimen Way, San Diego, CA 92103","facility_type":"restaurant","council_district":3,"last_visit":{"date":"2026-03-22","type":"routine"},"grade":{"grade":"A","score":97,"date":"2026-03-22","replaced":null,"open_closure":null},"flags":[],"points":3}},{"type":"Feature","geometry":{"type":"Point","coordinates":[-117.158952,32.730094]},"properties":{"facility_id":"SAMPLE-FFPP-00848","name":"Sample Carniceria 0848","address":"7397 Specimen Way, San Diego, CA 92101","facility_type":"market","council_district":3,"last_visit":{"date":"2026-06-25","type":"followup"},"grade":{"grade":"B","score":84,"date":"2026-06-25","replaced":{"grade":"C","score":74,"date":"2026-06-05"},"open_closure":null},"flags":["major","bc","condition","sanitizing"]}},{"type":"Feature","geometry":{"type":"Point","coordinates":[-117.164031,32.714315]},"properties":{"facility_id":"SAMPLE-FFPP-00849","name":"Sample Cantina 0849","address":"6918 Specimen Way, San Diego, CA 92101","facility_type":"restaurant","council_district":3,"last_visit":{"date":"2025-12-24","type":"reinspection"},"grade":{"grade":"A","score":94,"date":"2025-12-24","replaced":null,"open_closure":null},"flags":["major","major_2","temperature","water"],"band":"3","points":8}},{"type":"Feature","geometry":{"type":"Point","coordinates":[-117.171938,32.728146]},"properties":{"facility_id":"SAMPLE-FFPP-00850","name":"Sample Noodle House 0850","address":"1097 Testing Terrace, San Diego, CA 92101","facility_type":"restaurant","council_district":3,"last_visit":{"date":"2026-02-06","type":"routine"},"grade":{"grade":"A","score":96,"date":"2026-02-06","replaced":null,"open_closure":null},"flags":[],"points":4}},{"type":"Feature","geometry":{"type":"Point","coordinates":[-117.210875,32.819909]},"properties":{"facility_id":"SAMPLE-FFPP-00851","name":"Sample Pho House 0851","address":"3253 Example Avenue, San Diego, CA 92117","facility_type":"restaurant","council_district":2,"last_visit":{"date":"2026-05-16","type":"complaint"},"grade":{"grade":"A","score":98,"date":"2026-03-26","replaced":null,"open_closure":null},"flags":[],"points":2}},{"type":"Feature","geometry":{"type":"Point","coordinates":[-117.147953,32.711436]},"properties":{"facility_id":"SAMPLE-FFPP-00852","name":"Sample Grocery 0852","address":"3258 Fictional Boulevard, San Diego, CA 92101","facility_type":"market","council_district":3,"last_visit":{"date":"2026-08-24","type":"routine"},"grade":{"grade":"A","score":100,"date":"2026-08-24","replaced":null,"open_closure":null},"flags":[]}},{"type":"Feature","geometry":{"type":"Point","coordinates":[-117.083961,33.015447]},"properties":{"facility_id":"SAMPLE-FFPP-00853","name":"Sample Pizzeria 0853","address":"4977 Testing Terrace, San Diego, CA 92128","facility_type":"restaurant","council_district":5,"last_visit":{"date":"2026-02-22","type":"routine"},"grade":{"grade":"A","score":96,"date":"2026-02-22","replaced":null,"open_closure":null},"flags":[],"points":5}},{"type":"Feature","geometry":{"type":"Point","coordinates":[-117.115624,32.958695]},"properties":{"facility_id":"SAMPLE-FFPP-00854","name":"Sample Kitchen 0854","address":"211 Demo Court, San Diego, CA 92129","facility_type":"restaurant","council_district":5,"last_visit":{"date":"2025-09-04","type":"reinspection"},"grade":{"grade":"A","score":92,"date":"2025-09-01","replaced":null,"open_closure":null},"flags":["major","temperature"],"band":"3","points":10}},{"type":"Feature","geometry":{"type":"Point","coordinates":[-117.056925,32.549856]},"properties":{"facility_id":"SAMPLE-FFPP-00855","name":"Sample Sushi Bar 0855","address":"3277 Specimen Way, San Diego, CA 92173","facility_type":"restaurant","council_district":8,"last_visit":{"date":"2025-10-03","type":"routine"},"grade":{"grade":"A","score":100,"date":"2025-10-03","replaced":null,"open_closure":null},"flags":[],"points":0}},{"type":"Feature","geometry":{"type":"Point","coordinates":[-117.163505,32.698467]},"properties":{"facility_id":"SAMPLE-FFPP-00856","name":"Sample Sushi Bar 0856","address":"1217 Demo Court, San Diego, CA 92101","facility_type":"restaurant","council_district":3,"last_visit":{"date":"2026-08-28","type":"routine"},"grade":{"grade":"A","score":93,"date":"2026-08-28","replaced":null,"open_closure":null},"flags":["major","handsink"],"points":7}},{"type":"Feature","geometry":{"type":"Point","coordinates":[-117.1829,32.796078]},"properties":{"facility_id":"SAMPLE-FFPP-00857","name":"Sample Diner 0857","address":"639 Specimen Way, San Diego, CA 92111","facility_type":"restaurant","council_district":7,"last_visit":{"date":"2025-12-08","type":"routine"},"grade":{"grade":"A","score":98,"date":"2025-12-08","replaced":null,"open_closure":null},"flags":[],"points":2}},{"type":"Feature","geometry":{"type":"Point","coordinates":[-117.225218,32.926392]},"properties":{"facility_id":"SAMPLE-FFPP-00858","name":"Sample Sushi Bar 0858","address":"3865 Example Avenue, San Diego, CA 92130","facility_type":"restaurant","council_district":1,"last_visit":{"date":"2025-08-31","type":"routine"},"grade":{"grade":"A","score":91,"date":"2025-08-31","replaced":null,"open_closure":null},"flags":[]}},{"type":"Feature","geometry":{"type":"Point","coordinates":[-117.248546,32.759214]},"properties":{"facility_id":"SAMPLE-FFPP-00859","name":"Sample Market 0859","address":"3404 Mock Lane, San Diego, CA 92107","facility_type":"market","council_district":2,"last_visit":{"date":"2026-03-05","type":"routine"},"grade":{"grade":"A","score":98,"date":"2026-03-05","replaced":null,"open_closure":null},"flags":[]}},{"type":"Feature","geometry":{"type":"Point","coordinates":[-117.26597,32.787355]},"properties":{"facility_id":"SAMPLE-FFPP-00860","name":"Sample Cantina 0860","address":"7846 Testing Terrace, San Diego, CA 92109","facility_type":"restaurant","council_district":2,"last_visit":{"date":"2026-08-18","type":"complaint"},"grade":{"grade":"A","score":95,"date":"2026-04-06","replaced":null,"open_closure":null},"flags":["major","sanitizing"],"points":5}},{"type":"Feature","geometry":{"type":"Point","coordinates":[-117.15897,32.718591]},"properties":{"facility_id":"SAMPLE-FFPP-00861","name":"Sample Sushi Bar 0861","address":"4209 Specimen Way, San Diego, CA 92101","facility_type":"restaurant","council_district":3,"last_visit":{"date":"2026-07-23","type":"routine"},"grade":{"grade":"A","score":98,"date":"2026-07-23","replaced":null,"open_closure":null},"flags":[],"points":2}},{"type":"Feature","geometry":{"type":"Point","coordinates":[-117.155905,32.835813]},"properties":{"facility_id":"SAMPLE-FFPP-00862","name":"Sample Diner 0862","address":"5111 Invented Road, San Diego, CA 92111","facility_type":"restaurant","council_district":6,"last_visit":{"date":"2026-08-06","type":"reinspection"},"grade":{"grade":"A","score":97,"date":"2026-07-29","replaced":null,"open_closure":null},"flags":["major","closed","major_2","hands","water"],"band":"2","points":15}},{"type":"Feature","geometry":{"type":"Point","coordinates":[-117.151915,32.916385]},"properties":{"facility_id":"SAMPLE-FFPP-00863","name":"Sample Pizzeria 0863","address":"7164 Sample Row, San Diego, CA 92126","facility_type":"restaurant","council_district":6,"last_visit":{"date":"2026-05-03","type":"routine"},"grade":{"grade":"A","score":96,"date":"2026-05-03","replaced":null,"open_closure":null},"flags":[],"points":4}},{"type":"Feature","geometry":{"type":"Point","coordinates":[-117.07148,32.770367]},"properties":{"facility_id":"SAMPLE-FFPP-00864","name":"Sample Pizzeria 0864","address":"1538 Specimen Way, San Diego, CA 92115","facility_type":"restaurant","council_district":9,"last_visit":{"date":"2026-06-24","type":"routine"},"grade":{"grade":"A","score":98,"date":"2026-06-24","replaced":null,"open_closure":null},"flags":[],"points":3}},{"type":"Feature","geometry":{"type":"Point","coordinates":[-117.255911,32.847376]},"properties":{"facility_id":"SAMPLE-FFPP-00865","name":"Sample Noodle House 0865","address":"174 Pretend Place, San Diego, CA 92037","facility_type":"restaurant","council_district":1,"last_visit":{"date":"2026-05-19","type":"complaint"},"grade":{"grade":"A","score":99,"date":"2025-12-05","replaced":null,"open_closure":null},"flags":[],"points":1}},{"type":"Feature","geometry":{"type":"Point","coordinates":[-117.171505,32.719183]},"properties":{"facility_id":"SAMPLE-FFPP-00866","name":"Sample Noodle House 0866","address":"9879 Mock Lane, San Diego, CA 92101","facility_type":"restaurant","council_district":3,"last_visit":{"date":"2025-10-03","type":"routine"},"grade":{"grade":"A","score":96,"date":"2025-10-03","replaced":null,"open_closure":null},"flags":[],"points":6}},{"type":"Feature","geometry":{"type":"Point","coordinates":[-117.161159,32.72444]},"properties":{"facility_id":"SAMPLE-FFPP-00867","name":"Sample Noodle House 0867","address":"5087 Mock Lane, San Diego, CA 92101","facility_type":"restaurant","council_district":3,"last_visit":{"date":"2026-02-23","type":"routine"},"grade":{"grade":"A","score":98,"date":"2026-02-23","replaced":null,"open_closure":null},"flags":[],"points":2}},{"type":"Feature","geometry":{"type":"Point","coordinates":[-117.097236,32.82284]},"properties":{"facility_id":"SAMPLE-FFPP-00868","name":"Sample Cafe 0868","address":"1541 Demo Court, San Diego, CA 92124","facility_type":"restaurant","council_district":7,"last_visit":{"date":"2025-08-07","type":"routine"},"grade":{"grade":"A","score":97,"date":"2025-08-07","replaced":null,"open_closure":null},"flags":[]}},{"type":"Feature","geometry":{"type":"Point","coordinates":[-117.040513,32.545965]},"properties":{"facility_id":"SAMPLE-FFPP-00869","name":"Sample Coffee Bar 0869","address":"8248 Example Avenue, San Diego, CA 92173","facility_type":"limited","council_district":8,"last_visit":{"date":"2026-04-22","type":"routine"},"grade":{"grade":"A","score":93,"date":"2026-04-22","replaced":null,"open_closure":null},"flags":[]}},{"type":"Feature","geometry":{"type":"Point","coordinates":[-117.093219,32.814076]},"properties":{"facility_id":"SAMPLE-FFPP-00870","name":"Sample Grocery 0870","address":"9173 Mock Lane, San Diego, CA 92124","facility_type":"market","council_district":7,"last_visit":{"date":"2025-10-21","type":"routine"},"grade":{"grade":"A","score":100,"date":"2025-10-21","replaced":null,"open_closure":null},"flags":[]}},{"type":"Feature","geometry":{"type":"Point","coordinates":[-117.137882,32.698357]},"properties":{"facility_id":"SAMPLE-FFPP-00871","name":"Sample Pizzeria 0871","address":"1902 Testing Terrace, San Diego, CA 92113","facility_type":"restaurant","council_district":8,"last_visit":{"date":"2026-04-29","type":"routine"},"grade":{"grade":"A","score":98,"date":"2026-04-29","replaced":null,"open_closure":null},"flags":["major","major_2","vermin"],"points":3}},{"type":"Feature","geometry":{"type":"Point","coordinates":[-117.169416,32.706643]},"properties":{"facility_id":"SAMPLE-FFPP-00872","name":"Sample Pizzeria 0872","address":"5664 Pretend Place, San Diego, CA 92101","facility_type":"restaurant","council_district":3,"last_visit":{"date":"2026-03-24","type":"routine"},"grade":{"grade":"A","score":99,"date":"2026-03-24","replaced":null,"open_closure":null},"flags":[],"points":1}},{"type":"Feature","geometry":{"type":"Point","coordinates":[-117.03643,32.553315]},"properties":{"facility_id":"SAMPLE-FFPP-00873","name":"Sample Juice Bar 0873","address":"9381 Specimen Way, San Diego, CA 92173","facility_type":"limited","council_district":8,"last_visit":{"date":"2026-03-27","type":"routine"},"grade":{"grade":"A","score":100,"date":"2026-03-27","replaced":null,"open_closure":null},"flags":[]}},{"type":"Feature","geometry":{"type":"Point","coordinates":[-117.061659,32.775841]},"properties":{"facility_id":"SAMPLE-FFPP-00874","name":"Sample Cantina 0874","address":"2763 Pretend Place, San Diego, CA 92115","facility_type":"restaurant","council_district":9,"last_visit":{"date":"2025-12-04","type":"routine"},"grade":{"grade":"A","score":98,"date":"2025-12-04","replaced":null,"open_closure":null},"flags":[],"points":2}},{"type":"Feature","geometry":{"type":"Point","coordinates":[-117.159545,32.748263]},"properties":{"facility_id":"SAMPLE-FFPP-00875","name":"Sample Noodle House 0875","address":"8289 Fictional Boulevard, San Diego, CA 92103","facility_type":"restaurant","council_district":3,"last_visit":{"date":"2025-06-21","type":"routine"},"grade":{"grade":"A","score":97,"date":"2025-06-21","replaced":null,"open_closure":null},"flags":[]}},{"type":"Feature","geometry":{"type":"Point","coordinates":[-117.045579,32.55969]},"properties":{"facility_id":"SAMPLE-FFPP-00876","name":"Sample Pho House 0876","address":"750 Demo Court, San Diego, CA 92173","facility_type":"restaurant","council_district":8,"last_visit":{"date":"2026-05-27","type":"followup"},"grade":{"grade":"A","score":93,"date":"2025-12-02","replaced":null,"open_closure":{"date":"2026-05-25","reason":"health","later_ungraded":["2026-05-27"],"status":"Ordered Closed"}},"flags":["major","closed","major_2","closures2","health","temperature"],"band":"1","points":36}},{"type":"Feature","geometry":{"type":"Point","coordinates":[-117.006602,32.576252]},"properties":{"facility_id":"SAMPLE-FFPP-00877","name":"Sample Grill 0877","address":"195 Sample Row, San Diego, CA 92154","facility_type":"restaurant","council_district":8,"last_visit":{"date":"2026-01-23","type":"routine"},"grade":{"grade":"A","score":97,"date":"2026-01-23","replaced":null,"open_closure":null},"flags":[],"points":3}},{"type":"Feature","geometry":{"type":"Point","coordinates":[-117.137781,32.703053]},"properties":{"facility_id":"SAMPLE-FFPP-00878","name":"Sample Taqueria 0878","address":"9331 Demo Court, San Diego, CA 92113","facility_type":"restaurant","council_district":8,"last_visit":{"date":"2026-05-17","type":"complaint"},"grade":{"grade":"A","score":98,"date":"2026-01-07","replaced":null,"open_closure":null},"flags":[],"points":2}},{"type":"Feature","geometry":{"type":"Point","coordinates":[-117.110549,32.768532]},"properties":{"facility_id":"SAMPLE-FFPP-00879","name":"Sample Carniceria 0879","address":"3064 Testing Terrace, San Diego, CA 92116","facility_type":"market","council_district":9,"last_visit":{"date":"2026-07-07","type":"routine"},"grade":{"grade":"A","score":100,"date":"2026-07-07","replaced":null,"open_closure":null},"flags":["major","temperature","supplier"]}},{"type":"Feature","geometry":{"type":"Point","coordinates":[-117.165093,32.721106]},"properties":{"facility_id":"SAMPLE-FFPP-00880","name":"Sample Pho House 0880","address":"1934 Placeholder Street, San Diego, CA 92101","facility_type":"restaurant","council_district":3,"last_visit":{"date":"2025-11-15","type":"routine"},"grade":{"grade":"A","score":92,"date":"2025-11-15","replaced":null,"open_closure":null},"flags":["major","major_2","water"],"band":"3","points":10}},{"type":"Feature","geometry":{"type":"Point","coordinates":[-117.068134,32.782624]},"properties":{"facility_id":"SAMPLE-FFPP-00881","name":"Sample Tea House 0881","address":"8174 Sample Row, San Diego, CA 92115","facility_type":"limited","council_district":9,"last_visit":{"date":"2026-08-22","type":"routine"},"grade":{"grade":"A","score":100,"date":"2026-08-22","replaced":null,"open_closure":null},"flags":[]}},{"type":"Feature","geometry":{"type":"Point","coordinates":[-117.163686,32.762402]},"properties":{"facility_id":"SAMPLE-FFPP-00882","name":"Sample Pho House 0882","address":"176 Testing Terrace, San Diego, CA 92108","facility_type":"restaurant","council_district":7,"last_visit":{"date":"2026-02-25","type":"complaint"},"grade":{"grade":"A","score":94,"date":"2026-01-18","replaced":null,"open_closure":null},"flags":["major","major_2","handsink"],"band":"3","points":8}},{"type":"Feature","geometry":{"type":"Point","coordinates":[-117.081319,32.777306]},"properties":{"facility_id":"SAMPLE-FFPP-00883","name":"Sample Grill 0883","address":"3134 Sample Row, San Diego, CA 92115","facility_type":"restaurant","council_district":9,"last_visit":{"date":"2026-06-24","type":"followup"},"grade":{"grade":"A","score":98,"date":"2026-01-18","replaced":null,"open_closure":{"date":"2026-06-22","reason":"health","later_ungraded":["2026-06-22","2026-06-24"],"status":"Ordered Closed"}},"flags":["major","closed","major_2","handsink"],"band":"2","points":16}},{"type":"Feature","geometry":{"type":"Point","coordinates":[-117.148417,32.75395]},"properties":{"facility_id":"SAMPLE-FFPP-00884","name":"Sample Pizzeria 0884","address":"6400 Invented Road, San Diego, CA 92103","facility_type":"restaurant","council_district":3,"last_visit":{"date":"2026-07-23","type":"routine"},"grade":{"grade":"A","score":97,"date":"2026-07-23","replaced":null,"open_closure":null},"flags":[],"points":4}},{"type":"Feature","geometry":{"type":"Point","coordinates":[-117.078042,32.776244]},"properties":{"facility_id":"SAMPLE-FFPP-00885","name":"Sample Snack Bar 0885","address":"2028 Invented Road, San Diego, CA 92115","facility_type":"limited","council_district":9,"last_visit":{"date":"2025-11-14","type":"routine"},"grade":{"grade":"A","score":98,"date":"2025-11-14","replaced":null,"open_closure":null},"flags":[]}},{"type":"Feature","geometry":{"type":"Point","coordinates":[-117.235937,32.932938]},"properties":{"facility_id":"SAMPLE-FFPP-00886","name":"Sample Pho House 0886","address":"6335 Pretend Place, San Diego, CA 92130","facility_type":"restaurant","council_district":1,"last_visit":{"date":"2026-02-13","type":"routine"},"grade":{"grade":"A","score":96,"date":"2026-02-13","replaced":null,"open_closure":null},"flags":[],"points":6}},{"type":"Feature","geometry":{"type":"Point","coordinates":[-117.170985,32.722126]},"properties":{"facility_id":"SAMPLE-FFPP-00887","name":"Sample Cafe 0887","address":"2641 Example Avenue, San Diego, CA 92101","facility_type":"restaurant","council_district":3,"last_visit":{"date":"2026-02-07","type":"routine"},"grade":{"grade":"A","score":98,"date":"2026-02-07","replaced":null,"open_closure":null},"flags":[],"points":2}},{"type":"Feature","geometry":{"type":"Point","coordinates":[-117.155264,32.781466]},"properties":{"facility_id":"SAMPLE-FFPP-00888","name":"Sample Market 0888","address":"9308 Placeholder Street, San Diego, CA 92108","facility_type":"market","council_district":7,"last_visit":{"date":"2025-11-03","type":"routine"},"grade":{"grade":"A","score":99,"date":"2025-11-03","replaced":null,"open_closure":null},"flags":[]}},{"type":"Feature","geometry":{"type":"Point","coordinates":[-117.192777,32.78073]},"properties":{"facility_id":"SAMPLE-FFPP-00889","name":"Sample Cafe 0889","address":"4159 Sample Row, San Diego, CA 92111","facility_type":"restaurant","council_district":7,"last_visit":{"date":"2026-08-20","type":"routine"},"grade":{"grade":"A","score":100,"date":"2026-08-20","replaced":null,"open_closure":null},"flags":[],"points":1}},{"type":"Feature","geometry":{"type":"Point","coordinates":[-117.126359,32.751364]},"properties":{"facility_id":"SAMPLE-FFPP-00890","name":"Sample Diner 0890","address":"2334 Specimen Way, San Diego, CA 92104","facility_type":"restaurant","council_district":3,"last_visit":{"date":"2025-07-21","type":"routine"},"grade":{"grade":"A","score":98,"date":"2025-07-21","replaced":null,"open_closure":null},"flags":[]}},{"type":"Feature","geometry":{"type":"Point","coordinates":[-117.185738,32.780397]},"properties":{"facility_id":"SAMPLE-FFPP-00891","name":"Sample Cantina 0891","address":"8635 Demo Court, San Diego, CA 92111","facility_type":"restaurant","council_district":7,"last_visit":{"date":"2026-04-26","type":"reinspection"},"grade":{"grade":"A","score":92,"date":"2026-04-26","replaced":null,"open_closure":null},"flags":["major","major_2","temperature"],"band":"2","points":13}},{"type":"Feature","geometry":{"type":"Point","coordinates":[-117.161445,32.761459]},"properties":{"facility_id":"SAMPLE-FFPP-00892","name":"Sample Pizzeria 0892","address":"5312 Placeholder Street, San Diego, CA 92108","facility_type":"restaurant","council_district":7,"last_visit":{"date":"2026-02-05","type":"reinspection"},"grade":{"grade":"A","score":94,"date":"2026-01-23","replaced":null,"open_closure":null},"flags":["major","condition","sewage"],"points":6}},{"type":"Feature","geometry":{"type":"Point","coordinates":[-117.141285,32.826614]},"properties":{"facility_id":"SAMPLE-FFPP-00893","name":"Sample Pho House 0893","address":"4764 Example Avenue, San Diego, CA 92123","facility_type":"restaurant","council_district":6,"last_visit":{"date":"2026-07-16","type":"routine"},"grade":{"grade":"A","score":99,"date":"2026-07-16","replaced":null,"open_closure":null},"flags":[],"points":1}},{"type":"Feature","geometry":{"type":"Point","coordinates":[-117.125617,32.729318]},"properties":{"facility_id":"SAMPLE-FFPP-00894","name":"Sample Kitchen 0894","address":"9462 Specimen Way, San Diego, CA 92104","facility_type":"restaurant","council_district":3,"last_visit":{"date":"2026-07-22","type":"routine"},"grade":{"grade":"A","score":98,"date":"2026-07-22","replaced":null,"open_closure":null},"flags":["major","handsink"],"points":3}},{"type":"Feature","geometry":{"type":"Point","coordinates":[-117.222467,32.875789]},"properties":{"facility_id":"SAMPLE-FFPP-00895","name":"Sample Cafe 0895","address":"1275 Pretend Place, San Diego, CA 92122","facility_type":"restaurant","council_district":1,"last_visit":{"date":"2026-07-28","type":"routine"},"grade":{"grade":"A","score":98,"date":"2026-07-28","replaced":null,"open_closure":null},"flags":[],"points":2}},{"type":"Feature","geometry":{"type":"Point","coordinates":[-117.233557,32.737654]},"properties":{"facility_id":"SAMPLE-FFPP-00896","name":"Sample Cantina 0896","address":"974 Demo Court, San Diego, CA 92106","facility_type":"restaurant","council_district":2,"last_visit":{"date":"2026-02-21","type":"routine"},"grade":{"grade":"A","score":98,"date":"2026-02-21","replaced":null,"open_closure":null},"flags":[],"points":2}},{"type":"Feature","geometry":{"type":"Point","coordinates":[-117.086642,32.754351]},"properties":{"facility_id":"SAMPLE-FFPP-00897","name":"Sample Taqueria 0897","address":"9259 Fictional Boulevard, San Diego, CA 92105","facility_type":"restaurant","council_district":9,"last_visit":{"date":"2025-09-26","type":"routine"},"grade":{"grade":"A","score":96,"date":"2025-09-26","replaced":null,"open_closure":null},"flags":[],"points":4}},{"type":"Feature","geometry":{"type":"Point","coordinates":[-117.140629,32.699392]},"properties":{"facility_id":"SAMPLE-FFPP-00898","name":"Sample Cantina 0898","address":"4085 Testing Terrace, San Diego, CA 92113","facility_type":"restaurant","council_district":8,"last_visit":{"date":"2026-02-15","type":"routine"},"grade":{"grade":"A","score":97,"date":"2026-02-15","replaced":null,"open_closure":null},"flags":[],"points":5}},{"type":"Feature","geometry":{"type":"Point","coordinates":[-117.269962,32.844299]},"properties":{"facility_id":"SAMPLE-FFPP-00899","name":"Sample Market 0899","address":"8799 Sample Row, San Diego, CA 92037","facility_type":"market","council_district":1,"last_visit":{"date":"2026-04-15","type":"routine"},"grade":{"grade":"A","score":100,"date":"2026-04-15","replaced":null,"open_closure":null},"flags":[]}},{"type":"Feature","geometry":{"type":"Point","coordinates":[-117.125791,32.736322]},"properties":{"facility_id":"SAMPLE-FFPP-00900","name":"Sample Carniceria 0900","address":"7523 Fictional Boulevard, San Diego, CA 92104","facility_type":"market","council_district":3,"last_visit":{"date":"2025-08-08","type":"routine"},"grade":{"grade":"A","score":98,"date":"2025-08-08","replaced":null,"open_closure":null},"flags":[]}},{"type":"Feature","geometry":{"type":"Point","coordinates":[-117.257173,32.791494]},"properties":{"facility_id":"SAMPLE-FFPP-00901","name":"Sample Taqueria 0901","address":"3614 Pretend Place, San Diego, CA 92109","facility_type":"restaurant","council_district":2,"last_visit":{"date":"2025-10-11","type":"routine"},"grade":{"grade":"A","score":94,"date":"2025-10-11","replaced":null,"open_closure":null},"flags":["major","sanitizing"],"points":6}},{"type":"Feature","geometry":{"type":"Point","coordinates":[-117.169271,32.720275]},"properties":{"facility_id":"SAMPLE-FFPP-00902","name":"Sample Coffee Bar 0902","address":"6121 Placeholder Street, San Diego, CA 92101","facility_type":"limited","council_district":3,"last_visit":{"date":"2026-06-27","type":"followup"},"grade":{"grade":"A","score":93,"date":"2026-06-27","replaced":null,"open_closure":null},"flags":["major","closed","sanitizing"]}},{"type":"Feature","geometry":{"type":"Point","coordinates":[-117.028116,32.5559]},"properties":{"facility_id":"SAMPLE-FFPP-00903","name":"Sample Deli Market 0903","address":"2154 Placeholder Street, San Diego, CA 92173","facility_type":"market","council_district":8,"last_visit":{"date":"2026-08-13","type":"routine"},"grade":{"grade":"A","score":98,"date":"2026-08-13","replaced":null,"open_closure":null},"flags":[]}},{"type":"Feature","geometry":{"type":"Point","coordinates":[-117.054519,32.711235]},"properties":{"facility_id":"SAMPLE-FFPP-00904","name":"Sample Pho House 0904","address":"867 Mock Lane, San Diego, CA 92114","facility_type":"restaurant","council_district":4,"last_visit":{"date":"2025-10-29","type":"routine"},"grade":{"grade":"A","score":95,"date":"2025-10-29","replaced":null,"open_closure":null},"flags":[],"points":5}},{"type":"Feature","geometry":{"type":"Point","coordinates":[-117.157426,32.910374]},"properties":{"facility_id":"SAMPLE-FFPP-00905","name":"Sample Noodle House 0905","address":"6369 Example Avenue, San Diego, CA 92126","facility_type":"restaurant","council_district":6,"last_visit":{"date":"2026-01-17","type":"routine"},"grade":{"grade":"A","score":98,"date":"2026-01-17","replaced":null,"open_closure":null},"flags":[],"points":2}},{"type":"Feature","geometry":{"type":"Point","coordinates":[-117.091613,32.903055]},"properties":{"facility_id":"SAMPLE-FFPP-00906","name":"Sample Pho House 0906","address":"2180 Invented Road, San Diego, CA 92131","facility_type":"restaurant","council_district":5,"last_visit":{"date":"2026-02-18","type":"routine"},"grade":{"grade":"A","score":98,"date":"2026-02-18","replaced":null,"open_closure":null},"flags":[],"points":2}},{"type":"Feature","geometry":{"type":"Point","coordinates":[-117.076186,33.01681]},"properties":{"facility_id":"SAMPLE-FFPP-00907","name":"Sample Juice Bar 0907","address":"344 Testing Terrace, San Diego, CA 92128","facility_type":"limited","council_district":5,"last_visit":{"date":"2026-08-17","type":"routine"},"grade":{"grade":"A","score":98,"date":"2026-08-17","replaced":null,"open_closure":null},"flags":[]}},{"type":"Feature","geometry":{"type":"Point","coordinates":[-117.062474,32.682941]},"properties":{"facility_id":"SAMPLE-FFPP-00908","name":"Sample Cafe 0908","address":"317 Mock Lane, San Diego, CA 92139","facility_type":"restaurant","council_district":4,"last_visit":{"date":"2026-01-20","type":"routine"},"grade":{"grade":"A","score":97,"date":"2026-01-20","replaced":null,"open_closure":null},"flags":[],"points":3}},{"type":"Feature","geometry":{"type":"Point","coordinates":[-117.068506,32.780076]},"properties":{"facility_id":"SAMPLE-FFPP-00909","name":"Sample Deli Market 0909","address":"4035 Mock Lane, San Diego, CA 92115","facility_type":"market","council_district":9,"last_visit":{"date":"2026-07-29","type":"routine"},"grade":{"grade":"A","score":97,"date":"2026-07-29","replaced":null,"open_closure":null},"flags":[]}},{"type":"Feature","geometry":{"type":"Point","coordinates":[-117.049613,32.698633]},"properties":{"facility_id":"SAMPLE-FFPP-00910","name":"Sample Pho House 0910","address":"3032 Sample Row, San Diego, CA 92114","facility_type":"restaurant","council_district":4,"last_visit":{"date":"2026-05-03","type":"routine"},"grade":{"grade":"A","score":98,"date":"2026-05-03","replaced":null,"open_closure":null},"flags":[],"points":2}},{"type":"Feature","geometry":{"type":"Point","coordinates":[-117.165271,32.741542]},"properties":{"facility_id":"SAMPLE-FFPP-00911","name":"Sample Noodle House 0911","address":"590 Fictional Boulevard, San Diego, CA 92103","facility_type":"restaurant","council_district":3,"last_visit":{"date":"2025-07-30","type":"routine"},"grade":{"grade":"A","score":100,"date":"2025-07-30","replaced":null,"open_closure":null},"flags":[]}},{"type":"Feature","geometry":{"type":"Point","coordinates":[-117.055827,32.691871]},"properties":{"facility_id":"SAMPLE-FFPP-00912","name":"Sample Pho House 0912","address":"8426 Specimen Way, San Diego, CA 92139","facility_type":"restaurant","council_district":4,"last_visit":{"date":"2025-11-22","type":"routine"},"grade":{"grade":"A","score":96,"date":"2025-11-22","replaced":null,"open_closure":null},"flags":[],"points":4}},{"type":"Feature","geometry":{"type":"Point","coordinates":[-117.155588,32.771824]},"properties":{"facility_id":"SAMPLE-FFPP-00913","name":"Sample Diner 0913","address":"8015 Invented Road, San Diego, CA 92108","facility_type":"restaurant","council_district":7,"last_visit":{"date":"2026-07-05","type":"reinspection"},"grade":{"grade":"A","score":92,"date":"2026-07-05","replaced":null,"open_closure":null},"flags":["major","sanitizing"],"band":"3","points":8}},{"type":"Feature","geometry":{"type":"Point","coordinates":[-117.142166,32.911275]},"properties":{"facility_id":"SAMPLE-FFPP-00914","name":"Sample Pho House 0914","address":"9451 Specimen Way, San Diego, CA 92126","facility_type":"restaurant","council_district":6,"last_visit":{"date":"2026-05-13","type":"routine"},"grade":{"grade":"A","score":97,"date":"2026-05-13","replaced":null,"open_closure":null},"flags":[],"points":3}},{"type":"Feature","geometry":{"type":"Point","coordinates":[-117.095273,32.762768]},"properties":{"facility_id":"SAMPLE-FFPP-00915","name":"Sample Kitchen 0915","address":"8967 Placeholder Street, San Diego, CA 92105","facility_type":"restaurant","council_district":9,"last_visit":{"date":"2026-07-28","type":"routine"},"grade":{"grade":"A","score":96,"date":"2026-07-28","replaced":null,"open_closure":null},"flags":["major","handsink","sanitizing"],"points":6}},{"type":"Feature","geometry":{"type":"Point","coordinates":[-117.146831,32.715052]},"properties":{"facility_id":"SAMPLE-FFPP-00916","name":"Sample Diner 0916","address":"2835 Example Avenue, San Diego, CA 92101","facility_type":"restaurant","council_district":3,"last_visit":{"date":"2026-05-27","type":"routine"},"grade":{"grade":"A","score":96,"date":"2026-05-27","replaced":null,"open_closure":null},"flags":[],"points":6}},{"type":"Feature","geometry":{"type":"Point","coordinates":[-117.06765,33.010828]},"properties":{"facility_id":"SAMPLE-FFPP-00917","name":"Sample Taqueria 0917","address":"7869 Specimen Way, San Diego, CA 92128","facility_type":"restaurant","council_district":5,"last_visit":{"date":"2026-08-26","type":"routine"},"grade":{"grade":"A","score":97,"date":"2026-08-26","replaced":null,"open_closure":null},"flags":["major","major_2","water"],"band":"3","points":8}},{"type":"Feature","geometry":{"type":"Point","coordinates":[-117.256768,32.796269]},"properties":{"facility_id":"SAMPLE-FFPP-00918","name":"Sample Market 0918","address":"5853 Specimen Way, San Diego, CA 92109","facility_type":"market","council_district":2,"last_visit":{"date":"2025-09-28","type":"routine"},"grade":{"grade":"A","score":98,"date":"2025-09-28","replaced":null,"open_closure":null},"flags":[]}},{"type":"Feature","geometry":{"type":"Point","coordinates":[-117.018263,32.563603]},"properties":{"facility_id":"SAMPLE-FFPP-00919","name":"Sample Kitchen 0919","address":"5096 Testing Terrace, San Diego, CA 92154","facility_type":"restaurant","council_district":8,"last_visit":{"date":"2026-01-10","type":"routine"},"grade":{"grade":"A","score":95,"date":"2026-01-10","replaced":null,"open_closure":null},"flags":[],"points":7}},{"type":"Feature","geometry":{"type":"Point","coordinates":[-117.097478,32.814093]},"properties":{"facility_id":"SAMPLE-FFPP-00920","name":"Sample Noodle House 0920","address":"4686 Placeholder Street, San Diego, CA 92124","facility_type":"restaurant","council_district":7,"last_visit":{"date":"2026-07-29","type":"complaint"},"grade":{"grade":"A","score":94,"date":"2026-07-04","replaced":null,"open_closure":null},"flags":[],"band":"3","points":8}},{"type":"Feature","geometry":{"type":"Point","coordinates":[-117.198015,32.809289]},"properties":{"facility_id":"SAMPLE-FFPP-00921","name":"Sample Snack Bar 0921","address":"5191 Sample Row, San Diego, CA 92117","facility_type":"limited","council_district":2,"last_visit":{"date":"2026-08-06","type":"routine"},"grade":{"grade":"A","score":92,"date":"2026-08-06","replaced":null,"open_closure":null},"flags":["major","major_2","temperature","advisory"]}},{"type":"Feature","geometry":{"type":"Point","coordinates":[-117.080927,32.78073]},"properties":{"facility_id":"SAMPLE-FFPP-00922","name":"Sample Juice Bar 0922","address":"876 Demo Court, San Diego, CA 92115","facility_type":"limited","council_district":9,"last_visit":{"date":"2026-08-28","type":"routine"},"grade":{"grade":"A","score":99,"date":"2026-08-28","replaced":null,"open_closure":null},"flags":[]}},{"type":"Feature","geometry":{"type":"Point","coordinates":[-117.140389,32.916646]},"properties":{"facility_id":"SAMPLE-FFPP-00923","name":"Sample Snack Bar 0923","address":"9895 Pretend Place, San Diego, CA 92126","facility_type":"limited","council_district":6,"last_visit":{"date":"2026-08-08","type":"routine"},"grade":{"grade":"A","score":97,"date":"2026-08-08","replaced":null,"open_closure":null},"flags":[]}},{"type":"Feature","geometry":{"type":"Point","coordinates":[-117.230687,32.736691]},"properties":{"facility_id":"SAMPLE-FFPP-00924","name":"Sample Diner 0924","address":"1986 Fictional Boulevard, San Diego, CA 92106","facility_type":"restaurant","council_district":2,"last_visit":{"date":"2025-12-11","type":"routine"},"grade":{"grade":"A","score":98,"date":"2025-12-11","replaced":null,"open_closure":null},"flags":[],"points":2}},{"type":"Feature","geometry":{"type":"Point","coordinates":[-117.101269,32.755476]},"properties":{"facility_id":"SAMPLE-FFPP-00925","name":"Sample Pizzeria 0925","address":"6690 Placeholder Street, San Diego, CA 92105","facility_type":"restaurant","council_district":9,"last_visit":{"date":"2026-08-22","type":"routine"},"grade":{"grade":"A","score":97,"date":"2026-08-22","replaced":null,"open_closure":null},"flags":[],"points":3}},{"type":"Feature","geometry":{"type":"Point","coordinates":[-117.196848,32.805599]},"properties":{"facility_id":"SAMPLE-FFPP-00926","name":"Sample Cafe 0926","address":"4263 Demo Court, San Diego, CA 92117","facility_type":"restaurant","council_district":2,"last_visit":{"date":"2026-08-20","type":"routine"},"grade":{"grade":"A","score":100,"date":"2026-08-20","replaced":null,"open_closure":null},"flags":[],"points":0}},{"type":"Feature","geometry":{"type":"Point","coordinates":[-117.246868,32.750102]},"properties":{"facility_id":"SAMPLE-FFPP-00927","name":"Sample Carniceria 0927","address":"1871 Sample Row, San Diego, CA 92107","facility_type":"market","council_district":2,"last_visit":{"date":"2026-07-17","type":"routine"},"grade":{"grade":"A","score":98,"date":"2026-07-17","replaced":null,"open_closure":null},"flags":[]}},{"type":"Feature","geometry":{"type":"Point","coordinates":[-117.088893,32.752279]},"properties":{"facility_id":"SAMPLE-FFPP-00928","name":"Sample Cantina 0928","address":"8689 Pretend Place, San Diego, CA 92105","facility_type":"restaurant","council_district":9,"last_visit":{"date":"2026-05-26","type":"routine"},"grade":{"grade":"A","score":95,"date":"2026-05-26","replaced":null,"open_closure":null},"flags":[],"points":4}},{"type":"Feature","geometry":{"type":"Point","coordinates":[-117.130322,32.750397]},"properties":{"facility_id":"SAMPLE-FFPP-00929","name":"Sample Noodle House 0929","address":"4512 Fictional Boulevard, San Diego, CA 92104","facility_type":"restaurant","council_district":3,"last_visit":{"date":"2026-04-24","type":"routine"},"grade":{"grade":"A","score":99,"date":"2026-04-24","replaced":null,"open_closure":null},"flags":[],"points":1}},{"type":"Feature","geometry":{"type":"Point","coordinates":[-117.190148,32.784341]},"properties":{"facility_id":"SAMPLE-FFPP-00930","name":"Sample Market 0930","address":"5554 Specimen Way, San Diego, CA 92110","facility_type":"market","council_district":2,"last_visit":{"date":"2026-04-27","type":"routine"},"grade":{"grade":"A","score":100,"date":"2026-04-27","replaced":null,"open_closure":null},"flags":["major","water"]}},{"type":"Feature","geometry":{"type":"Point","coordinates":[-117.214167,32.936542]},"properties":{"facility_id":"SAMPLE-FFPP-00931","name":"Sample Pho House 0931","address":"7319 Pretend Place, San Diego, CA 92130","facility_type":"restaurant","council_district":1,"last_visit":{"date":"2026-02-13","type":"routine"},"grade":{"grade":"A","score":100,"date":"2026-02-13","replaced":null,"open_closure":null},"flags":[],"points":0}},{"type":"Feature","geometry":{"type":"Point","coordinates":[-117.146665,32.704715]},"properties":{"facility_id":"SAMPLE-FFPP-00932","name":"Sample Pho House 0932","address":"2372 Invented Road, San Diego, CA 92101","facility_type":"restaurant","council_district":3,"last_visit":{"date":"2026-01-29","type":"routine"},"grade":{"grade":"A","score":98,"date":"2026-01-29","replaced":null,"open_closure":null},"flags":[],"points":2}},{"type":"Feature","geometry":{"type":"Point","coordinates":[-117.146737,32.773664]},"properties":{"facility_id":"SAMPLE-FFPP-00933","name":"Sample Pizzeria 0933","address":"3671 Invented Road, San Diego, CA 92108","facility_type":"restaurant","council_district":7,"last_visit":{"date":"2025-12-24","type":"routine"},"grade":{"grade":"A","score":97,"date":"2025-12-24","replaced":null,"open_closure":null},"flags":[],"points":3}},{"type":"Feature","geometry":{"type":"Point","coordinates":[-117.153875,32.709083]},"properties":{"facility_id":"SAMPLE-FFPP-00934","name":"Sample Pho House 0934","address":"9252 Placeholder Street, San Diego, CA 92101","facility_type":"restaurant","council_district":3,"last_visit":{"date":"2026-06-04","type":"complaint"},"grade":{"grade":"A","score":98,"date":"2026-04-06","replaced":null,"open_closure":null},"flags":[],"points":2}},{"type":"Feature","geometry":{"type":"Point","coordinates":[-117.181886,32.790554]},"properties":{"facility_id":"SAMPLE-FFPP-00935","name":"Sample Deli Market 0935","address":"798 Mock Lane, San Diego, CA 92111","facility_type":"market","council_district":7,"last_visit":{"date":"2026-03-01","type":"routine"},"grade":{"grade":"A","score":98,"date":"2026-03-01","replaced":null,"open_closure":null},"flags":[]}},{"type":"Feature","geometry":{"type":"Point","coordinates":[-117.006227,32.582359]},"properties":{"facility_id":"SAMPLE-FFPP-00936","name":"Sample Kitchen 0936","address":"9617 Testing Terrace, San Diego, CA 92154","facility_type":"restaurant","council_district":8,"last_visit":{"date":"2026-05-24","type":"routine"},"grade":{"grade":"A","score":98,"date":"2026-05-24","replaced":null,"open_closure":null},"flags":[],"points":4}},{"type":"Feature","geometry":{"type":"Point","coordinates":[-117.138246,32.743323]},"properties":{"facility_id":"SAMPLE-FFPP-00937","name":"Sample Sushi Bar 0937","address":"8595 Mock Lane, San Diego, CA 92104","facility_type":"restaurant","council_district":3,"last_visit":{"date":"2026-05-14","type":"routine"},"grade":{"grade":"A","score":96,"date":"2026-05-14","replaced":null,"open_closure":null},"flags":[],"points":4}},{"type":"Feature","geometry":{"type":"Point","coordinates":[-117.132535,32.74874]},"properties":{"facility_id":"SAMPLE-FFPP-00938","name":"Sample Cafe 0938","address":"8178 Sample Row, San Diego, CA 92104","facility_type":"restaurant","council_district":3,"last_visit":{"date":"2026-04-21","type":"routine"},"grade":{"grade":"A","score":98,"date":"2026-04-21","replaced":null,"open_closure":null},"flags":[],"points":2}},{"type":"Feature","geometry":{"type":"Point","coordinates":[-117.099714,32.75252]},"properties":{"facility_id":"SAMPLE-FFPP-00939","name":"Sample Cantina 0939","address":"3655 Sample Row, San Diego, CA 92105","facility_type":"restaurant","council_district":9,"last_visit":{"date":"2026-01-20","type":"reinspection"},"grade":{"grade":"A","score":94,"date":"2026-01-14","replaced":null,"open_closure":null},"flags":["major","temperature"],"band":"3","points":8}},{"type":"Feature","geometry":{"type":"Point","coordinates":[-117.1258,32.756131]},"properties":{"facility_id":"SAMPLE-FFPP-00940","name":"Sample Cafe 0940","address":"4000 Demo Court, San Diego, CA 92116","facility_type":"restaurant","council_district":9,"last_visit":{"date":"2025-08-23","type":"routine"},"grade":{"grade":"A","score":97,"date":"2025-08-23","replaced":null,"open_closure":null},"flags":[]}},{"type":"Feature","geometry":{"type":"Point","coordinates":[-117.057087,32.711325]},"properties":{"facility_id":"SAMPLE-FFPP-00941","name":"Sample Cantina 0941","address":"7967 Mock Lane, San Diego, CA 92114","facility_type":"restaurant","council_district":4,"last_visit":{"date":"2025-07-29","type":"routine"},"grade":{"grade":"A","score":100,"date":"2025-07-29","replaced":null,"open_closure":null},"flags":[]}},{"type":"Feature","geometry":{"type":"Point","coordinates":[-117.043301,32.551439]},"properties":{"facility_id":"SAMPLE-FFPP-00942","name":"Sample Taqueria 0942","address":"8890 Testing Terrace, San Diego, CA 92173","facility_type":"restaurant","council_district":8,"last_visit":{"date":"2026-03-17","type":"complaint"},"grade":{"grade":"A","score":90,"date":"2025-11-04","replaced":null,"open_closure":null},"flags":["major","major_2","handsink","temperature"],"band":"2","points":14}},{"type":"Feature","geometry":{"type":"Point","coordinates":[-117.128236,32.84062]},"properties":{"facility_id":"SAMPLE-FFPP-00943","name":"Sample Diner 0943","address":"8736 Placeholder Street, San Diego, CA 92123","facility_type":"restaurant","council_district":6,"last_visit":{"date":"2026-08-02","type":"routine"},"grade":{"grade":"A","score":96,"date":"2026-08-02","replaced":null,"open_closure":null},"flags":[],"points":4}},{"type":"Feature","geometry":{"type":"Point","coordinates":[-117.013147,32.573339]},"properties":{"facility_id":"SAMPLE-FFPP-00944","name":"Sample Pho House 0944","address":"4455 Invented Road, San Diego, CA 92154","facility_type":"restaurant","council_district":8,"last_visit":{"date":"2026-06-20","type":"routine"},"grade":{"grade":"A","score":98,"date":"2026-06-20","replaced":null,"open_closure":null},"flags":[],"points":2}},{"type":"Feature","geometry":{"type":"Point","coordinates":[-117.224107,32.737737]},"properties":{"facility_id":"SAMPLE-FFPP-00945","name":"Sample Carniceria 0945","address":"3095 Example Avenue, San Diego, CA 92106","facility_type":"market","council_district":2,"last_visit":{"date":"2025-10-05","type":"routine"},"grade":{"grade":"A","score":99,"date":"2025-10-05","replaced":null,"open_closure":null},"flags":[]}},{"type":"Feature","geometry":{"type":"Point","coordinates":[-117.165809,32.822025]},"properties":{"facility_id":"SAMPLE-FFPP-00946","name":"Sample Pho House 0946","address":"5716 Specimen Way, San Diego, CA 92111","facility_type":"restaurant","council_district":6,"last_visit":{"date":"2026-05-09","type":"routine"},"grade":{"grade":"A","score":97,"date":"2026-05-09","replaced":null,"open_closure":null},"flags":["major","closed","water"],"band":"2","points":16}},{"type":"Feature","geometry":{"type":"Point","coordinates":[-117.047974,32.557304]},"properties":{"facility_id":"SAMPLE-FFPP-00947","name":"Sample Sushi Bar 0947","address":"3613 Pretend Place, San Diego, CA 92173","facility_type":"restaurant","council_district":8,"last_visit":{"date":"2026-08-22","type":"routine"},"grade":{"grade":"A","score":94,"date":"2026-08-22","replaced":null,"open_closure":null},"flags":["major","condition"],"points":5}},{"type":"Feature","geometry":{"type":"Point","coordinates":[-117.154608,32.911181]},"properties":{"facility_id":"SAMPLE-FFPP-00948","name":"Sample Pho House 0948","address":"5554 Example Avenue, San Diego, CA 92126","facility_type":"restaurant","council_district":6,"last_visit":{"date":"2025-08-07","type":"routine"},"grade":{"grade":"A","score":96,"date":"2025-08-07","replaced":null,"open_closure":null},"flags":[]}},{"type":"Feature","geometry":{"type":"Point","coordinates":[-117.18848,32.814184]},"properties":{"facility_id":"SAMPLE-FFPP-00949","name":"Sample Kitchen 0949","address":"1675 Demo Court, San Diego, CA 92117","facility_type":"restaurant","council_district":2,"last_visit":{"date":"2026-01-21","type":"routine"},"grade":{"grade":"A","score":98,"date":"2026-01-21","replaced":null,"open_closure":null},"flags":[],"points":4}},{"type":"Feature","geometry":{"type":"Point","coordinates":[-117.092625,32.817321]},"properties":{"facility_id":"SAMPLE-FFPP-00950","name":"Sample Snack Bar 0950","address":"3842 Example Avenue, San Diego, CA 92124","facility_type":"limited","council_district":7,"last_visit":{"date":"2026-08-12","type":"routine"},"grade":{"grade":"A","score":91,"date":"2026-08-12","replaced":null,"open_closure":null},"flags":["major","sanitizing","vermin"]}},{"type":"Feature","geometry":{"type":"Point","coordinates":[-117.154631,32.720071]},"properties":{"facility_id":"SAMPLE-FFPP-00951","name":"Sample Deli Market 0951","address":"6455 Mock Lane, San Diego, CA 92101","facility_type":"market","council_district":3,"last_visit":{"date":"2026-06-17","type":"routine"},"grade":{"grade":"A","score":98,"date":"2026-06-17","replaced":null,"open_closure":null},"flags":[]}},{"type":"Feature","geometry":{"type":"Point","coordinates":[-117.205273,32.79197]},"properties":{"facility_id":"SAMPLE-FFPP-00952","name":"Sample Noodle House 0952","address":"2853 Fictional Boulevard, San Diego, CA 92110","facility_type":"restaurant","council_district":2,"last_visit":{"date":"2026-07-26","type":"routine"},"grade":{"grade":"A","score":98,"date":"2026-07-26","replaced":null,"open_closure":null},"flags":[],"points":2}},{"type":"Feature","geometry":{"type":"Point","coordinates":[-117.199303,32.81534]},"properties":{"facility_id":"SAMPLE-FFPP-00953","name":"Sample Pho House 0953","address":"6591 Specimen Way, San Diego, CA 92117","facility_type":"restaurant","council_district":2,"last_visit":{"date":"2026-08-08","type":"routine"},"grade":{"grade":"A","score":98,"date":"2026-08-08","replaced":null,"open_closure":null},"flags":[],"points":2}},{"type":"Feature","geometry":{"type":"Point","coordinates":[-117.281772,32.847787]},"properties":{"facility_id":"SAMPLE-FFPP-00954","name":"Sample Taqueria 0954","address":"1952 Invented Road, San Diego, CA 92037","facility_type":"restaurant","council_district":1,"last_visit":{"date":"2025-12-29","type":"routine"},"grade":{"grade":"A","score":98,"date":"2025-12-29","replaced":null,"open_closure":null},"flags":[],"points":2}},{"type":"Feature","geometry":{"type":"Point","coordinates":[-117.13924,32.700174]},"properties":{"facility_id":"SAMPLE-FFPP-00955","name":"Sample Pho House 0955","address":"4753 Demo Court, San Diego, CA 92113","facility_type":"restaurant","council_district":8,"last_visit":{"date":"2026-05-31","type":"followup"},"grade":{"grade":"A","score":95,"date":"2026-05-31","replaced":{"grade":"B","score":88,"date":"2026-05-16"},"open_closure":null},"flags":["major","bc","major_2","supplier","vermin"],"band":"3","points":9}},{"type":"Feature","geometry":{"type":"Point","coordinates":[-117.145089,32.835093]},"properties":{"facility_id":"SAMPLE-FFPP-00956","name":"Sample Cantina 0956","address":"6813 Example Avenue, San Diego, CA 92111","facility_type":"restaurant","council_district":6,"last_visit":{"date":"2026-07-30","type":"reinspection"},"grade":{"grade":"A","score":93,"date":"2026-07-30","replaced":null,"open_closure":null},"flags":["major","bc","major_2","repeat_item","temperature","vermin"],"band":"2","points":14}},{"type":"Feature","geometry":{"type":"Point","coordinates":[-117.047647,32.716865]},"properties":{"facility_id":"SAMPLE-FFPP-00957","name":"Sample Coffee Bar 0957","address":"5775 Example Avenue, San Diego, CA 92114","facility_type":"limited","council_district":4,"last_visit":{"date":"2026-08-15","type":"routine"},"grade":{"grade":"A","score":98,"date":"2026-08-15","replaced":null,"open_closure":null},"flags":[]}},{"type":"Feature","geometry":{"type":"Point","coordinates":[-117.072144,32.770538]},"properties":{"facility_id":"SAMPLE-FFPP-00958","name":"Sample Kitchen 0958","address":"573 Example Avenue, San Diego, CA 92115","facility_type":"restaurant","council_district":9,"last_visit":{"date":"2026-01-17","type":"routine"},"grade":{"grade":"A","score":100,"date":"2026-01-17","replaced":null,"open_closure":null},"flags":[],"points":0}},{"type":"Feature","geometry":{"type":"Point","coordinates":[-117.158826,32.821072]},"properties":{"facility_id":"SAMPLE-FFPP-00959","name":"Sample Pizzeria 0959","address":"5471 Pretend Place, San Diego, CA 92111","facility_type":"restaurant","council_district":6,"last_visit":{"date":"2025-12-08","type":"reinspection"},"grade":{"grade":"A","score":96,"date":"2025-12-08","replaced":null,"open_closure":null},"flags":["major","handsink","temperature"],"points":6}},{"type":"Feature","geometry":{"type":"Point","coordinates":[-117.176775,32.739829]},"properties":{"facility_id":"SAMPLE-FFPP-00960","name":"Sample Pizzeria 0960","address":"3166 Fictional Boulevard, San Diego, CA 92103","facility_type":"restaurant","council_district":3,"last_visit":{"date":"2026-03-13","type":"routine"},"grade":{"grade":"A","score":99,"date":"2026-03-13","replaced":null,"open_closure":null},"flags":[],"points":1}},{"type":"Feature","geometry":{"type":"Point","coordinates":[-117.05508,32.551525]},"properties":{"facility_id":"SAMPLE-FFPP-00961","name":"Sample Grocery 0961","address":"5062 Mock Lane, San Diego, CA 92173","facility_type":"market","council_district":8,"last_visit":{"date":"2026-01-24","type":"routine"},"grade":{"grade":"A","score":97,"date":"2026-01-24","replaced":null,"open_closure":null},"flags":[]}},{"type":"Feature","geometry":{"type":"Point","coordinates":[-117.152638,32.766174]},"properties":{"facility_id":"SAMPLE-FFPP-00962","name":"Sample Pizzeria 0962","address":"2686 Fictional Boulevard, San Diego, CA 92108","facility_type":"restaurant","council_district":7,"last_visit":{"date":"2026-08-29","type":"routine"},"grade":{"grade":"A","score":95,"date":"2026-08-29","replaced":null,"open_closure":null},"flags":[],"points":5}},{"type":"Feature","geometry":{"type":"Point","coordinates":[-117.04313,32.704504]},"properties":{"facility_id":"SAMPLE-FFPP-00963","name":"Sample Taqueria 0963","address":"5852 Sample Row, San Diego, CA 92114","facility_type":"restaurant","council_district":4,"last_visit":{"date":"2025-07-04","type":"routine"},"grade":{"grade":"A","score":98,"date":"2025-07-04","replaced":null,"open_closure":null},"flags":[]}},{"type":"Feature","geometry":{"type":"Point","coordinates":[-117.161694,32.764878]},"properties":{"facility_id":"SAMPLE-FFPP-00964","name":"Sample Noodle House 0964","address":"4621 Mock Lane, San Diego, CA 92108","facility_type":"restaurant","council_district":7,"last_visit":{"date":"2026-07-26","type":"routine"},"grade":{"grade":"A","score":96,"date":"2026-07-26","replaced":null,"open_closure":null},"flags":[],"points":6}},{"type":"Feature","geometry":{"type":"Point","coordinates":[-117.064811,32.779136]},"properties":{"facility_id":"SAMPLE-FFPP-00965","name":"Sample Kitchen 0965","address":"7191 Example Avenue, San Diego, CA 92115","facility_type":"restaurant","council_district":9,"last_visit":{"date":"2025-11-25","type":"routine"},"grade":{"grade":"A","score":96,"date":"2025-11-25","replaced":null,"open_closure":null},"flags":[],"points":4}},{"type":"Feature","geometry":{"type":"Point","coordinates":[-117.13187,32.695689]},"properties":{"facility_id":"SAMPLE-FFPP-00966","name":"Sample Taqueria 0966","address":"6852 Testing Terrace, San Diego, CA 92113","facility_type":"restaurant","council_district":8,"last_visit":{"date":"2025-06-16","type":"routine"},"grade":{"grade":"A","score":100,"date":"2025-06-16","replaced":null,"open_closure":null},"flags":[]}},{"type":"Feature","geometry":{"type":"Point","coordinates":[-117.272332,32.849719]},"properties":{"facility_id":"SAMPLE-FFPP-00967","name":"Sample Pho House 0967","address":"386 Sample Row, San Diego, CA 92037","facility_type":"restaurant","council_district":1,"last_visit":{"date":"2025-09-01","type":"followup"},"grade":{"grade":"A","score":97,"date":"2024-08-26","replaced":null,"open_closure":{"date":"2025-08-29","reason":"health","later_ungraded":["2025-08-29","2025-09-01"],"status":"Ordered Closed"}},"flags":[]}},{"type":"Feature","geometry":{"type":"Point","coordinates":[-117.178339,32.726459]},"properties":{"facility_id":"SAMPLE-FFPP-00968","name":"Sample Market 0968","address":"6182 Demo Court, San Diego, CA 92101","facility_type":"market","council_district":3,"last_visit":{"date":"2026-04-25","type":"routine"},"grade":{"grade":"A","score":96,"date":"2026-04-25","replaced":null,"open_closure":null},"flags":[]}},{"type":"Feature","geometry":{"type":"Point","coordinates":[-117.155059,32.834211]},"properties":{"facility_id":"SAMPLE-FFPP-00969","name":"Sample Kitchen 0969","address":"3853 Sample Row, San Diego, CA 92111","facility_type":"restaurant","council_district":6,"last_visit":{"date":"2025-09-05","type":"routine"},"grade":{"grade":"A","score":97,"date":"2025-09-05","replaced":null,"open_closure":null},"flags":[],"points":5}},{"type":"Feature","geometry":{"type":"Point","coordinates":[-117.054535,32.7089]},"properties":{"facility_id":"SAMPLE-FFPP-00970","name":"Sample Deli Market 0970","address":"3055 Specimen Way, San Diego, CA 92114","facility_type":"market","council_district":4,"last_visit":{"date":"2026-06-05","type":"routine"},"grade":{"grade":"A","score":90,"date":"2026-06-05","replaced":null,"open_closure":null},"flags":["major","major_2","sanitizing","vermin"]}},{"type":"Feature","geometry":{"type":"Point","coordinates":[-117.117254,32.763792]},"properties":{"facility_id":"SAMPLE-FFPP-00971","name":"Sample Kitchen 0971","address":"4768 Sample Row, San Diego, CA 92116","facility_type":"restaurant","council_district":9,"last_visit":{"date":"2026-01-30","type":"routine"},"grade":{"grade":"A","score":95,"date":"2026-01-30","replaced":null,"open_closure":null},"flags":["major","vermin"],"points":5}},{"type":"Feature","geometry":{"type":"Point","coordinates":[-117.159501,32.71546]},"properties":{"facility_id":"SAMPLE-FFPP-00972","name":"Sample Cantina 0972","address":"3585 Testing Terrace, San Diego, CA 92101","facility_type":"restaurant","council_district":3,"last_visit":{"date":"2025-10-13","type":"routine"},"grade":{"grade":"A","score":98,"date":"2025-10-13","replaced":null,"open_closure":null},"flags":[],"points":2}},{"type":"Feature","geometry":{"type":"Point","coordinates":[-117.267861,32.855387]},"properties":{"facility_id":"SAMPLE-FFPP-00973","name":"Sample Kitchen 0973","address":"4190 Testing Terrace, San Diego, CA 92037","facility_type":"restaurant","council_district":1,"last_visit":{"date":"2025-12-24","type":"routine"},"grade":{"grade":"A","score":96,"date":"2025-12-24","replaced":null,"open_closure":null},"flags":[],"points":4}},{"type":"Feature","geometry":{"type":"Point","coordinates":[-117.163032,32.823747]},"properties":{"facility_id":"SAMPLE-FFPP-00974","name":"Sample Pho House 0974","address":"7487 Pretend Place, San Diego, CA 92111","facility_type":"restaurant","council_district":6,"last_visit":{"date":"2026-08-19","type":"routine"},"grade":{"grade":"A","score":98,"date":"2026-08-19","replaced":null,"open_closure":null},"flags":[],"points":3}},{"type":"Feature","geometry":{"type":"Point","coordinates":[-117.141548,32.913942]},"properties":{"facility_id":"SAMPLE-FFPP-00975","name":"Sample Grill 0975","address":"4318 Mock Lane, San Diego, CA 92126","facility_type":"restaurant","council_district":6,"last_visit":{"date":"2026-03-06","type":"routine"},"grade":{"grade":"A","score":96,"date":"2026-03-06","replaced":null,"open_closure":null},"flags":[],"points":6}},{"type":"Feature","geometry":{"type":"Point","coordinates":[-117.128245,32.752229]},"properties":{"facility_id":"SAMPLE-FFPP-00976","name":"Sample Noodle House 0976","address":"1465 Demo Court, San Diego, CA 92104","facility_type":"restaurant","council_district":3,"last_visit":{"date":"2026-02-15","type":"routine"},"grade":{"grade":"A","score":96,"date":"2026-02-15","replaced":null,"open_closure":null},"flags":[],"points":6}},{"type":"Feature","geometry":{"type":"Point","coordinates":[-117.15935,32.768318]},"properties":{"facility_id":"SAMPLE-FFPP-00977","name":"Sample Noodle House 0977","address":"4149 Fictional Boulevard, San Diego, CA 92108","facility_type":"restaurant","council_district":7,"last_visit":{"date":"2026-08-08","type":"routine"},"grade":{"grade":"A","score":98,"date":"2026-08-08","replaced":null,"open_closure":null},"flags":[],"points":2}},{"type":"Feature","geometry":{"type":"Point","coordinates":[-117.093551,32.751123]},"properties":{"facility_id":"SAMPLE-FFPP-00978","name":"Sample Cafe 0978","address":"8485 Placeholder Street, San Diego, CA 92105","facility_type":"restaurant","council_district":9,"last_visit":{"date":"2026-08-04","type":"complaint"},"grade":{"grade":"A","score":97,"date":"2026-06-10","replaced":null,"open_closure":null},"flags":[],"points":2}},{"type":"Feature","geometry":{"type":"Point","coordinates":[-117.136915,32.744234]},"properties":{"facility_id":"SAMPLE-FFPP-00979","name":"Sample Diner 0979","address":"8375 Testing Terrace, San Diego, CA 92104","facility_type":"restaurant","council_district":3,"last_visit":{"date":"2026-06-06","type":"complaint"},"grade":{"grade":"A","score":96,"date":"2026-01-16","replaced":null,"open_closure":null},"flags":[],"band":"3","points":8}},{"type":"Feature","geometry":{"type":"Point","coordinates":[-117.085295,32.816994]},"properties":{"facility_id":"SAMPLE-FFPP-00980","name":"Sample Cafe 0980","address":"1792 Example Avenue, San Diego, CA 92124","facility_type":"restaurant","council_district":7,"last_visit":{"date":"2026-07-24","type":"routine"},"grade":{"grade":"A","score":98,"date":"2026-07-24","replaced":null,"open_closure":null},"flags":["major","handsink"],"points":7}},{"type":"Feature","geometry":{"type":"Point","coordinates":[-117.156866,32.765337]},"properties":{"facility_id":"SAMPLE-FFPP-00981","name":"Sample Sushi Bar 0981","address":"119 Testing Terrace, San Diego, CA 92108","facility_type":"restaurant","council_district":7,"last_visit":{"date":"2026-06-14","type":"routine"},"grade":{"grade":"A","score":98,"date":"2026-06-14","replaced":null,"open_closure":null},"flags":[],"points":2}},{"type":"Feature","geometry":{"type":"Point","coordinates":[-117.061888,32.778943]},"properties":{"facility_id":"SAMPLE-FFPP-00982","name":"Sample Cafe 0982","address":"5937 Testing Terrace, San Diego, CA 92115","facility_type":"restaurant","council_district":9,"last_visit":{"date":"2026-05-09","type":"routine"},"grade":{"grade":"A","score":96,"date":"2026-05-09","replaced":null,"open_closure":null},"flags":[],"points":4}},{"type":"Feature","geometry":{"type":"Point","coordinates":[-117.19266,32.792925]},"properties":{"facility_id":"SAMPLE-FFPP-00983","name":"Sample Deli Market 0983","address":"5960 Placeholder Street, San Diego, CA 92111","facility_type":"market","council_district":7,"last_visit":{"date":"2026-06-05","type":"routine"},"grade":{"grade":"A","score":96,"date":"2026-06-05","replaced":null,"open_closure":null},"flags":[]}},{"type":"Feature","geometry":{"type":"Point","coordinates":[-117.209178,32.777848]},"properties":{"facility_id":"SAMPLE-FFPP-00984","name":"Sample Coffee Bar 0984","address":"2388 Mock Lane, San Diego, CA 92110","facility_type":"limited","council_district":2,"last_visit":{"date":"2026-05-24","type":"routine"},"grade":{"grade":"A","score":98,"date":"2026-05-24","replaced":null,"open_closure":null},"flags":[]}},{"type":"Feature","geometry":{"type":"Point","coordinates":[-117.186587,32.786589]},"properties":{"facility_id":"SAMPLE-FFPP-00985","name":"Sample Grill 0985","address":"5239 Sample Row, San Diego, CA 92111","facility_type":"restaurant","council_district":7,"last_visit":{"date":"2026-08-24","type":"routine"},"grade":{"grade":"A","score":96,"date":"2026-08-24","replaced":null,"open_closure":null},"flags":[],"points":7}},{"type":"Feature","geometry":{"type":"Point","coordinates":[-117.004479,32.56787]},"properties":{"facility_id":"SAMPLE-FFPP-00986","name":"Sample Taqueria 0986","address":"8549 Invented Road, San Diego, CA 92154","facility_type":"restaurant","council_district":8,"last_visit":{"date":"2025-10-23","type":"complaint"},"grade":{"grade":"A","score":94,"date":"2025-08-31","replaced":null,"open_closure":null},"flags":[]}},{"type":"Feature","geometry":{"type":"Point","coordinates":[-117.013374,32.577102]},"properties":{"facility_id":"SAMPLE-FFPP-00987","name":"Sample Noodle House 0987","address":"787 Placeholder Street, San Diego, CA 92154","facility_type":"restaurant","council_district":8,"last_visit":{"date":"2025-11-17","type":"routine"},"grade":{"grade":"A","score":99,"date":"2025-11-17","replaced":null,"open_closure":null},"flags":[],"points":1}},{"type":"Feature","geometry":{"type":"Point","coordinates":[-117.20339,32.872623]},"properties":{"facility_id":"SAMPLE-FFPP-00988","name":"Sample Juice Bar 0988","address":"8143 Mock Lane, San Diego, CA 92122","facility_type":"limited","council_district":1,"last_visit":{"date":"2026-07-23","type":"routine"},"grade":{"grade":"A","score":97,"date":"2026-07-23","replaced":null,"open_closure":null},"flags":[]}},{"type":"Feature","geometry":{"type":"Point","coordinates":[-117.07163,32.779299]},"properties":{"facility_id":"SAMPLE-FFPP-00989","name":"Sample Pho House 0989","address":"3922 Pretend Place, San Diego, CA 92115","facility_type":"restaurant","council_district":9,"last_visit":{"date":"2025-10-20","type":"routine"},"grade":{"grade":"A","score":98,"date":"2025-10-20","replaced":null,"open_closure":null},"flags":[],"points":4}},{"type":"Feature","geometry":{"type":"Point","coordinates":[-117.269409,32.850255]},"properties":{"facility_id":"SAMPLE-FFPP-00990","name":"Sample Sushi Bar 0990","address":"3807 Testing Terrace, San Diego, CA 92037","facility_type":"restaurant","council_district":1,"last_visit":{"date":"2025-12-16","type":"routine"},"grade":{"grade":"A","score":94,"date":"2025-12-16","replaced":null,"open_closure":null},"flags":["major","vermin"],"points":6}},{"type":"Feature","geometry":{"type":"Point","coordinates":[-117.204012,32.781212]},"properties":{"facility_id":"SAMPLE-FFPP-00991","name":"Sample Grill 0991","address":"1925 Sample Row, San Diego, CA 92110","facility_type":"restaurant","council_district":2,"last_visit":{"date":"2025-09-19","type":"routine"},"grade":{"grade":"A","score":98,"date":"2025-09-19","replaced":null,"open_closure":null},"flags":[],"points":2}},{"type":"Feature","geometry":{"type":"Point","coordinates":[-117.101286,32.752907]},"properties":{"facility_id":"SAMPLE-FFPP-00992","name":"Sample Kitchen 0992","address":"3362 Specimen Way, San Diego, CA 92105","facility_type":"restaurant","council_district":9,"last_visit":{"date":"2026-06-08","type":"routine"},"grade":{"grade":"A","score":100,"date":"2026-06-08","replaced":null,"open_closure":null},"flags":[],"points":0}},{"type":"Feature","geometry":{"type":"Point","coordinates":[-117.173429,32.728377]},"properties":{"facility_id":"SAMPLE-FFPP-00993","name":"Sample Taqueria 0993","address":"1380 Mock Lane, San Diego, CA 92101","facility_type":"restaurant","council_district":3,"last_visit":{"date":"2026-05-03","type":"reinspection"},"grade":{"grade":"A","score":92,"date":"2026-05-03","replaced":null,"open_closure":null},"flags":["major","handsink"],"band":"3","points":8}},{"type":"Feature","geometry":{"type":"Point","coordinates":[-117.227363,32.944492]},"properties":{"facility_id":"SAMPLE-FFPP-00994","name":"Sample Diner 0994","address":"9864 Specimen Way, San Diego, CA 92130","facility_type":"restaurant","council_district":1,"last_visit":{"date":"2026-08-31","type":"followup"},"grade":{"grade":"B","score":84,"date":"2026-08-31","replaced":{"grade":"C","score":74,"date":"2026-08-10"},"open_closure":null},"flags":["major","bc","temperature"],"band":"1","points":32}},{"type":"Feature","geometry":{"type":"Point","coordinates":[-117.031188,32.547778]},"properties":{"facility_id":"SAMPLE-FFPP-00995","name":"Sample Market 0995","address":"3373 Mock Lane, San Diego, CA 92173","facility_type":"market","council_district":8,"last_visit":{"date":"2026-04-03","type":"routine"},"grade":{"grade":"A","score":99,"date":"2026-04-03","replaced":null,"open_closure":null},"flags":[]}},{"type":"Feature","geometry":{"type":"Point","coordinates":[-117.039551,32.562933]},"properties":{"facility_id":"SAMPLE-FFPP-00996","name":"Sample Diner 0996","address":"4379 Fictional Boulevard, San Diego, CA 92173","facility_type":"restaurant","council_district":8,"last_visit":{"date":"2026-06-25","type":"complaint"},"grade":{"grade":"A","score":91,"date":"2026-03-21","replaced":null,"open_closure":null},"flags":["major","major_2","repeat_item","sanitizing"],"band":"3","points":9}},{"type":"Feature","geometry":{"type":"Point","coordinates":[-117.192623,32.817909]},"properties":{"facility_id":"SAMPLE-FFPP-00997","name":"Sample Diner 0997","address":"9693 Pretend Place, San Diego, CA 92117","facility_type":"restaurant","council_district":2,"last_visit":{"date":"2025-12-24","type":"routine"},"grade":{"grade":"A","score":96,"date":"2025-12-24","replaced":null,"open_closure":null},"flags":[],"points":4}},{"type":"Feature","geometry":{"type":"Point","coordinates":[-117.041461,32.700529]},"properties":{"facility_id":"SAMPLE-FFPP-00998","name":"Sample Sushi Bar 0998","address":"5855 Example Avenue, San Diego, CA 92114","facility_type":"restaurant","council_district":4,"last_visit":{"date":"2026-08-03","type":"routine"},"grade":{"grade":"A","score":98,"date":"2026-08-03","replaced":null,"open_closure":null},"flags":[],"points":4}},{"type":"Feature","geometry":{"type":"Point","coordinates":[-117.222916,32.871841]},"properties":{"facility_id":"SAMPLE-FFPP-00999","name":"Sample Pho House 0999","address":"179 Example Avenue, San Diego, CA 92122","facility_type":"restaurant","council_district":1,"last_visit":{"date":"2025-11-23","type":"routine"},"grade":{"grade":"A","score":98,"date":"2025-11-23","replaced":null,"open_closure":null},"flags":[],"points":2}},{"type":"Feature","geometry":{"type":"Point","coordinates":[-117.045998,32.549326]},"properties":{"facility_id":"SAMPLE-FFPP-01000","name":"Sample Grill 1000","address":"6261 Specimen Way, San Diego, CA 92173","facility_type":"restaurant","council_district":8,"last_visit":{"date":"2025-12-14","type":"routine"},"grade":{"grade":"A","score":100,"date":"2025-12-14","replaced":null,"open_closure":null},"flags":[],"points":0}},{"type":"Feature","geometry":{"type":"Point","coordinates":[-117.265025,32.847781]},"properties":{"facility_id":"SAMPLE-FFPP-01001","name":"Sample Kitchen 1001","address":"3360 Sample Row, San Diego, CA 92037","facility_type":"restaurant","council_district":1,"last_visit":{"date":"2026-03-01","type":"routine"},"grade":{"grade":"A","score":94,"date":"2026-03-01","replaced":null,"open_closure":null},"flags":[],"band":"3","points":8}},{"type":"Feature","geometry":{"type":"Point","coordinates":[-117.165652,32.732436]},"properties":{"facility_id":"SAMPLE-FFPP-01002","name":"Sample Pho House 1002","address":"4201 Fictional Boulevard, San Diego, CA 92101","facility_type":"restaurant","council_district":3,"last_visit":{"date":"2026-03-18","type":"routine"},"grade":{"grade":"A","score":100,"date":"2026-03-18","replaced":null,"open_closure":null},"flags":[],"points":0}},{"type":"Feature","geometry":{"type":"Point","coordinates":[-117.157951,32.777641]},"properties":{"facility_id":"SAMPLE-FFPP-01003","name":"Sample Carniceria 1003","address":"1147 Pretend Place, San Diego, CA 92108","facility_type":"market","council_district":7,"last_visit":{"date":"2025-10-18","type":"routine"},"grade":{"grade":"A","score":98,"date":"2025-10-18","replaced":null,"open_closure":null},"flags":[]}},{"type":"Feature","geometry":{"type":"Point","coordinates":[-117.034443,32.546826]},"properties":{"facility_id":"SAMPLE-FFPP-01004","name":"Sample Sushi Bar 1004","address":"1372 Pretend Place, San Diego, CA 92173","facility_type":"restaurant","council_district":8,"last_visit":{"date":"2026-01-11","type":"followup"},"grade":{"grade":"A","score":93,"date":"2026-01-11","replaced":{"grade":"B","score":87,"date":"2025-12-18"},"open_closure":null},"flags":["major","bc","major_2","temperature","sanitizing"],"band":"2","points":15}},{"type":"Feature","geometry":{"type":"Point","coordinates":[-117.274332,32.850891]},"properties":{"facility_id":"SAMPLE-FFPP-01005","name":"Sample Pizzeria 1005","address":"9668 Example Avenue, San Diego, CA 92037","facility_type":"restaurant","council_district":1,"last_visit":{"date":"2026-08-13","type":"routine"},"grade":{"grade":"A","score":99,"date":"2026-08-13","replaced":null,"open_closure":null},"flags":["major","major_2","temperature"],"points":4}},{"type":"Feature","geometry":{"type":"Point","coordinates":[-117.153448,32.772225]},"properties":{"facility_id":"SAMPLE-FFPP-01006","name":"Sample Noodle House 1006","address":"1157 Testing Terrace, San Diego, CA 92108","facility_type":"restaurant","council_district":7,"last_visit":{"date":"2026-07-18","type":"complaint"},"grade":{"grade":"A","score":96,"date":"2026-02-24","replaced":null,"open_closure":null},"flags":[],"points":4}},{"type":"Feature","geometry":{"type":"Point","coordinates":[-117.157492,32.841286]},"properties":{"facility_id":"SAMPLE-FFPP-01007","name":"Sample Kitchen 1007","address":"3979 Fictional Boulevard, San Diego, CA 92111","facility_type":"restaurant","council_district":6,"last_visit":{"date":"2025-11-15","type":"routine"},"grade":{"grade":"A","score":98,"date":"2025-11-15","replaced":null,"open_closure":null},"flags":[],"points":2}},{"type":"Feature","geometry":{"type":"Point","coordinates":[-117.039277,32.552789]},"properties":{"facility_id":"SAMPLE-FFPP-01008","name":"Sample Cantina 1008","address":"7974 Pretend Place, San Diego, CA 92173","facility_type":"restaurant","council_district":8,"last_visit":{"date":"2026-05-11","type":"routine"},"grade":{"grade":"A","score":97,"date":"2026-05-11","replaced":null,"open_closure":null},"flags":[],"band":"3","points":9}},{"type":"Feature","geometry":{"type":"Point","coordinates":[-117.059975,32.722666]},"properties":{"facility_id":"SAMPLE-FFPP-01009","name":"Sample Market 1009","address":"8049 Invented Road, San Diego, CA 92114","facility_type":"market","council_district":4,"last_visit":{"date":"2026-06-28","type":"reinspection"},"grade":{"grade":"A","score":92,"date":"2026-06-28","replaced":null,"open_closure":null},"flags":["major","major_2","temperature"]}},{"type":"Feature","geometry":{"type":"Point","coordinates":[-117.114839,32.95583]},"properties":{"facility_id":"SAMPLE-FFPP-01010","name":"Sample Pizzeria 1010","address":"4482 Example Avenue, San Diego, CA 92129","facility_type":"restaurant","council_district":5,"last_visit":{"date":"2026-06-23","type":"routine"},"grade":{"grade":"A","score":97,"date":"2026-06-23","replaced":null,"open_closure":null},"flags":[],"points":3}},{"type":"Feature","geometry":{"type":"Point","coordinates":[-117.283822,32.838868]},"properties":{"facility_id":"SAMPLE-FFPP-01011","name":"Sample Sushi Bar 1011","address":"3986 Specimen Way, San Diego, CA 92037","facility_type":"restaurant","council_district":1,"last_visit":{"date":"2026-02-13","type":"reinspection"},"grade":{"grade":"A","score":94,"date":"2026-02-02","replaced":null,"open_closure":null},"flags":["major","sanitizing"],"points":6}},{"type":"Feature","geometry":{"type":"Point","coordinates":[-117.148336,32.915103]},"properties":{"facility_id":"SAMPLE-FFPP-01012","name":"Sample Diner 1012","address":"8695 Mock Lane, San Diego, CA 92126","facility_type":"restaurant","council_district":6,"last_visit":{"date":"2026-05-12","type":"routine"},"grade":{"grade":"A","score":97,"date":"2026-05-12","replaced":null,"open_closure":null},"flags":["major","vermin"],"points":4}},{"type":"Feature","geometry":{"type":"Point","coordinates":[-117.066888,32.678693]},"properties":{"facility_id":"SAMPLE-FFPP-01013","name":"Sample Cantina 1013","address":"8951 Specimen Way, San Diego, CA 92139","facility_type":"restaurant","council_district":4,"last_visit":{"date":"2025-10-22","type":"routine"},"grade":{"grade":"A","score":98,"date":"2025-10-22","replaced":null,"open_closure":null},"flags":[],"points":2}},{"type":"Feature","geometry":{"type":"Point","coordinates":[-117.193005,32.822001]},"properties":{"facility_id":"SAMPLE-FFPP-01014","name":"Sample Deli Market 1014","address":"8165 Testing Terrace, San Diego, CA 92117","facility_type":"market","council_district":2,"last_visit":{"date":"2025-10-11","type":"routine"},"grade":{"grade":"A","score":98,"date":"2025-10-11","replaced":null,"open_closure":null},"flags":[]}},{"type":"Feature","geometry":{"type":"Point","coordinates":[-117.070694,32.772605]},"properties":{"facility_id":"SAMPLE-FFPP-01015","name":"Sample Pizzeria 1015","address":"8416 Placeholder Street, San Diego, CA 92115","facility_type":"restaurant","council_district":9,"last_visit":{"date":"2026-07-28","type":"routine"},"grade":{"grade":"A","score":99,"date":"2026-07-28","replaced":null,"open_closure":null},"flags":[],"points":1}},{"type":"Feature","geometry":{"type":"Point","coordinates":[-117.222708,32.739424]},"properties":{"facility_id":"SAMPLE-FFPP-01016","name":"Sample Snack Bar 1016","address":"3531 Invented Road, San Diego, CA 92106","facility_type":"limited","council_district":2,"last_visit":{"date":"2025-08-31","type":"routine"},"grade":{"grade":"A","score":100,"date":"2025-08-31","replaced":null,"open_closure":null},"flags":[]}},{"type":"Feature","geometry":{"type":"Point","coordinates":[-117.061119,32.671661]},"properties":{"facility_id":"SAMPLE-FFPP-01017","name":"Sample Cantina 1017","address":"3623 Example Avenue, San Diego, CA 92139","facility_type":"restaurant","council_district":4,"last_visit":{"date":"2026-02-17","type":"routine"},"grade":{"grade":"A","score":96,"date":"2026-02-17","replaced":null,"open_closure":null},"flags":[],"points":4}},{"type":"Feature","geometry":{"type":"Point","coordinates":[-117.042429,32.691641]},"properties":{"facility_id":"SAMPLE-FFPP-01018","name":"Sample Sushi Bar 1018","address":"2883 Sample Row, San Diego, CA 92114","facility_type":"restaurant","council_district":4,"last_visit":{"date":"2025-10-23","type":"routine"},"grade":{"grade":"A","score":98,"date":"2025-10-23","replaced":null,"open_closure":null},"flags":[],"points":2}},{"type":"Feature","geometry":{"type":"Point","coordinates":[-117.210711,32.879552]},"properties":{"facility_id":"SAMPLE-FFPP-01019","name":"Sample Tea House 1019","address":"7615 Fictional Boulevard, San Diego, CA 92122","facility_type":"limited","council_district":1,"last_visit":{"date":"2025-12-12","type":"routine"},"grade":{"grade":"A","score":98,"date":"2025-12-12","replaced":null,"open_closure":null},"flags":[]}},{"type":"Feature","geometry":{"type":"Point","coordinates":[-117.014076,32.572638]},"properties":{"facility_id":"SAMPLE-FFPP-01020","name":"Sample Diner 1020","address":"7575 Invented Road, San Diego, CA 92154","facility_type":"restaurant","council_district":8,"last_visit":{"date":"2026-03-26","type":"routine"},"grade":{"grade":"A","score":96,"date":"2026-03-26","replaced":null,"open_closure":null},"flags":["major","sanitizing"],"points":3}},{"type":"Feature","geometry":{"type":"Point","coordinates":[-117.167698,32.723329]},"properties":{"facility_id":"SAMPLE-FFPP-01021","name":"Sample Noodle House 1021","address":"7941 Pretend Place, San Diego, CA 92101","facility_type":"restaurant","council_district":3,"last_visit":{"date":"2026-08-03","type":"routine"},"grade":{"grade":"A","score":100,"date":"2026-08-03","replaced":null,"open_closure":null},"flags":[],"points":1}},{"type":"Feature","geometry":{"type":"Point","coordinates":[-117.158545,32.828288]},"properties":{"facility_id":"SAMPLE-FFPP-01022","name":"Sample Tea House 1022","address":"7693 Demo Court, San Diego, CA 92111","facility_type":"limited","council_district":6,"last_visit":{"date":"2025-11-08","type":"followup"},"grade":{"grade":"B","score":86,"date":"2025-11-08","replaced":{"grade":"B","score":80,"date":"2025-10-22"},"open_closure":null},"flags":["major","bc","temperature"]}},{"type":"Feature","geometry":{"type":"Point","coordinates":[-117.037578,32.546922]},"properties":{"facility_id":"SAMPLE-FFPP-01023","name":"Sample Coffee Bar 1023","address":"8864 Fictional Boulevard, San Diego, CA 92173","facility_type":"limited","council_district":8,"last_visit":{"date":"2026-04-26","type":"routine"},"grade":{"grade":"A","score":100,"date":"2026-04-26","replaced":null,"open_closure":null},"flags":[]}},{"type":"Feature","geometry":{"type":"Point","coordinates":[-117.162652,32.713004]},"properties":{"facility_id":"SAMPLE-FFPP-01024","name":"Sample Diner 1024","address":"8000 Mock Lane, San Diego, CA 92101","facility_type":"restaurant","council_district":3,"last_visit":{"date":"2026-05-24","type":"routine"},"grade":{"grade":"A","score":100,"date":"2026-05-24","replaced":null,"open_closure":null},"flags":[],"points":2}},{"type":"Feature","geometry":{"type":"Point","coordinates":[-117.162506,32.750534]},"properties":{"facility_id":"SAMPLE-FFPP-01025","name":"Sample Taqueria 1025","address":"4193 Pretend Place, San Diego, CA 92103","facility_type":"restaurant","council_district":3,"last_visit":{"date":"2025-12-31","type":"routine"},"grade":{"grade":"A","score":100,"date":"2025-12-31","replaced":null,"open_closure":null},"flags":[],"points":0}},{"type":"Feature","geometry":{"type":"Point","coordinates":[-117.212606,32.874595]},"properties":{"facility_id":"SAMPLE-FFPP-01026","name":"Sample Pho House 1026","address":"4864 Example Avenue, San Diego, CA 92122","facility_type":"restaurant","council_district":1,"last_visit":{"date":"2025-12-06","type":"routine"},"grade":{"grade":"A","score":98,"date":"2025-12-06","replaced":null,"open_closure":null},"flags":[],"points":2}},{"type":"Feature","geometry":{"type":"Point","coordinates":[-117.175163,32.721078]},"properties":{"facility_id":"SAMPLE-FFPP-01027","name":"Sample Carniceria 1027","address":"7530 Invented Road, San Diego, CA 92101","facility_type":"market","council_district":3,"last_visit":{"date":"2026-01-19","type":"routine"},"grade":{"grade":"A","score":100,"date":"2026-01-19","replaced":null,"open_closure":null},"flags":[]}},{"type":"Feature","geometry":{"type":"Point","coordinates":[-117.151964,32.820707]},"properties":{"facility_id":"SAMPLE-FFPP-01028","name":"Sample Market 1028","address":"4688 Sample Row, San Diego, CA 92111","facility_type":"market","council_district":6,"last_visit":{"date":"2026-07-26","type":"routine"},"grade":{"grade":"A","score":100,"date":"2026-07-26","replaced":null,"open_closure":null},"flags":[]}},{"type":"Feature","geometry":{"type":"Point","coordinates":[-117.135293,32.708214]},"properties":{"facility_id":"SAMPLE-FFPP-01029","name":"Sample Cafe 1029","address":"4217 Mock Lane, San Diego, CA 92113","facility_type":"restaurant","council_district":8,"last_visit":{"date":"2026-08-18","type":"routine"},"grade":{"grade":"A","score":99,"date":"2026-08-18","replaced":null,"open_closure":null},"flags":[],"points":1}},{"type":"Feature","geometry":{"type":"Point","coordinates":[-117.143699,32.830448]},"properties":{"facility_id":"SAMPLE-FFPP-01030","name":"Sample Pizzeria 1030","address":"3717 Placeholder Street, San Diego, CA 92123","facility_type":"restaurant","council_district":6,"last_visit":{"date":"2026-06-19","type":"reinspection"},"grade":{"grade":"A","score":94,"date":"2026-06-19","replaced":null,"open_closure":null},"flags":["major","major_2","temperature","vermin"],"band":"3","points":8}},{"type":"Feature","geometry":{"type":"Point","coordinates":[-117.203986,32.784147]},"properties":{"facility_id":"SAMPLE-FFPP-01031","name":"Sample Carniceria 1031","address":"8710 Fictional Boulevard, San Diego, CA 92110","facility_type":"market","council_district":2,"last_visit":{"date":"2025-12-31","type":"routine"},"grade":{"grade":"A","score":98,"date":"2025-12-31","replaced":null,"open_closure":null},"flags":[]}},{"type":"Feature","geometry":{"type":"Point","coordinates":[-117.225827,32.928414]},"properties":{"facility_id":"SAMPLE-FFPP-01032","name":"Sample Diner 1032","address":"5270 Pretend Place, San Diego, CA 92130","facility_type":"restaurant","council_district":1,"last_visit":{"date":"2025-10-03","type":"routine"},"grade":{"grade":"A","score":100,"date":"2025-10-03","replaced":null,"open_closure":null},"flags":[],"points":0}},{"type":"Feature","geometry":{"type":"Point","coordinates":[-117.259964,32.743553]},"properties":{"facility_id":"SAMPLE-FFPP-01033","name":"Sample Cantina 1033","address":"207 Testing Terrace, San Diego, CA 92107","facility_type":"restaurant","council_district":2,"last_visit":{"date":"2025-12-16","type":"reinspection"},"grade":{"grade":"A","score":92,"date":"2025-12-16","replaced":null,"open_closure":null},"flags":["major","major_2","repeat_item","temperature"],"band":"3","points":10}},{"type":"Feature","geometry":{"type":"Point","coordinates":[-117.143574,32.920146]},"properties":{"facility_id":"SAMPLE-FFPP-01034","name":"Sample Cantina 1034","address":"7525 Mock Lane, San Diego, CA 92126","facility_type":"restaurant","council_district":6,"last_visit":{"date":"2025-12-17","type":"routine"},"grade":{"grade":"A","score":94,"date":"2025-12-17","replaced":null,"open_closure":null},"flags":[],"points":6}},{"type":"Feature","geometry":{"type":"Point","coordinates":[-117.152691,32.719614]},"properties":{"facility_id":"SAMPLE-FFPP-01035","name":"Sample Taqueria 1035","address":"9033 Fictional Boulevard, San Diego, CA 92101","facility_type":"restaurant","council_district":3,"last_visit":{"date":"2026-05-07","type":"routine"},"grade":{"grade":"A","score":98,"date":"2026-05-07","replaced":null,"open_closure":null},"flags":[],"points":2}},{"type":"Feature","geometry":{"type":"Point","coordinates":[-117.135526,32.920838]},"properties":{"facility_id":"SAMPLE-FFPP-01036","name":"Sample Pizzeria 1036","address":"1736 Placeholder Street, San Diego, CA 92126","facility_type":"restaurant","council_district":6,"last_visit":{"date":"2026-02-01","type":"routine"},"grade":{"grade":"A","score":99,"date":"2026-02-01","replaced":null,"open_closure":null},"flags":[],"points":1}},{"type":"Feature","geometry":{"type":"Point","coordinates":[-117.1595,32.718513]},"properties":{"facility_id":"SAMPLE-FFPP-01037","name":"Sample Kitchen 1037","address":"3292 Fictional Boulevard, San Diego, CA 92101","facility_type":"restaurant","council_district":3,"last_visit":{"date":"2026-06-12","type":"complaint"},"grade":{"grade":"A","score":98,"date":"2026-04-04","replaced":null,"open_closure":null},"flags":[],"points":2}},{"type":"Feature","geometry":{"type":"Point","coordinates":[-117.102589,32.755831]},"properties":{"facility_id":"SAMPLE-FFPP-01038","name":"Sample Market 1038","address":"1347 Pretend Place, San Diego, CA 92105","facility_type":"market","council_district":9,"last_visit":{"date":"2026-07-23","type":"routine"},"grade":{"grade":"A","score":99,"date":"2026-07-23","replaced":null,"open_closure":null},"flags":["major","temperature"]}},{"type":"Feature","geometry":{"type":"Point","coordinates":[-117.161382,32.739697]},"properties":{"facility_id":"SAMPLE-FFPP-01039","name":"Sample Kitchen 1039","address":"2998 Fictional Boulevard, San Diego, CA 92103","facility_type":"restaurant","council_district":3,"last_visit":{"date":"2026-05-06","type":"routine"},"grade":{"grade":"A","score":98,"date":"2026-05-06","replaced":null,"open_closure":null},"flags":[],"points":2}},{"type":"Feature","geometry":{"type":"Point","coordinates":[-117.256917,32.803191]},"properties":{"facility_id":"SAMPLE-FFPP-01040","name":"Sample Sushi Bar 1040","address":"2225 Specimen Way, San Diego, CA 92109","facility_type":"restaurant","council_district":2,"last_visit":{"date":"2026-04-30","type":"routine"},"grade":{"grade":"A","score":99,"date":"2026-04-30","replaced":null,"open_closure":null},"flags":[],"points":1}},{"type":"Feature","geometry":{"type":"Point","coordinates":[-117.162678,32.907343]},"properties":{"facility_id":"SAMPLE-FFPP-01041","name":"Sample Sushi Bar 1041","address":"6718 Pretend Place, San Diego, CA 92126","facility_type":"restaurant","council_district":6,"last_visit":{"date":"2026-07-22","type":"routine"},"grade":{"grade":"A","score":90,"date":"2026-07-22","replaced":null,"open_closure":null},"flags":["major","major_2","temperature"],"band":"2","points":14}},{"type":"Feature","geometry":{"type":"Point","coordinates":[-117.140136,32.903696]},"properties":{"facility_id":"SAMPLE-FFPP-01042","name":"Sample Carniceria 1042","address":"1554 Fictional Boulevard, San Diego, CA 92126","facility_type":"market","council_district":6,"last_visit":{"date":"2025-11-30","type":"routine"},"grade":{"grade":"A","score":98,"date":"2025-11-30","replaced":null,"open_closure":null},"flags":[]}},{"type":"Feature","geometry":{"type":"Point","coordinates":[-117.163184,32.749123]},"properties":{"facility_id":"SAMPLE-FFPP-01043","name":"Sample Pho House 1043","address":"9250 Testing Terrace, San Diego, CA 92103","facility_type":"restaurant","council_district":3,"last_visit":{"date":"2025-11-16","type":"routine"},"grade":{"grade":"A","score":100,"date":"2025-11-16","replaced":null,"open_closure":null},"flags":[],"points":0}},{"type":"Feature","geometry":{"type":"Point","coordinates":[-117.105329,32.745697]},"properties":{"facility_id":"SAMPLE-FFPP-01044","name":"Sample Grill 1044","address":"3683 Invented Road, San Diego, CA 92105","facility_type":"restaurant","council_district":9,"last_visit":{"date":"2025-12-17","type":"routine"},"grade":{"grade":"A","score":98,"date":"2025-12-17","replaced":null,"open_closure":null},"flags":[],"points":2}},{"type":"Feature","geometry":{"type":"Point","coordinates":[-117.059896,32.676825]},"properties":{"facility_id":"SAMPLE-FFPP-01045","name":"Sample Sushi Bar 1045","address":"2813 Demo Court, San Diego, CA 92139","facility_type":"restaurant","council_district":4,"last_visit":{"date":"2026-07-22","type":"routine"},"grade":{"grade":"A","score":98,"date":"2026-07-22","replaced":null,"open_closure":null},"flags":[],"points":2}},{"type":"Feature","geometry":{"type":"Point","coordinates":[-117.071015,32.760315]},"properties":{"facility_id":"SAMPLE-FFPP-01046","name":"Sample Grocery 1046","address":"3085 Mock Lane, San Diego, CA 92115","facility_type":"market","council_district":9,"last_visit":{"date":"2026-03-01","type":"routine"},"grade":{"grade":"A","score":100,"date":"2026-03-01","replaced":null,"open_closure":null},"flags":[]}},{"type":"Feature","geometry":{"type":"Point","coordinates":[-117.247174,32.743774]},"properties":{"facility_id":"SAMPLE-FFPP-01047","name":"Sample Snack Bar 1047","address":"5088 Specimen Way, San Diego, CA 92107","facility_type":"limited","council_district":2,"last_visit":{"date":"2026-03-21","type":"routine"},"grade":{"grade":"A","score":96,"date":"2026-03-21","replaced":null,"open_closure":null},"flags":[]}},{"type":"Feature","geometry":{"type":"Point","coordinates":[-117.138032,32.917417]},"properties":{"facility_id":"SAMPLE-FFPP-01048","name":"Sample Pizzeria 1048","address":"8918 Fictional Boulevard, San Diego, CA 92126","facility_type":"restaurant","council_district":6,"last_visit":{"date":"2025-12-04","type":"routine"},"grade":{"grade":"A","score":97,"date":"2025-12-04","replaced":null,"open_closure":null},"flags":[],"points":3}},{"type":"Feature","geometry":{"type":"Point","coordinates":[-117.042359,32.554327]},"properties":{"facility_id":"SAMPLE-FFPP-01049","name":"Sample Snack Bar 1049","address":"4027 Placeholder Street, San Diego, CA 92173","facility_type":"limited","council_district":8,"last_visit":{"date":"2026-04-16","type":"routine"},"grade":{"grade":"A","score":98,"date":"2026-04-16","replaced":null,"open_closure":null},"flags":[]}},{"type":"Feature","geometry":{"type":"Point","coordinates":[-117.091244,32.750209]},"properties":{"facility_id":"SAMPLE-FFPP-01050","name":"Sample Kitchen 1050","address":"3221 Mock Lane, San Diego, CA 92105","facility_type":"restaurant","council_district":9,"last_visit":{"date":"2026-08-12","type":"routine"},"grade":{"grade":"A","score":94,"date":"2026-08-12","replaced":null,"open_closure":null},"flags":["major","major_2","hands","sewage"],"band":"3","points":8}},{"type":"Feature","geometry":{"type":"Point","coordinates":[-117.244602,32.740996]},"properties":{"facility_id":"SAMPLE-FFPP-01051","name":"Sample Carniceria 1051","address":"2995 Mock Lane, San Diego, CA 92107","facility_type":"market","council_district":2,"last_visit":{"date":"2025-12-14","type":"routine"},"grade":{"grade":"A","score":93,"date":"2025-12-14","replaced":null,"open_closure":null},"flags":[]}},{"type":"Feature","geometry":{"type":"Point","coordinates":[-117.208479,32.871028]},"properties":{"facility_id":"SAMPLE-FFPP-01052","name":"Sample Diner 1052","address":"8233 Placeholder Street, San Diego, CA 92122","facility_type":"restaurant","council_district":1,"last_visit":{"date":"2025-11-26","type":"routine"},"grade":{"grade":"A","score":95,"date":"2025-11-26","replaced":null,"open_closure":null},"flags":[],"points":7}},{"type":"Feature","geometry":{"type":"Point","coordinates":[-117.199422,32.828333]},"properties":{"facility_id":"SAMPLE-FFPP-01053","name":"Sample Snack Bar 1053","address":"1554 Fictional Boulevard, San Diego, CA 92117","facility_type":"limited","council_district":2,"last_visit":{"date":"2026-05-06","type":"routine"},"grade":{"grade":"A","score":99,"date":"2026-05-06","replaced":null,"open_closure":null},"flags":[]}},{"type":"Feature","geometry":{"type":"Point","coordinates":[-117.235228,32.942901]},"properties":{"facility_id":"SAMPLE-FFPP-01054","name":"Sample Grocery 1054","address":"4555 Fictional Boulevard, San Diego, CA 92130","facility_type":"market","council_district":1,"last_visit":{"date":"2026-02-20","type":"routine"},"grade":{"grade":"A","score":99,"date":"2026-02-20","replaced":null,"open_closure":null},"flags":[]}},{"type":"Feature","geometry":{"type":"Point","coordinates":[-117.1898,32.825909]},"properties":{"facility_id":"SAMPLE-FFPP-01055","name":"Sample Pizzeria 1055","address":"6760 Pretend Place, San Diego, CA 92117","facility_type":"restaurant","council_district":2,"last_visit":{"date":"2026-03-30","type":"routine"},"grade":{"grade":"A","score":98,"date":"2026-03-30","replaced":null,"open_closure":null},"flags":[],"points":4}},{"type":"Feature","geometry":{"type":"Point","coordinates":[-117.131757,32.703969]},"properties":{"facility_id":"SAMPLE-FFPP-01056","name":"Sample Tea House 1056","address":"3109 Specimen Way, San Diego, CA 92113","facility_type":"limited","council_district":8,"last_visit":{"date":"2026-05-09","type":"routine"},"grade":{"grade":"A","score":94,"date":"2026-05-09","replaced":null,"open_closure":null},"flags":[]}},{"type":"Feature","geometry":{"type":"Point","coordinates":[-117.10198,32.741425]},"properties":{"facility_id":"SAMPLE-FFPP-01057","name":"Sample Diner 1057","address":"3617 Specimen Way, San Diego, CA 92105","facility_type":"restaurant","council_district":9,"last_visit":{"date":"2026-08-15","type":"routine"},"grade":{"grade":"A","score":97,"date":"2026-08-15","replaced":null,"open_closure":null},"flags":[],"points":4}},{"type":"Feature","geometry":{"type":"Point","coordinates":[-117.091726,32.895152]},"properties":{"facility_id":"SAMPLE-FFPP-01058","name":"Sample Market 1058","address":"1820 Mock Lane, San Diego, CA 92131","facility_type":"market","council_district":5,"last_visit":{"date":"2026-06-23","type":"routine"},"grade":{"grade":"A","score":97,"date":"2026-06-23","replaced":null,"open_closure":null},"flags":[]}},{"type":"Feature","geometry":{"type":"Point","coordinates":[-117.160496,32.834192]},"properties":{"facility_id":"SAMPLE-FFPP-01059","name":"Sample Grill 1059","address":"3554 Testing Terrace, San Diego, CA 92111","facility_type":"restaurant","council_district":6,"last_visit":{"date":"2026-05-13","type":"complaint"},"grade":{"grade":"A","score":97,"date":"2026-03-10","replaced":null,"open_closure":null},"flags":[],"points":5}},{"type":"Feature","geometry":{"type":"Point","coordinates":[-117.184715,32.787814]},"properties":{"facility_id":"SAMPLE-FFPP-01060","name":"Sample Diner 1060","address":"3840 Invented Road, San Diego, CA 92111","facility_type":"restaurant","council_district":7,"last_visit":{"date":"2026-06-11","type":"routine"},"grade":{"grade":"A","score":98,"date":"2026-06-11","replaced":null,"open_closure":null},"flags":[],"points":2}},{"type":"Feature","geometry":{"type":"Point","coordinates":[-117.089493,32.759791]},"properties":{"facility_id":"SAMPLE-FFPP-01061","name":"Sample Coffee Bar 1061","address":"874 Sample Row, San Diego, CA 92105","facility_type":"limited","council_district":9,"last_visit":{"date":"2026-08-10","type":"routine"},"grade":{"grade":"A","score":98,"date":"2026-08-10","replaced":null,"open_closure":null},"flags":[]}},{"type":"Feature","geometry":{"type":"Point","coordinates":[-117.038408,32.699871]},"properties":{"facility_id":"SAMPLE-FFPP-01062","name":"Sample Market 1062","address":"3569 Fictional Boulevard, San Diego, CA 92114","facility_type":"market","council_district":4,"last_visit":{"date":"2026-05-14","type":"reinspection"},"grade":{"grade":"A","score":96,"date":"2026-05-07","replaced":null,"open_closure":null},"flags":["major","closed","supplier"]}},{"type":"Feature","geometry":{"type":"Point","coordinates":[-117.206681,32.788733]},"properties":{"facility_id":"SAMPLE-FFPP-01063","name":"Sample Diner 1063","address":"8712 Pretend Place, San Diego, CA 92110","facility_type":"restaurant","council_district":2,"last_visit":{"date":"2026-05-27","type":"complaint"},"grade":{"grade":"A","score":100,"date":"2026-01-19","replaced":null,"open_closure":null},"flags":[],"points":0}},{"type":"Feature","geometry":{"type":"Point","coordinates":[-117.107446,32.963959]},"properties":{"facility_id":"SAMPLE-FFPP-01064","name":"Sample Cantina 1064","address":"7966 Sample Row, San Diego, CA 92129","facility_type":"restaurant","council_district":5,"last_visit":{"date":"2026-07-16","type":"routine"},"grade":{"grade":"A","score":98,"date":"2026-07-16","replaced":null,"open_closure":null},"flags":[],"points":2}},{"type":"Feature","geometry":{"type":"Point","coordinates":[-117.082118,32.771499]},"properties":{"facility_id":"SAMPLE-FFPP-01065","name":"Sample Cafe 1065","address":"9203 Specimen Way, San Diego, CA 92115","facility_type":"restaurant","council_district":9,"last_visit":{"date":"2026-02-28","type":"routine"},"grade":{"grade":"A","score":96,"date":"2026-02-28","replaced":null,"open_closure":null},"flags":["major","major_2","sanitizing"],"band":"2","points":13}},{"type":"Feature","geometry":{"type":"Point","coordinates":[-117.146716,32.832605]},"properties":{"facility_id":"SAMPLE-FFPP-01066","name":"Sample Taqueria 1066","address":"1437 Testing Terrace, San Diego, CA 92111","facility_type":"restaurant","council_district":6,"last_visit":{"date":"2026-02-24","type":"routine"},"grade":{"grade":"A","score":100,"date":"2026-02-24","replaced":null,"open_closure":null},"flags":[],"points":1}},{"type":"Feature","geometry":{"type":"Point","coordinates":[-117.150587,32.691401]},"properties":{"facility_id":"SAMPLE-FFPP-01067","name":"Sample Cantina 1067","address":"4531 Fictional Boulevard, San Diego, CA 92113","facility_type":"restaurant","council_district":8,"last_visit":{"date":"2025-08-01","type":"routine"},"grade":{"grade":"A","score":98,"date":"2025-08-01","replaced":null,"open_closure":null},"flags":[]}},{"type":"Feature","geometry":{"type":"Point","coordinates":[-117.091459,32.91735]},"properties":{"facility_id":"SAMPLE-FFPP-01068","name":"Sample Pho House 1068","address":"8694 Sample Row, San Diego, CA 92131","facility_type":"restaurant","council_district":5,"last_visit":{"date":"2026-06-27","type":"routine"},"grade":{"grade":"A","score":99,"date":"2026-06-27","replaced":null,"open_closure":null},"flags":[],"points":3}},{"type":"Feature","geometry":{"type":"Point","coordinates":[-117.231752,32.936812]},"properties":{"facility_id":"SAMPLE-FFPP-01069","name":"Sample Cantina 1069","address":"8427 Example Avenue, San Diego, CA 92130","facility_type":"restaurant","council_district":1,"last_visit":{"date":"2025-11-02","type":"complaint"},"grade":{"grade":"A","score":96,"date":"2025-07-24","replaced":null,"open_closure":null},"flags":[]}},{"type":"Feature","geometry":{"type":"Point","coordinates":[-117.155489,32.828097]},"properties":{"facility_id":"SAMPLE-FFPP-01070","name":"Sample Noodle House 1070","address":"7914 Pretend Place, San Diego, CA 92111","facility_type":"restaurant","council_district":6,"last_visit":{"date":"2026-06-03","type":"complaint"},"grade":{"grade":"A","score":91,"date":"2026-01-01","replaced":null,"open_closure":null},"flags":["major","major_2","temperature","vermin"],"band":"2","points":13}},{"type":"Feature","geometry":{"type":"Point","coordinates":[-117.078013,33.018644]},"properties":{"facility_id":"SAMPLE-FFPP-01071","name":"Sample Cafe 1071","address":"7334 Placeholder Street, San Diego, CA 92128","facility_type":"restaurant","council_district":5,"last_visit":{"date":"2026-05-02","type":"routine"},"grade":{"grade":"A","score":100,"date":"2026-05-02","replaced":null,"open_closure":null},"flags":[],"points":0}},{"type":"Feature","geometry":{"type":"Point","coordinates":[-117.168337,32.712994]},"properties":{"facility_id":"SAMPLE-FFPP-01072","name":"Sample Noodle House 1072","address":"3524 Demo Court, San Diego, CA 92101","facility_type":"restaurant","council_district":3,"last_visit":{"date":"2026-01-08","type":"routine"},"grade":{"grade":"A","score":99,"date":"2026-01-08","replaced":null,"open_closure":null},"flags":[],"points":1}},{"type":"Feature","geometry":{"type":"Point","coordinates":[-117.074494,32.766366]},"properties":{"facility_id":"SAMPLE-FFPP-01073","name":"Sample Carniceria 1073","address":"3760 Example Avenue, San Diego, CA 92115","facility_type":"market","council_district":9,"last_visit":{"date":"2026-02-26","type":"routine"},"grade":{"grade":"A","score":98,"date":"2026-02-26","replaced":null,"open_closure":null},"flags":[]}},{"type":"Feature","geometry":{"type":"Point","coordinates":[-117.037079,32.70096]},"properties":{"facility_id":"SAMPLE-FFPP-01074","name":"Sample Cantina 1074","address":"891 Demo Court, San Diego, CA 92114","facility_type":"restaurant","council_district":4,"last_visit":{"date":"2026-02-12","type":"routine"},"grade":{"grade":"A","score":98,"date":"2026-02-12","replaced":null,"open_closure":null},"flags":[],"points":2}},{"type":"Feature","geometry":{"type":"Point","coordinates":[-117.127842,32.733285]},"properties":{"facility_id":"SAMPLE-FFPP-01075","name":"Sample Noodle House 1075","address":"8640 Demo Court, San Diego, CA 92104","facility_type":"restaurant","council_district":3,"last_visit":{"date":"2026-08-21","type":"routine"},"grade":{"grade":"A","score":96,"date":"2026-08-21","replaced":null,"open_closure":null},"flags":["major","sanitizing"],"points":5}},{"type":"Feature","geometry":{"type":"Point","coordinates":[-117.125317,32.744715]},"properties":{"facility_id":"SAMPLE-FFPP-01076","name":"Sample Cantina 1076","address":"1348 Specimen Way, San Diego, CA 92104","facility_type":"restaurant","council_district":3,"last_visit":{"date":"2025-09-25","type":"routine"},"grade":{"grade":"A","score":99,"date":"2025-09-25","replaced":null,"open_closure":null},"flags":[],"points":1}},{"type":"Feature","geometry":{"type":"Point","coordinates":[-117.157232,32.818615]},"properties":{"facility_id":"SAMPLE-FFPP-01077","name":"Sample Kitchen 1077","address":"8449 Fictional Boulevard, San Diego, CA 92111","facility_type":"restaurant","council_district":6,"last_visit":{"date":"2026-06-27","type":"routine"},"grade":{"grade":"A","score":93,"date":"2026-06-27","replaced":null,"open_closure":null},"flags":["major","closed","knowledge"],"band":"2","points":24}},{"type":"Feature","geometry":{"type":"Point","coordinates":[-117.142798,32.915011]},"properties":{"facility_id":"SAMPLE-FFPP-01078","name":"Sample Carniceria 1078","address":"2984 Specimen Way, San Diego, CA 92126","facility_type":"market","council_district":6,"last_visit":{"date":"2025-09-06","type":"routine"},"grade":{"grade":"A","score":99,"date":"2025-09-06","replaced":null,"open_closure":null},"flags":[]}},{"type":"Feature","geometry":{"type":"Point","coordinates":[-117.112611,32.766317]},"properties":{"facility_id":"SAMPLE-FFPP-01079","name":"Sample Kitchen 1079","address":"8101 Placeholder Street, San Diego, CA 92116","facility_type":"restaurant","council_district":9,"last_visit":{"date":"2026-08-26","type":"followup"},"grade":{"grade":"A","score":95,"date":"2026-08-26","replaced":null,"open_closure":null},"flags":["major","closed","major_2","repeat_item","vermin"],"band":"2","points":18}},{"type":"Feature","geometry":{"type":"Point","coordinates":[-117.163406,32.715111]},"properties":{"facility_id":"SAMPLE-FFPP-01080","name":"Sample Deli Market 1080","address":"4956 Pretend Place, San Diego, CA 92101","facility_type":"market","council_district":3,"last_visit":{"date":"2026-04-29","type":"routine"},"grade":{"grade":"A","score":95,"date":"2026-04-29","replaced":null,"open_closure":null},"flags":[]}},{"type":"Feature","geometry":{"type":"Point","coordinates":[-117.125798,32.968105]},"properties":{"facility_id":"SAMPLE-FFPP-01081","name":"Sample Grill 1081","address":"1549 Testing Terrace, San Diego, CA 92129","facility_type":"restaurant","council_district":5,"last_visit":{"date":"2026-02-25","type":"routine"},"grade":{"grade":"A","score":99,"date":"2026-02-25","replaced":null,"open_closure":null},"flags":[],"points":1}},{"type":"Feature","geometry":{"type":"Point","coordinates":[-117.234324,32.939784]},"properties":{"facility_id":"SAMPLE-FFPP-01082","name":"Sample Tea House 1082","address":"3723 Mock Lane, San Diego, CA 92130","facility_type":"limited","council_district":1,"last_visit":{"date":"2026-06-09","type":"routine"},"grade":{"grade":"A","score":97,"date":"2026-06-09","replaced":null,"open_closure":null},"flags":[]}},{"type":"Feature","geometry":{"type":"Point","coordinates":[-117.128777,32.755783]},"properties":{"facility_id":"SAMPLE-FFPP-01083","name":"Sample Sushi Bar 1083","address":"995 Pretend Place, San Diego, CA 92104","facility_type":"restaurant","council_district":3,"last_visit":{"date":"2026-07-25","type":"complaint"},"grade":{"grade":"A","score":95,"date":"2026-02-17","replaced":null,"open_closure":null},"flags":[],"points":7}},{"type":"Feature","geometry":{"type":"Point","coordinates":[-117.274682,32.843738]},"properties":{"facility_id":"SAMPLE-FFPP-01084","name":"Sample Taqueria 1084","address":"5663 Mock Lane, San Diego, CA 92037","facility_type":"restaurant","council_district":1,"last_visit":{"date":"2026-07-11","type":"routine"},"grade":{"grade":"A","score":99,"date":"2026-07-11","replaced":null,"open_closure":null},"flags":[],"points":1}},{"type":"Feature","geometry":{"type":"Point","coordinates":[-117.169148,32.795529]},"properties":{"facility_id":"SAMPLE-FFPP-01085","name":"Sample Tea House 1085","address":"4484 Pretend Place, San Diego, CA 92111","facility_type":"limited","council_district":7,"last_visit":{"date":"2025-12-07","type":"routine"},"grade":{"grade":"A","score":99,"date":"2025-12-07","replaced":null,"open_closure":null},"flags":[]}},{"type":"Feature","geometry":{"type":"Point","coordinates":[-117.092944,32.905019]},"properties":{"facility_id":"SAMPLE-FFPP-01086","name":"Sample Diner 1086","address":"4343 Sample Row, San Diego, CA 92131","facility_type":"restaurant","council_district":5,"last_visit":{"date":"2025-08-25","type":"routine"},"grade":{"grade":"A","score":98,"date":"2025-08-25","replaced":null,"open_closure":null},"flags":[]}},{"type":"Feature","geometry":{"type":"Point","coordinates":[-117.159131,32.840146]},"properties":{"facility_id":"SAMPLE-FFPP-01087","name":"Sample Noodle House 1087","address":"4273 Placeholder Street, San Diego, CA 92111","facility_type":"restaurant","council_district":6,"last_visit":{"date":"2026-07-27","type":"reinspection"},"grade":{"grade":"A","score":90,"date":"2026-07-27","replaced":null,"open_closure":null},"flags":["major","major_2","water"],"band":"3","points":8}},{"type":"Feature","geometry":{"type":"Point","coordinates":[-117.200671,32.818459]},"properties":{"facility_id":"SAMPLE-FFPP-01088","name":"Sample Cafe 1088","address":"7274 Demo Court, San Diego, CA 92117","facility_type":"restaurant","council_district":2,"last_visit":{"date":"2025-12-29","type":"routine"},"grade":{"grade":"A","score":98,"date":"2025-12-29","replaced":null,"open_closure":null},"flags":[],"points":2}},{"type":"Feature","geometry":{"type":"Point","coordinates":[-117.149074,32.77047]},"properties":{"facility_id":"SAMPLE-FFPP-01089","name":"Sample Taqueria 1089","address":"5643 Testing Terrace, San Diego, CA 92108","facility_type":"restaurant","council_district":7,"last_visit":{"date":"2026-04-13","type":"complaint"},"grade":{"grade":"A","score":94,"date":"2026-01-27","replaced":null,"open_closure":null},"flags":[],"band":"3","points":10}},{"type":"Feature","geometry":{"type":"Point","coordinates":[-117.192046,32.811417]},"properties":{"facility_id":"SAMPLE-FFPP-01090","name":"Sample Sushi Bar 1090","address":"7915 Testing Terrace, San Diego, CA 92117","facility_type":"restaurant","council_district":2,"last_visit":{"date":"2026-08-23","type":"routine"},"grade":{"grade":"A","score":94,"date":"2026-08-23","replaced":null,"open_closure":null},"flags":["major","hands"],"band":"3","points":9}},{"type":"Feature","geometry":{"type":"Point","coordinates":[-117.044384,32.680145]},"properties":{"facility_id":"SAMPLE-FFPP-01091","name":"Sample Pho House 1091","address":"409 Testing Terrace, San Diego, CA 92139","facility_type":"restaurant","council_district":4,"last_visit":{"date":"2026-07-11","type":"routine"},"grade":{"grade":"A","score":98,"date":"2026-07-11","replaced":null,"open_closure":null},"flags":[],"points":1}},{"type":"Feature","geometry":{"type":"Point","coordinates":[-117.174879,32.716153]},"properties":{"facility_id":"SAMPLE-FFPP-01092","name":"Sample Cantina 1092","address":"6777 Pretend Place, San Diego, CA 92101","facility_type":"restaurant","council_district":3,"last_visit":{"date":"2026-08-27","type":"followup"},"grade":{"grade":"B","score":88,"date":"2026-08-27","replaced":null,"open_closure":null},"flags":["major","closed","sanitizing"],"band":"2","points":16}},{"type":"Feature","geometry":{"type":"Point","coordinates":[-117.146108,32.824258]},"properties":{"facility_id":"SAMPLE-FFPP-01093","name":"Sample Pho House 1093","address":"2250 Fictional Boulevard, San Diego, CA 92111","facility_type":"restaurant","council_district":6,"last_visit":{"date":"2026-07-10","type":"routine"},"grade":{"grade":"A","score":90,"date":"2026-07-10","replaced":null,"open_closure":null},"flags":["major","temperature"],"band":"3","points":12}},{"type":"Feature","geometry":{"type":"Point","coordinates":[-117.021742,32.562838]},"properties":{"facility_id":"SAMPLE-FFPP-01094","name":"Sample Diner 1094","address":"8366 Example Avenue, San Diego, CA 92173","facility_type":"restaurant","council_district":8,"last_visit":{"date":"2025-10-02","type":"reinspection"},"grade":{"grade":"A","score":92,"date":"2025-10-02","replaced":null,"open_closure":null},"flags":["major","handsink"],"band":"3","points":10}},{"type":"Feature","geometry":{"type":"Point","coordinates":[-117.114788,32.965075]},"properties":{"facility_id":"SAMPLE-FFPP-01095","name":"Sample Pho House 1095","address":"4570 Invented Road, San Diego, CA 92129","facility_type":"restaurant","council_district":5,"last_visit":{"date":"2026-06-28","type":"routine"},"grade":{"grade":"A","score":97,"date":"2026-06-28","replaced":null,"open_closure":null},"flags":[],"points":5}},{"type":"Feature","geometry":{"type":"Point","coordinates":[-117.086683,32.910575]},"properties":{"facility_id":"SAMPLE-FFPP-01096","name":"Sample Cantina 1096","address":"4575 Placeholder Street, San Diego, CA 92131","facility_type":"restaurant","council_district":5,"last_visit":{"date":"2026-05-08","type":"routine"},"grade":{"grade":"A","score":100,"date":"2026-05-08","replaced":null,"open_closure":null},"flags":[],"points":0}},{"type":"Feature","geometry":{"type":"Point","coordinates":[-117.109861,32.961653]},"properties":{"facility_id":"SAMPLE-FFPP-01097","name":"Sample Kitchen 1097","address":"1011 Specimen Way, San Diego, CA 92129","facility_type":"restaurant","council_district":5,"last_visit":{"date":"2025-10-28","type":"routine"},"grade":{"grade":"A","score":97,"date":"2025-10-28","replaced":null,"open_closure":null},"flags":[],"points":3}},{"type":"Feature","geometry":{"type":"Point","coordinates":[-117.220498,32.72777]},"properties":{"facility_id":"SAMPLE-FFPP-01098","name":"Sample Pizzeria 1098","address":"3375 Example Avenue, San Diego, CA 92106","facility_type":"restaurant","council_district":2,"last_visit":{"date":"2025-12-05","type":"routine"},"grade":{"grade":"A","score":96,"date":"2025-12-05","replaced":null,"open_closure":null},"flags":[],"points":6}},{"type":"Feature","geometry":{"type":"Point","coordinates":[-117.151732,32.817143]},"properties":{"facility_id":"SAMPLE-FFPP-01099","name":"Sample Coffee Bar 1099","address":"6459 Specimen Way, San Diego, CA 92111","facility_type":"limited","council_district":6,"last_visit":{"date":"2025-11-11","type":"routine"},"grade":{"grade":"A","score":96,"date":"2025-11-11","replaced":null,"open_closure":null},"flags":[]}},{"type":"Feature","geometry":{"type":"Point","coordinates":[-117.117967,32.964052]},"properties":{"facility_id":"SAMPLE-FFPP-01100","name":"Sample Tea House 1100","address":"4666 Sample Row, San Diego, CA 92129","facility_type":"limited","council_district":5,"last_visit":{"date":"2026-08-06","type":"complaint"},"grade":{"grade":"A","score":96,"date":"2026-04-23","replaced":null,"open_closure":null},"flags":[]}},{"type":"Feature","geometry":{"type":"Point","coordinates":[-117.21291,32.864395]},"properties":{"facility_id":"SAMPLE-FFPP-01101","name":"Sample Pizzeria 1101","address":"5031 Mock Lane, San Diego, CA 92122","facility_type":"restaurant","council_district":1,"last_visit":{"date":"2026-01-20","type":"routine"},"grade":{"grade":"A","score":100,"date":"2026-01-20","replaced":null,"open_closure":null},"flags":[],"points":0}},{"type":"Feature","geometry":{"type":"Point","coordinates":[-117.242946,32.739302]},"properties":{"facility_id":"SAMPLE-FFPP-01102","name":"Sample Pho House 1102","address":"6864 Sample Row, San Diego, CA 92106","facility_type":"restaurant","council_district":2,"last_visit":{"date":"2025-10-17","type":"routine"},"grade":{"grade":"A","score":99,"date":"2025-10-17","replaced":null,"open_closure":null},"flags":[],"points":1}},{"type":"Feature","geometry":{"type":"Point","coordinates":[-117.130528,32.741661]},"properties":{"facility_id":"SAMPLE-FFPP-01103","name":"Sample Cafe 1103","address":"6928 Testing Terrace, San Diego, CA 92104","facility_type":"restaurant","council_district":3,"last_visit":{"date":"2025-10-22","type":"routine"},"grade":{"grade":"A","score":98,"date":"2025-10-22","replaced":null,"open_closure":null},"flags":[],"points":2}},{"type":"Feature","geometry":{"type":"Point","coordinates":[-117.153129,32.822802]},"properties":{"facility_id":"SAMPLE-FFPP-01104","name":"Sample Noodle House 1104","address":"7789 Mock Lane, San Diego, CA 92111","facility_type":"restaurant","council_district":6,"last_visit":{"date":"2026-05-09","type":"routine"},"grade":{"grade":"A","score":96,"date":"2026-05-09","replaced":null,"open_closure":null},"flags":[],"points":4}},{"type":"Feature","geometry":{"type":"Point","coordinates":[-117.249231,32.789301]},"properties":{"facility_id":"SAMPLE-FFPP-01105","name":"Sample Noodle House 1105","address":"1800 Pretend Place, San Diego, CA 92109","facility_type":"restaurant","council_district":2,"last_visit":{"date":"2026-05-11","type":"routine"},"grade":{"grade":"A","score":97,"date":"2026-05-11","replaced":null,"open_closure":null},"flags":[],"points":3}},{"type":"Feature","geometry":{"type":"Point","coordinates":[-117.128217,32.836219]},"properties":{"facility_id":"SAMPLE-FFPP-01106","name":"Sample Diner 1106","address":"4375 Specimen Way, San Diego, CA 92123","facility_type":"restaurant","council_district":6,"last_visit":{"date":"2025-11-06","type":"routine"},"grade":{"grade":"A","score":96,"date":"2025-11-06","replaced":null,"open_closure":null},"flags":["major","temperature"],"points":6}},{"type":"Feature","geometry":{"type":"Point","coordinates":[-117.155773,32.833812]},"properties":{"facility_id":"SAMPLE-FFPP-01107","name":"Sample Cafe 1107","address":"392 Example Avenue, San Diego, CA 92111","facility_type":"restaurant","council_district":6,"last_visit":{"date":"2026-08-21","type":"routine"},"grade":{"grade":"A","score":98,"date":"2026-08-21","replaced":null,"open_closure":null},"flags":[],"points":4}},{"type":"Feature","geometry":{"type":"Point","coordinates":[-117.068218,32.767042]},"properties":{"facility_id":"SAMPLE-FFPP-01108","name":"Sample Grill 1108","address":"2930 Example Avenue, San Diego, CA 92115","facility_type":"restaurant","council_district":9,"last_visit":{"date":"2026-05-09","type":"routine"},"grade":{"grade":"A","score":96,"date":"2026-05-09","replaced":null,"open_closure":null},"flags":[],"points":4}},{"type":"Feature","geometry":{"type":"Point","coordinates":[-117.283111,32.837721]},"properties":{"facility_id":"SAMPLE-FFPP-01109","name":"Sample Sushi Bar 1109","address":"8765 Placeholder Street, San Diego, CA 92037","facility_type":"restaurant","council_district":1,"last_visit":{"date":"2026-07-04","type":"routine"},"grade":{"grade":"A","score":97,"date":"2026-07-04","replaced":null,"open_closure":null},"flags":[],"points":3}},{"type":"Feature","geometry":{"type":"Point","coordinates":[-117.22016,32.866326]},"properties":{"facility_id":"SAMPLE-FFPP-01110","name":"Sample Pho House 1110","address":"5421 Testing Terrace, San Diego, CA 92122","facility_type":"restaurant","council_district":1,"last_visit":{"date":"2026-05-05","type":"routine"},"grade":{"grade":"A","score":98,"date":"2026-05-05","replaced":null,"open_closure":null},"flags":[],"points":1}},{"type":"Feature","geometry":{"type":"Point","coordinates":[-117.15705,32.771412]},"properties":{"facility_id":"SAMPLE-FFPP-01111","name":"Sample Sushi Bar 1111","address":"9181 Placeholder Street, San Diego, CA 92108","facility_type":"restaurant","council_district":7,"last_visit":{"date":"2026-05-19","type":"routine"},"grade":{"grade":"A","score":96,"date":"2026-05-19","replaced":null,"open_closure":null},"flags":[],"points":4}},{"type":"Feature","geometry":{"type":"Point","coordinates":[-117.257596,32.792209]},"properties":{"facility_id":"SAMPLE-FFPP-01112","name":"Sample Cafe 1112","address":"818 Pretend Place, San Diego, CA 92109","facility_type":"restaurant","council_district":2,"last_visit":{"date":"2026-02-21","type":"routine"},"grade":{"grade":"A","score":97,"date":"2026-02-21","replaced":null,"open_closure":null},"flags":[],"points":3}},{"type":"Feature","geometry":{"type":"Point","coordinates":[-117.235986,32.743389]},"properties":{"facility_id":"SAMPLE-FFPP-01113","name":"Sample Taqueria 1113","address":"5814 Mock Lane, San Diego, CA 92106","facility_type":"restaurant","council_district":2,"last_visit":{"date":"2025-07-04","type":"routine"},"grade":{"grade":"A","score":96,"date":"2025-07-04","replaced":null,"open_closure":null},"flags":[]}},{"type":"Feature","geometry":{"type":"Point","coordinates":[-117.040779,32.552628]},"properties":{"facility_id":"SAMPLE-FFPP-01114","name":"Sample Noodle House 1114","address":"5965 Mock Lane, San Diego, CA 92173","facility_type":"restaurant","council_district":8,"last_visit":{"date":"2026-06-07","type":"routine"},"grade":{"grade":"A","score":96,"date":"2026-06-07","replaced":null,"open_closure":null},"flags":[],"points":4}},{"type":"Feature","geometry":{"type":"Point","coordinates":[-117.129312,32.69794]},"properties":{"facility_id":"SAMPLE-FFPP-01115","name":"Sample Diner 1115","address":"5995 Demo Court, San Diego, CA 92113","facility_type":"restaurant","council_district":8,"last_visit":{"date":"2026-03-05","type":"routine"},"grade":{"grade":"A","score":94,"date":"2026-03-05","replaced":null,"open_closure":null},"flags":[],"band":"3","points":8}},{"type":"Feature","geometry":{"type":"Point","coordinates":[-117.14504,32.839844]},"properties":{"facility_id":"SAMPLE-FFPP-01116","name":"Sample Juice Bar 1116","address":"6315 Fictional Boulevard, San Diego, CA 92123","facility_type":"limited","council_district":6,"last_visit":{"date":"2026-04-25","type":"routine"},"grade":{"grade":"A","score":98,"date":"2026-04-25","replaced":null,"open_closure":null},"flags":[]}},{"type":"Feature","geometry":{"type":"Point","coordinates":[-117.155497,32.826801]},"properties":{"facility_id":"SAMPLE-FFPP-01117","name":"Sample Sushi Bar 1117","address":"6896 Placeholder Street, San Diego, CA 92111","facility_type":"restaurant","council_district":6,"last_visit":{"date":"2025-09-29","type":"routine"},"grade":{"grade":"A","score":98,"date":"2025-09-29","replaced":null,"open_closure":null},"flags":[],"points":2}},{"type":"Feature","geometry":{"type":"Point","coordinates":[-117.107655,32.751961]},"properties":{"facility_id":"SAMPLE-FFPP-01118","name":"Sample Kitchen 1118","address":"6525 Pretend Place, San Diego, CA 92105","facility_type":"restaurant","council_district":9,"last_visit":{"date":"2026-06-18","type":"routine"},"grade":{"grade":"A","score":98,"date":"2026-06-18","replaced":null,"open_closure":null},"flags":[],"points":2}},{"type":"Feature","geometry":{"type":"Point","coordinates":[-117.082467,32.774398]},"properties":{"facility_id":"SAMPLE-FFPP-01119","name":"Sample Diner 1119","address":"3415 Invented Road, San Diego, CA 92115","facility_type":"restaurant","council_district":9,"last_visit":{"date":"2025-11-25","type":"routine"},"grade":{"grade":"A","score":99,"date":"2025-11-25","replaced":null,"open_closure":null},"flags":[],"points":1}},{"type":"Feature","geometry":{"type":"Point","coordinates":[-117.050003,32.709009]},"properties":{"facility_id":"SAMPLE-FFPP-01120","name":"Sample Taqueria 1120","address":"8487 Fictional Boulevard, San Diego, CA 92114","facility_type":"restaurant","council_district":4,"last_visit":{"date":"2026-06-28","type":"followup"},"grade":{"grade":"A","score":95,"date":"2026-06-28","replaced":{"grade":"B","score":88,"date":"2026-06-08"},"open_closure":null},"flags":["major","bc","handsink","temperature"],"band":"2","points":14}},{"type":"Feature","geometry":{"type":"Point","coordinates":[-117.259902,32.795505]},"properties":{"facility_id":"SAMPLE-FFPP-01121","name":"Sample Market 1121","address":"9239 Pretend Place, San Diego, CA 92109","facility_type":"market","council_district":2,"last_visit":{"date":"2026-02-27","type":"routine"},"grade":{"grade":"A","score":98,"date":"2026-02-27","replaced":null,"open_closure":null},"flags":[]}},{"type":"Feature","geometry":{"type":"Point","coordinates":[-117.152883,32.737886]},"properties":{"facility_id":"SAMPLE-FFPP-01122","name":"Sample Taqueria 1122","address":"8729 Demo Court, San Diego, CA 92103","facility_type":"restaurant","council_district":3,"last_visit":{"date":"2025-12-25","type":"routine"},"grade":{"grade":"A","score":96,"date":"2025-12-25","replaced":null,"open_closure":null},"flags":[],"points":6}},{"type":"Feature","geometry":{"type":"Point","coordinates":[-117.077307,32.779275]},"properties":{"facility_id":"SAMPLE-FFPP-01123","name":"Sample Noodle House 1123","address":"5222 Invented Road, San Diego, CA 92115","facility_type":"restaurant","council_district":9,"last_visit":{"date":"2026-04-25","type":"followup"},"grade":{"grade":"A","score":96,"date":"2026-04-25","replaced":{"grade":"B","score":88,"date":"2026-04-12"},"open_closure":null},"flags":["major","bc","handsink","temperature"],"band":"2","points":18}},{"type":"Feature","geometry":{"type":"Point","coordinates":[-117.149323,32.816417]},"properties":{"facility_id":"SAMPLE-FFPP-01124","name":"Sample Cafe 1124","address":"8778 Placeholder Street, San Diego, CA 92111","facility_type":"restaurant","council_district":6,"last_visit":{"date":"2025-07-02","type":"routine"},"grade":{"grade":"A","score":98,"date":"2025-07-02","replaced":null,"open_closure":null},"flags":[]}},{"type":"Feature","geometry":{"type":"Point","coordinates":[-117.016415,32.576302]},"properties":{"facility_id":"SAMPLE-FFPP-01125","name":"Sample Cafe 1125","address":"9192 Demo Court, San Diego, CA 92154","facility_type":"restaurant","council_district":8,"last_visit":{"date":"2025-10-05","type":"routine"},"grade":{"grade":"A","score":99,"date":"2025-10-05","replaced":null,"open_closure":null},"flags":[],"points":1}},{"type":"Feature","geometry":{"type":"Point","coordinates":[-117.156658,32.771889]},"properties":{"facility_id":"SAMPLE-FFPP-01126","name":"Sample Sushi Bar 1126","address":"3931 Specimen Way, San Diego, CA 92108","facility_type":"restaurant","council_district":7,"last_visit":{"date":"2026-07-22","type":"routine"},"grade":{"grade":"A","score":98,"date":"2026-07-22","replaced":null,"open_closure":null},"flags":[],"points":1}},{"type":"Feature","geometry":{"type":"Point","coordinates":[-117.233219,32.92834]},"properties":{"facility_id":"SAMPLE-FFPP-01127","name":"Sample Taqueria 1127","address":"4575 Example Avenue, San Diego, CA 92130","facility_type":"restaurant","council_district":1,"last_visit":{"date":"2026-08-31","type":"routine"},"grade":{"grade":"A","score":100,"date":"2026-08-31","replaced":null,"open_closure":null},"flags":[],"points":1}},{"type":"Feature","geometry":{"type":"Point","coordinates":[-117.284627,32.848]},"properties":{"facility_id":"SAMPLE-FFPP-01128","name":"Sample Noodle House 1128","address":"7883 Testing Terrace, San Diego, CA 92037","facility_type":"restaurant","council_district":1,"last_visit":{"date":"2026-07-28","type":"routine"},"grade":{"grade":"A","score":98,"date":"2026-07-28","replaced":null,"open_closure":null},"flags":[],"points":4}},{"type":"Feature","geometry":{"type":"Point","coordinates":[-117.246112,32.799525]},"properties":{"facility_id":"SAMPLE-FFPP-01129","name":"Sample Pho House 1129","address":"3636 Fictional Boulevard, San Diego, CA 92109","facility_type":"restaurant","council_district":2,"last_visit":{"date":"2025-10-11","type":"routine"},"grade":{"grade":"A","score":96,"date":"2025-10-11","replaced":null,"open_closure":null},"flags":[],"points":6}},{"type":"Feature","geometry":{"type":"Point","coordinates":[-117.06953,33.028032]},"properties":{"facility_id":"SAMPLE-FFPP-01130","name":"Sample Grocery 1130","address":"6467 Example Avenue, San Diego, CA 92128","facility_type":"market","council_district":5,"last_visit":{"date":"2026-07-27","type":"routine"},"grade":{"grade":"A","score":98,"date":"2026-07-27","replaced":null,"open_closure":null},"flags":[]}},{"type":"Feature","geometry":{"type":"Point","coordinates":[-117.251083,32.749816]},"properties":{"facility_id":"SAMPLE-FFPP-01131","name":"Sample Kitchen 1131","address":"8288 Testing Terrace, San Diego, CA 92107","facility_type":"restaurant","council_district":2,"last_visit":{"date":"2025-10-16","type":"routine"},"grade":{"grade":"A","score":97,"date":"2025-10-16","replaced":null,"open_closure":null},"flags":[],"points":3}},{"type":"Feature","geometry":{"type":"Point","coordinates":[-117.053433,32.676907]},"properties":{"facility_id":"SAMPLE-FFPP-01132","name":"Sample Coffee Bar 1132","address":"3451 Placeholder Street, San Diego, CA 92139","facility_type":"limited","council_district":4,"last_visit":{"date":"2026-01-04","type":"routine"},"grade":{"grade":"A","score":100,"date":"2026-01-04","replaced":null,"open_closure":null},"flags":[]}},{"type":"Feature","geometry":{"type":"Point","coordinates":[-117.234911,32.732798]},"properties":{"facility_id":"SAMPLE-FFPP-01133","name":"Sample Grill 1133","address":"1441 Sample Row, San Diego, CA 92106","facility_type":"restaurant","council_district":2,"last_visit":{"date":"2025-12-17","type":"routine"},"grade":{"grade":"A","score":98,"date":"2025-12-17","replaced":null,"open_closure":null},"flags":[],"points":4}},{"type":"Feature","geometry":{"type":"Point","coordinates":[-117.042634,32.688776]},"properties":{"facility_id":"SAMPLE-FFPP-01134","name":"Sample Noodle House 1134","address":"4648 Pretend Place, San Diego, CA 92139","facility_type":"restaurant","council_district":4,"last_visit":{"date":"2026-06-26","type":"routine"},"grade":{"grade":"A","score":98,"date":"2026-06-26","replaced":null,"open_closure":null},"flags":[],"points":2}},{"type":"Feature","geometry":{"type":"Point","coordinates":[-117.105759,32.757888]},"properties":{"facility_id":"SAMPLE-FFPP-01135","name":"Sample Grill 1135","address":"3251 Testing Terrace, San Diego, CA 92105","facility_type":"restaurant","council_district":9,"last_visit":{"date":"2026-04-08","type":"routine"},"grade":{"grade":"A","score":97,"date":"2026-04-08","replaced":null,"open_closure":null},"flags":[],"points":2}},{"type":"Feature","geometry":{"type":"Point","coordinates":[-117.208502,32.881389]},"properties":{"facility_id":"SAMPLE-FFPP-01136","name":"Sample Diner 1136","address":"784 Pretend Place, San Diego, CA 92122","facility_type":"restaurant","council_district":1,"last_visit":{"date":"2025-10-22","type":"routine"},"grade":{"grade":"A","score":98,"date":"2025-10-22","replaced":null,"open_closure":null},"flags":[],"points":2}},{"type":"Feature","geometry":{"type":"Point","coordinates":[-117.142118,32.840944]},"properties":{"facility_id":"SAMPLE-FFPP-01137","name":"Sample Cafe 1137","address":"2665 Specimen Way, San Diego, CA 92123","facility_type":"restaurant","council_district":6,"last_visit":{"date":"2026-03-29","type":"routine"},"grade":{"grade":"A","score":98,"date":"2026-03-29","replaced":null,"open_closure":null},"flags":[],"points":2}},{"type":"Feature","geometry":{"type":"Point","coordinates":[-117.124754,32.750389]},"properties":{"facility_id":"SAMPLE-FFPP-01138","name":"Sample Cafe 1138","address":"4393 Fictional Boulevard, San Diego, CA 92104","facility_type":"restaurant","council_district":3,"last_visit":{"date":"2026-04-19","type":"routine"},"grade":{"grade":"A","score":100,"date":"2026-04-19","replaced":null,"open_closure":null},"flags":[],"points":0}},{"type":"Feature","geometry":{"type":"Point","coordinates":[-117.034722,32.698196]},"properties":{"facility_id":"SAMPLE-FFPP-01139","name":"Sample Cafe 1139","address":"396 Testing Terrace, San Diego, CA 92114","facility_type":"restaurant","council_district":4,"last_visit":{"date":"2026-03-25","type":"reinspection"},"grade":{"grade":"A","score":94,"date":"2026-03-21","replaced":null,"open_closure":null},"flags":["major","temperature"],"band":"3","points":9}},{"type":"Feature","geometry":{"type":"Point","coordinates":[-117.08547,32.915646]},"properties":{"facility_id":"SAMPLE-FFPP-01140","name":"Sample Coffee Bar 1140","address":"8389 Placeholder Street, San Diego, CA 92131","facility_type":"limited","council_district":5,"last_visit":{"date":"2026-06-06","type":"routine"},"grade":{"grade":"A","score":100,"date":"2026-06-06","replaced":null,"open_closure":null},"flags":[]}},{"type":"Feature","geometry":{"type":"Point","coordinates":[-117.147426,32.70162]},"properties":{"facility_id":"SAMPLE-FFPP-01141","name":"Sample Pizzeria 1141","address":"2544 Testing Terrace, San Diego, CA 92101","facility_type":"restaurant","council_district":3,"last_visit":{"date":"2025-11-20","type":"routine"},"grade":{"grade":"A","score":97,"date":"2025-11-20","replaced":null,"open_closure":null},"flags":[],"points":3}},{"type":"Feature","geometry":{"type":"Point","coordinates":[-117.254311,32.798136]},"properties":{"facility_id":"SAMPLE-FFPP-01142","name":"Sample Grill 1142","address":"9144 Testing Terrace, San Diego, CA 92109","facility_type":"restaurant","council_district":2,"last_visit":{"date":"2025-10-31","type":"routine"},"grade":{"grade":"A","score":99,"date":"2025-10-31","replaced":null,"open_closure":null},"flags":[],"points":1}},{"type":"Feature","geometry":{"type":"Point","coordinates":[-117.133573,32.82383]},"properties":{"facility_id":"SAMPLE-FFPP-01143","name":"Sample Pizzeria 1143","address":"5224 Specimen Way, San Diego, CA 92123","facility_type":"restaurant","council_district":6,"last_visit":{"date":"2026-08-02","type":"complaint"},"grade":{"grade":"A","score":98,"date":"2026-06-17","replaced":null,"open_closure":null},"flags":[],"points":2}},{"type":"Feature","geometry":{"type":"Point","coordinates":[-117.127191,32.768458]},"properties":{"facility_id":"SAMPLE-FFPP-01144","name":"Sample Cantina 1144","address":"2271 Sample Row, San Diego, CA 92116","facility_type":"restaurant","council_district":9,"last_visit":{"date":"2026-04-22","type":"routine"},"grade":{"grade":"A","score":98,"date":"2026-04-22","replaced":null,"open_closure":null},"flags":[],"points":2}},{"type":"Feature","geometry":{"type":"Point","coordinates":[-117.108416,32.819009]},"properties":{"facility_id":"SAMPLE-FFPP-01145","name":"Sample Deli Market 1145","address":"5186 Invented Road, San Diego, CA 92124","facility_type":"market","council_district":7,"last_visit":{"date":"2026-03-05","type":"routine"},"grade":{"grade":"A","score":98,"date":"2026-03-05","replaced":null,"open_closure":null},"flags":[]}},{"type":"Feature","geometry":{"type":"Point","coordinates":[-117.150248,32.831199]},"properties":{"facility_id":"SAMPLE-FFPP-01146","name":"Sample Cantina 1146","address":"7605 Fictional Boulevard, San Diego, CA 92111","facility_type":"restaurant","council_district":6,"last_visit":{"date":"2026-05-31","type":"routine"},"grade":{"grade":"A","score":96,"date":"2026-05-31","replaced":null,"open_closure":null},"flags":[],"points":4}},{"type":"Feature","geometry":{"type":"Point","coordinates":[-117.164984,32.717065]},"properties":{"facility_id":"SAMPLE-FFPP-01147","name":"Sample Grill 1147","address":"7344 Testing Terrace, San Diego, CA 92101","facility_type":"restaurant","council_district":3,"last_visit":{"date":"2025-11-11","type":"routine"},"grade":{"grade":"A","score":98,"date":"2025-11-11","replaced":null,"open_closure":null},"flags":[],"points":2}},{"type":"Feature","geometry":{"type":"Point","coordinates":[-117.096021,32.7508]},"properties":{"facility_id":"SAMPLE-FFPP-01148","name":"Sample Kitchen 1148","address":"2811 Testing Terrace, San Diego, CA 92105","facility_type":"restaurant","council_district":9,"last_visit":{"date":"2026-06-15","type":"routine"},"grade":{"grade":"A","score":98,"date":"2026-06-15","replaced":null,"open_closure":null},"flags":[],"points":4}},{"type":"Feature","geometry":{"type":"Point","coordinates":[-117.098255,32.746627]},"properties":{"facility_id":"SAMPLE-FFPP-01149","name":"Sample Kitchen 1149","address":"8535 Placeholder Street, San Diego, CA 92105","facility_type":"restaurant","council_district":9,"last_visit":{"date":"2025-10-16","type":"routine"},"grade":{"grade":"A","score":98,"date":"2025-10-16","replaced":null,"open_closure":null},"flags":[],"points":2}},{"type":"Feature","geometry":{"type":"Point","coordinates":[-117.274767,32.850095]},"properties":{"facility_id":"SAMPLE-FFPP-01150","name":"Sample Pizzeria 1150","address":"5237 Placeholder Street, San Diego, CA 92037","facility_type":"restaurant","council_district":1,"last_visit":{"date":"2025-08-15","type":"routine"},"grade":{"grade":"A","score":99,"date":"2025-08-15","replaced":null,"open_closure":null},"flags":[]}},{"type":"Feature","geometry":{"type":"Point","coordinates":[-117.100002,32.736607]},"properties":{"facility_id":"SAMPLE-FFPP-01151","name":"Sample Kitchen 1151","address":"3706 Invented Road, San Diego, CA 92105","facility_type":"restaurant","council_district":9,"last_visit":{"date":"2026-05-06","type":"routine"},"grade":{"grade":"A","score":93,"date":"2026-05-06","replaced":null,"open_closure":{"date":"2026-05-06","reason":"permit","later_ungraded":[],"status":"Ordered Closed"}},"flags":["major","handsink"],"points":6}},{"type":"Feature","geometry":{"type":"Point","coordinates":[-117.106192,32.90259]},"properties":{"facility_id":"SAMPLE-FFPP-01152","name":"Sample Sushi Bar 1152","address":"2392 Sample Row, San Diego, CA 92131","facility_type":"restaurant","council_district":5,"last_visit":{"date":"2026-01-02","type":"routine"},"grade":{"grade":"A","score":98,"date":"2026-01-02","replaced":null,"open_closure":null},"flags":[],"points":2}},{"type":"Feature","geometry":{"type":"Point","coordinates":[-117.162232,32.716991]},"properties":{"facility_id":"SAMPLE-FFPP-01153","name":"Sample Noodle House 1153","address":"5110 Placeholder Street, San Diego, CA 92101","facility_type":"restaurant","council_district":3,"last_visit":{"date":"2025-07-31","type":"routine"},"grade":{"grade":"A","score":93,"date":"2025-07-31","replaced":null,"open_closure":null},"flags":[]}},{"type":"Feature","geometry":{"type":"Point","coordinates":[-117.093037,32.90719]},"properties":{"facility_id":"SAMPLE-FFPP-01154","name":"Sample Noodle House 1154","address":"6314 Pretend Place, San Diego, CA 92131","facility_type":"restaurant","council_district":5,"last_visit":{"date":"2025-10-26","type":"reinspection"},"grade":{"grade":"A","score":91,"date":"2025-10-26","replaced":null,"open_closure":null},"flags":["major","handsink"],"band":"2","points":13}},{"type":"Feature","geometry":{"type":"Point","coordinates":[-117.170977,32.720224]},"properties":{"facility_id":"SAMPLE-FFPP-01155","name":"Sample Pizzeria 1155","address":"3456 Placeholder Street, San Diego, CA 92101","facility_type":"restaurant","council_district":3,"last_visit":{"date":"2026-02-06","type":"routine"},"grade":{"grade":"A","score":98,"date":"2026-02-06","replaced":null,"open_closure":null},"flags":[],"points":2}},{"type":"Feature","geometry":{"type":"Point","coordinates":[-117.254678,32.802859]},"properties":{"facility_id":"SAMPLE-FFPP-01156","name":"Sample Taqueria 1156","address":"2427 Invented Road, San Diego, CA 92109","facility_type":"restaurant","council_district":2,"last_visit":{"date":"2026-04-25","type":"routine"},"grade":{"grade":"A","score":99,"date":"2026-04-25","replaced":null,"open_closure":null},"flags":[],"points":1}},{"type":"Feature","geometry":{"type":"Point","coordinates":[-117.090988,32.745754]},"properties":{"facility_id":"SAMPLE-FFPP-01157","name":"Sample Pho House 1157","address":"1112 Mock Lane, San Diego, CA 92105","facility_type":"restaurant","council_district":9,"last_visit":{"date":"2026-06-07","type":"routine"},"grade":{"grade":"A","score":97,"date":"2026-06-07","replaced":null,"open_closure":null},"flags":[],"points":5}},{"type":"Feature","geometry":{"type":"Point","coordinates":[-117.026272,32.563628]},"properties":{"facility_id":"SAMPLE-FFPP-01158","name":"Sample Carniceria 1158","address":"1380 Fictional Boulevard, San Diego, CA 92173","facility_type":"market","council_district":8,"last_visit":{"date":"2025-10-05","type":"routine"},"grade":{"grade":"A","score":98,"date":"2025-10-05","replaced":null,"open_closure":null},"flags":[]}},{"type":"Feature","geometry":{"type":"Point","coordinates":[-117.108057,32.75117]},"properties":{"facility_id":"SAMPLE-FFPP-01159","name":"Sample Diner 1159","address":"7176 Sample Row, San Diego, CA 92105","facility_type":"restaurant","council_district":9,"last_visit":{"date":"2026-03-24","type":"followup"},"grade":{"grade":"B","score":84,"date":"2026-03-24","replaced":{"grade":"C","score":73,"date":"2026-03-13"},"open_closure":null},"flags":["major","bc","temperature","water"],"band":"2","points":29}},{"type":"Feature","geometry":{"type":"Point","coordinates":[-117.158629,32.706954]},"properties":{"facility_id":"SAMPLE-FFPP-01160","name":"Sample Carniceria 1160","address":"9386 Fictional Boulevard, San Diego, CA 92101","facility_type":"market","council_district":3,"last_visit":{"date":"2026-04-18","type":"routine"},"grade":{"grade":"A","score":99,"date":"2026-04-18","replaced":null,"open_closure":null},"flags":[]}},{"type":"Feature","geometry":{"type":"Point","coordinates":[-117.259173,32.807251]},"properties":{"facility_id":"SAMPLE-FFPP-01161","name":"Sample Diner 1161","address":"2936 Fictional Boulevard, San Diego, CA 92109","facility_type":"restaurant","council_district":2,"last_visit":{"date":"2025-08-25","type":"routine"},"grade":{"grade":"A","score":98,"date":"2025-08-25","replaced":null,"open_closure":null},"flags":[]}},{"type":"Feature","geometry":{"type":"Point","coordinates":[-117.151818,32.829519]},"properties":{"facility_id":"SAMPLE-FFPP-01162","name":"Sample Pho House 1162","address":"134 Mock Lane, San Diego, CA 92111","facility_type":"restaurant","council_district":6,"last_visit":{"date":"2025-12-16","type":"routine"},"grade":{"grade":"A","score":94,"date":"2025-12-16","replaced":null,"open_closure":null},"flags":["major","temperature"],"band":"3","points":8}},{"type":"Feature","geometry":{"type":"Point","coordinates":[-117.208539,32.880735]},"properties":{"facility_id":"SAMPLE-FFPP-01163","name":"Sample Kitchen 1163","address":"681 Mock Lane, San Diego, CA 92122","facility_type":"restaurant","council_district":1,"last_visit":{"date":"2026-02-23","type":"routine"},"grade":{"grade":"A","score":100,"date":"2026-02-23","replaced":null,"open_closure":null},"flags":[],"points":0}},{"type":"Feature","geometry":{"type":"Point","coordinates":[-117.147175,32.83093]},"properties":{"facility_id":"SAMPLE-FFPP-01164","name":"Sample Cafe 1164","address":"6210 Invented Road, San Diego, CA 92123","facility_type":"restaurant","council_district":6,"last_visit":{"date":"2026-08-16","type":"complaint"},"grade":{"grade":"A","score":100,"date":"2026-02-24","replaced":null,"open_closure":null},"flags":[],"points":0}},{"type":"Feature","geometry":{"type":"Point","coordinates":[-117.138763,32.914782]},"properties":{"facility_id":"SAMPLE-FFPP-01165","name":"Sample Tea House 1165","address":"1588 Example Avenue, San Diego, CA 92126","facility_type":"limited","council_district":6,"last_visit":{"date":"2025-08-25","type":"routine"},"grade":{"grade":"A","score":96,"date":"2025-08-25","replaced":null,"open_closure":null},"flags":[]}},{"type":"Feature","geometry":{"type":"Point","coordinates":[-117.124468,32.75598]},"properties":{"facility_id":"SAMPLE-FFPP-01166","name":"Sample Pho House 1166","address":"7261 Sample Row, San Diego, CA 92104","facility_type":"restaurant","council_district":3,"last_visit":{"date":"2025-10-09","type":"routine"},"grade":{"grade":"A","score":98,"date":"2025-10-09","replaced":null,"open_closure":null},"flags":[],"points":2}},{"type":"Feature","geometry":{"type":"Point","coordinates":[-117.006919,32.576554]},"properties":{"facility_id":"SAMPLE-FFPP-01167","name":"Sample Taqueria 1167","address":"2607 Testing Terrace, San Diego, CA 92154","facility_type":"restaurant","council_district":8,"last_visit":{"date":"2026-06-01","type":"routine"},"grade":{"grade":"A","score":98,"date":"2026-06-01","replaced":null,"open_closure":null},"flags":[],"points":3}},{"type":"Feature","geometry":{"type":"Point","coordinates":[-117.079248,32.818179]},"properties":{"facility_id":"SAMPLE-FFPP-01168","name":"Sample Coffee Bar 1168","address":"2947 Placeholder Street, San Diego, CA 92124","facility_type":"limited","council_district":7,"last_visit":{"date":"2026-05-20","type":"routine"},"grade":{"grade":"A","score":100,"date":"2026-05-20","replaced":null,"open_closure":null},"flags":[]}},{"type":"Feature","geometry":{"type":"Point","coordinates":[-117.215492,32.784829]},"properties":{"facility_id":"SAMPLE-FFPP-01169","name":"Sample Cantina 1169","address":"7656 Testing Terrace, San Diego, CA 92110","facility_type":"restaurant","council_district":2,"last_visit":{"date":"2026-04-14","type":"routine"},"grade":{"grade":"A","score":96,"date":"2026-04-14","replaced":null,"open_closure":null},"flags":["major","closed","health","hands"],"band":"2","points":23}},{"type":"Feature","geometry":{"type":"Point","coordinates":[-117.152625,32.757481]},"properties":{"facility_id":"SAMPLE-FFPP-01170","name":"Sample Juice Bar 1170","address":"9385 Mock Lane, San Diego, CA 92103","facility_type":"limited","council_district":3,"last_visit":{"date":"2026-06-15","type":"routine"},"grade":{"grade":"A","score":96,"date":"2026-06-15","replaced":null,"open_closure":null},"flags":[]}},{"type":"Feature","geometry":{"type":"Point","coordinates":[-117.205756,32.869622]},"properties":{"facility_id":"SAMPLE-FFPP-01171","name":"Sample Kitchen 1171","address":"2940 Sample Row, San Diego, CA 92122","facility_type":"restaurant","council_district":1,"last_visit":{"date":"2026-05-30","type":"routine"},"grade":{"grade":"A","score":100,"date":"2026-05-30","replaced":null,"open_closure":null},"flags":[],"points":0}},{"type":"Feature","geometry":{"type":"Point","coordinates":[-117.206415,32.784738]},"properties":{"facility_id":"SAMPLE-FFPP-01172","name":"Sample Diner 1172","address":"2335 Fictional Boulevard, San Diego, CA 92110","facility_type":"restaurant","council_district":2,"last_visit":{"date":"2026-01-30","type":"routine"},"grade":{"grade":"A","score":98,"date":"2026-01-30","replaced":null,"open_closure":null},"flags":[],"points":2}},{"type":"Feature","geometry":{"type":"Point","coordinates":[-117.138375,32.739926]},"properties":{"facility_id":"SAMPLE-FFPP-01173","name":"Sample Kitchen 1173","address":"7112 Testing Terrace, San Diego, CA 92104","facility_type":"restaurant","council_district":3,"last_visit":{"date":"2026-07-14","type":"reinspection"},"grade":{"grade":"A","score":94,"date":"2026-07-14","replaced":null,"open_closure":null},"flags":["major","major_2","health"],"points":6}},{"type":"Feature","geometry":{"type":"Point","coordinates":[-117.140578,32.843025]},"properties":{"facility_id":"SAMPLE-FFPP-01174","name":"Sample Kitchen 1174","address":"793 Testing Terrace, San Diego, CA 92123","facility_type":"restaurant","council_district":6,"last_visit":{"date":"2026-04-23","type":"complaint"},"grade":{"grade":"A","score":92,"date":"2026-04-02","replaced":null,"open_closure":null},"flags":["major","major_2","water"],"band":"2","points":13}},{"type":"Feature","geometry":{"type":"Point","coordinates":[-117.063477,32.770455]},"properties":{"facility_id":"SAMPLE-FFPP-01175","name":"Sample Grocery 1175","address":"8364 Fictional Boulevard, San Diego, CA 92115","facility_type":"market","council_district":9,"last_visit":{"date":"2025-11-02","type":"routine"},"grade":{"grade":"A","score":96,"date":"2025-11-02","replaced":null,"open_closure":null},"flags":[]}},{"type":"Feature","geometry":{"type":"Point","coordinates":[-117.144845,32.895175]},"properties":{"facility_id":"SAMPLE-FFPP-01176","name":"Sample Tea House 1176","address":"4216 Specimen Way, San Diego, CA 92126","facility_type":"limited","council_district":6,"last_visit":{"date":"2026-04-05","type":"routine"},"grade":{"grade":"A","score":99,"date":"2026-04-05","replaced":null,"open_closure":null},"flags":[]}},{"type":"Feature","geometry":{"type":"Point","coordinates":[-117.128844,32.754945]},"properties":{"facility_id":"SAMPLE-FFPP-01177","name":"Sample Noodle House 1177","address":"7598 Example Avenue, San Diego, CA 92104","facility_type":"restaurant","council_district":3,"last_visit":{"date":"2026-08-15","type":"routine"},"grade":{"grade":"A","score":100,"date":"2026-08-15","replaced":null,"open_closure":null},"flags":[],"points":0}},{"type":"Feature","geometry":{"type":"Point","coordinates":[-117.181122,32.819334]},"properties":{"facility_id":"SAMPLE-FFPP-01178","name":"Sample Kitchen 1178","address":"1548 Demo Court, San Diego, CA 92117","facility_type":"restaurant","council_district":2,"last_visit":{"date":"2025-11-03","type":"routine"},"grade":{"grade":"A","score":94,"date":"2025-11-03","replaced":null,"open_closure":null},"flags":["major","vermin"],"points":6}},{"type":"Feature","geometry":{"type":"Point","coordinates":[-117.027845,32.693353]},"properties":{"facility_id":"SAMPLE-FFPP-01179","name":"Sample Grocery 1179","address":"2085 Mock Lane, San Diego, CA 92114","facility_type":"market","council_district":4,"last_visit":{"date":"2025-10-19","type":"routine"},"grade":{"grade":"A","score":99,"date":"2025-10-19","replaced":null,"open_closure":null},"flags":[]}},{"type":"Feature","geometry":{"type":"Point","coordinates":[-117.056318,32.679118]},"properties":{"facility_id":"SAMPLE-FFPP-01180","name":"Sample Taqueria 1180","address":"7800 Demo Court, San Diego, CA 92139","facility_type":"restaurant","council_district":4,"last_visit":{"date":"2026-06-09","type":"routine"},"grade":{"grade":"A","score":98,"date":"2026-06-09","replaced":null,"open_closure":null},"flags":[],"points":2}},{"type":"Feature","geometry":{"type":"Point","coordinates":[-117.159142,32.702437]},"properties":{"facility_id":"SAMPLE-FFPP-01181","name":"Sample Sushi Bar 1181","address":"4465 Testing Terrace, San Diego, CA 92101","facility_type":"restaurant","council_district":3,"last_visit":{"date":"2026-07-20","type":"reinspection"},"grade":{"grade":"A","score":92,"date":"2026-07-20","replaced":null,"open_closure":null},"flags":["major","temperature","water"],"band":"3","points":10}},{"type":"Feature","geometry":{"type":"Point","coordinates":[-117.160834,32.76702]},"properties":{"facility_id":"SAMPLE-FFPP-01182","name":"Sample Pizzeria 1182","address":"7779 Invented Road, San Diego, CA 92108","facility_type":"restaurant","council_district":7,"last_visit":{"date":"2025-10-17","type":"reinspection"},"grade":{"grade":"A","score":94,"date":"2025-10-17","replaced":null,"open_closure":null},"flags":["major","handsink"],"band":"3","points":8}},{"type":"Feature","geometry":{"type":"Point","coordinates":[-117.03869,32.549979]},"properties":{"facility_id":"SAMPLE-FFPP-01183","name":"Sample Grocery 1183","address":"2899 Example Avenue, San Diego, CA 92173","facility_type":"market","council_district":8,"last_visit":{"date":"2026-05-08","type":"routine"},"grade":{"grade":"A","score":100,"date":"2026-05-08","replaced":null,"open_closure":null},"flags":[]}},{"type":"Feature","geometry":{"type":"Point","coordinates":[-117.246742,32.795546]},"properties":{"facility_id":"SAMPLE-FFPP-01184","name":"Sample Pho House 1184","address":"3783 Testing Terrace, San Diego, CA 92109","facility_type":"restaurant","council_district":2,"last_visit":{"date":"2026-03-14","type":"reinspection"},"grade":{"grade":"A","score":90,"date":"2026-03-14","replaced":null,"open_closure":null},"flags":["major","hands"],"band":"2","points":14}},{"type":"Feature","geometry":{"type":"Point","coordinates":[-117.002488,32.580439]},"properties":{"facility_id":"SAMPLE-FFPP-01185","name":"Sample Kitchen 1185","address":"6092 Sample Row, San Diego, CA 92154","facility_type":"restaurant","council_district":8,"last_visit":{"date":"2026-04-19","type":"routine"},"grade":{"grade":"A","score":97,"date":"2026-04-19","replaced":null,"open_closure":null},"flags":[],"points":3}},{"type":"Feature","geometry":{"type":"Point","coordinates":[-117.040516,32.556012]},"properties":{"facility_id":"SAMPLE-FFPP-01186","name":"Sample Grill 1186","address":"1406 Demo Court, San Diego, CA 92173","facility_type":"restaurant","council_district":8,"last_visit":{"date":"2026-04-18","type":"routine"},"grade":{"grade":"A","score":98,"date":"2026-04-18","replaced":null,"open_closure":null},"flags":["major_2"],"points":4}},{"type":"Feature","geometry":{"type":"Point","coordinates":[-117.102706,32.758489]},"properties":{"facility_id":"SAMPLE-FFPP-01187","name":"Sample Tea House 1187","address":"3142 Fictional Boulevard, San Diego, CA 92105","facility_type":"limited","council_district":9,"last_visit":{"date":"2025-12-19","type":"routine"},"grade":{"grade":"A","score":98,"date":"2025-12-19","replaced":null,"open_closure":null},"flags":[]}},{"type":"Feature","geometry":{"type":"Point","coordinates":[-117.078656,33.015014]},"properties":{"facility_id":"SAMPLE-FFPP-01188","name":"Sample Cantina 1188","address":"5137 Pretend Place, San Diego, CA 92128","facility_type":"restaurant","council_district":5,"last_visit":{"date":"2025-07-14","type":"routine"},"grade":{"grade":"A","score":97,"date":"2025-07-14","replaced":null,"open_closure":null},"flags":[]}},{"type":"Feature","geometry":{"type":"Point","coordinates":[-117.137822,32.696703]},"properties":{"facility_id":"SAMPLE-FFPP-01189","name":"Sample Grill 1189","address":"2510 Demo Court, San Diego, CA 92113","facility_type":"restaurant","council_district":8,"last_visit":{"date":"2026-02-25","type":"complaint"},"grade":{"grade":"A","score":100,"date":"2025-11-24","replaced":null,"open_closure":null},"flags":[],"points":0}},{"type":"Feature","geometry":{"type":"Point","coordinates":[-117.17478,32.767907]},"properties":{"facility_id":"SAMPLE-FFPP-01190","name":"Sample Pizzeria 1190","address":"5663 Testing Terrace, San Diego, CA 92111","facility_type":"restaurant","council_district":7,"last_visit":{"date":"2026-03-24","type":"routine"},"grade":{"grade":"A","score":96,"date":"2026-03-24","replaced":null,"open_closure":null},"flags":[],"points":4}},{"type":"Feature","geometry":{"type":"Point","coordinates":[-117.154784,32.819323]},"properties":{"facility_id":"SAMPLE-FFPP-01191","name":"Sample Grill 1191","address":"7186 Sample Row, San Diego, CA 92111","facility_type":"restaurant","council_district":6,"last_visit":{"date":"2026-02-21","type":"routine"},"grade":{"grade":"A","score":98,"date":"2026-02-21","replaced":null,"open_closure":null},"flags":[],"points":2}},{"type":"Feature","geometry":{"type":"Point","coordinates":[-117.132681,32.830589]},"properties":{"facility_id":"SAMPLE-FFPP-01192","name":"Sample Deli Market 1192","address":"7061 Example Avenue, San Diego, CA 92123","facility_type":"market","council_district":6,"last_visit":{"date":"2026-03-20","type":"routine"},"grade":{"grade":"A","score":96,"date":"2026-03-20","replaced":null,"open_closure":null},"flags":[]}},{"type":"Feature","geometry":{"type":"Point","coordinates":[-117.161868,32.816164]},"properties":{"facility_id":"SAMPLE-FFPP-01193","name":"Sample Snack Bar 1193","address":"4821 Invented Road, San Diego, CA 92111","facility_type":"limited","council_district":6,"last_visit":{"date":"2026-01-16","type":"complaint"},"grade":{"grade":"A","score":100,"date":"2025-12-25","replaced":null,"open_closure":null},"flags":[]}},{"type":"Feature","geometry":{"type":"Point","coordinates":[-117.1263,32.74557]},"properties":{"facility_id":"SAMPLE-FFPP-01194","name":"Sample Market 1194","address":"9137 Pretend Place, San Diego, CA 92104","facility_type":"market","council_district":3,"last_visit":{"date":"2025-11-19","type":"routine"},"grade":{"grade":"A","score":98,"date":"2025-11-19","replaced":null,"open_closure":null},"flags":[]}},{"type":"Feature","geometry":{"type":"Point","coordinates":[-117.15634,32.703752]},"properties":{"facility_id":"SAMPLE-FFPP-01195","name":"Sample Diner 1195","address":"6691 Example Avenue, San Diego, CA 92101","facility_type":"restaurant","council_district":3,"last_visit":{"date":"2026-08-18","type":"routine"},"grade":{"grade":"A","score":96,"date":"2026-08-18","replaced":null,"open_closure":null},"flags":[],"points":3}},{"type":"Feature","geometry":{"type":"Point","coordinates":[-117.040155,32.695603]},"properties":{"facility_id":"SAMPLE-FFPP-01196","name":"Sample Noodle House 1196","address":"3545 Placeholder Street, San Diego, CA 92114","facility_type":"restaurant","council_district":4,"last_visit":{"date":"2025-10-22","type":"complaint"},"grade":{"grade":"A","score":98,"date":"2025-09-19","replaced":null,"open_closure":null},"flags":[],"points":2}},{"type":"Feature","geometry":{"type":"Point","coordinates":[-117.190069,32.779416]},"properties":{"facility_id":"SAMPLE-FFPP-01197","name":"Sample Market 1197","address":"7539 Pretend Place, San Diego, CA 92110","facility_type":"market","council_district":2,"last_visit":{"date":"2026-06-19","type":"routine"},"grade":{"grade":"A","score":98,"date":"2026-06-19","replaced":null,"open_closure":null},"flags":[]}},{"type":"Feature","geometry":{"type":"Point","coordinates":[-117.10185,32.906294]},"properties":{"facility_id":"SAMPLE-FFPP-01198","name":"Sample Sushi Bar 1198","address":"8425 Invented Road, San Diego, CA 92131","facility_type":"restaurant","council_district":5,"last_visit":{"date":"2025-06-16","type":"routine"},"grade":{"grade":"A","score":98,"date":"2025-06-16","replaced":null,"open_closure":null},"flags":[]}},{"type":"Feature","geometry":{"type":"Point","coordinates":[-117.12934,32.750175]},"properties":{"facility_id":"SAMPLE-FFPP-01199","name":"Sample Cafe 1199","address":"3312 Specimen Way, San Diego, CA 92104","facility_type":"restaurant","council_district":3,"last_visit":{"date":"2025-12-07","type":"routine"},"grade":{"grade":"A","score":100,"date":"2025-12-07","replaced":null,"open_closure":null},"flags":[],"points":0}},{"type":"Feature","geometry":{"type":"Point","coordinates":[-117.248192,32.751756]},"properties":{"facility_id":"SAMPLE-FFPP-01200","name":"Sample Grill 1200","address":"8027 Invented Road, San Diego, CA 92107","facility_type":"restaurant","council_district":2,"last_visit":{"date":"2026-06-21","type":"routine"},"grade":{"grade":"A","score":99,"date":"2026-06-21","replaced":null,"open_closure":null},"flags":[],"points":1}},{"type":"Feature","geometry":{"type":"Point","coordinates":[-117.073119,32.768153]},"properties":{"facility_id":"SAMPLE-FFPP-01201","name":"Sample Cafe 1201","address":"4191 Specimen Way, San Diego, CA 92115","facility_type":"restaurant","council_district":9,"last_visit":{"date":"2025-08-08","type":"routine"},"grade":{"grade":"A","score":98,"date":"2025-08-08","replaced":null,"open_closure":null},"flags":[]}},{"type":"Feature","geometry":{"type":"Point","coordinates":[-117.013394,32.575916]},"properties":{"facility_id":"SAMPLE-FFPP-01202","name":"Sample Grill 1202","address":"9055 Mock Lane, San Diego, CA 92154","facility_type":"restaurant","council_district":8,"last_visit":{"date":"2026-08-16","type":"routine"},"grade":{"grade":"A","score":96,"date":"2026-08-16","replaced":null,"open_closure":null},"flags":[],"points":4}},{"type":"Feature","geometry":{"type":"Point","coordinates":[-117.059103,32.680725]},"properties":{"facility_id":"SAMPLE-FFPP-01203","name":"Sample Sushi Bar 1203","address":"4737 Mock Lane, San Diego, CA 92139","facility_type":"restaurant","council_district":4,"last_visit":{"date":"2026-05-24","type":"routine"},"grade":{"grade":"A","score":96,"date":"2026-05-24","replaced":null,"open_closure":null},"flags":[],"points":7}},{"type":"Feature","geometry":{"type":"Point","coordinates":[-117.046041,32.552094]},"properties":{"facility_id":"SAMPLE-FFPP-01204","name":"Sample Grill 1204","address":"2641 Fictional Boulevard, San Diego, CA 92173","facility_type":"restaurant","council_district":8,"last_visit":{"date":"2026-01-06","type":"followup"},"grade":{"grade":"A","score":95,"date":"2026-01-06","replaced":{"grade":"B","score":86,"date":"2025-12-26"},"open_closure":null},"flags":["major","bc","hands","condition"],"band":"2","points":14}},{"type":"Feature","geometry":{"type":"Point","coordinates":[-117.148054,32.715503]},"properties":{"facility_id":"SAMPLE-FFPP-01205","name":"Sample Diner 1205","address":"3634 Specimen Way, San Diego, CA 92101","facility_type":"restaurant","council_district":3,"last_visit":{"date":"2026-04-22","type":"routine"},"grade":{"grade":"A","score":96,"date":"2026-04-22","replaced":null,"open_closure":null},"flags":[],"points":4}},{"type":"Feature","geometry":{"type":"Point","coordinates":[-117.045783,32.552314]},"properties":{"facility_id":"SAMPLE-FFPP-01206","name":"Sample Noodle House 1206","address":"4080 Placeholder Street, San Diego, CA 92173","facility_type":"restaurant","council_district":8,"last_visit":{"date":"2026-07-05","type":"routine"},"grade":{"grade":"A","score":98,"date":"2026-07-05","replaced":null,"open_closure":null},"flags":[],"points":2}},{"type":"Feature","geometry":{"type":"Point","coordinates":[-117.142166,32.691226]},"properties":{"facility_id":"SAMPLE-FFPP-01207","name":"Sample Coffee Bar 1207","address":"740 Specimen Way, San Diego, CA 92113","facility_type":"limited","council_district":8,"last_visit":{"date":"2026-06-29","type":"routine"},"grade":{"grade":"A","score":98,"date":"2026-06-29","replaced":null,"open_closure":null},"flags":[]}},{"type":"Feature","geometry":{"type":"Point","coordinates":[-117.207666,32.874682]},"properties":{"facility_id":"SAMPLE-FFPP-01208","name":"Sample Tea House 1208","address":"2215 Fictional Boulevard, San Diego, CA 92122","facility_type":"limited","council_district":1,"last_visit":{"date":"2026-08-21","type":"routine"},"grade":{"grade":"A","score":96,"date":"2026-08-21","replaced":null,"open_closure":null},"flags":[]}},{"type":"Feature","geometry":{"type":"Point","coordinates":[-117.01007,32.562815]},"properties":{"facility_id":"SAMPLE-FFPP-01209","name":"Sample Taqueria 1209","address":"4938 Sample Row, San Diego, CA 92154","facility_type":"restaurant","council_district":8,"last_visit":{"date":"2025-06-26","type":"routine"},"grade":{"grade":"A","score":96,"date":"2025-06-26","replaced":null,"open_closure":null},"flags":[]}},{"type":"Feature","geometry":{"type":"Point","coordinates":[-117.150917,32.771985]},"properties":{"facility_id":"SAMPLE-FFPP-01210","name":"Sample Taqueria 1210","address":"6248 Pretend Place, San Diego, CA 92108","facility_type":"restaurant","council_district":7,"last_visit":{"date":"2026-01-02","type":"routine"},"grade":{"grade":"A","score":97,"date":"2026-01-02","replaced":null,"open_closure":null},"flags":[],"points":3}},{"type":"Feature","geometry":{"type":"Point","coordinates":[-117.154631,32.711403]},"properties":{"facility_id":"SAMPLE-FFPP-01211","name":"Sample Sushi Bar 1211","address":"9506 Demo Court, San Diego, CA 92101","facility_type":"restaurant","council_district":3,"last_visit":{"date":"2026-07-30","type":"routine"},"grade":{"grade":"A","score":100,"date":"2026-07-30","replaced":null,"open_closure":null},"flags":[],"points":2}},{"type":"Feature","geometry":{"type":"Point","coordinates":[-117.00764,32.570273]},"properties":{"facility_id":"SAMPLE-FFPP-01212","name":"Sample Grill 1212","address":"2586 Demo Court, San Diego, CA 92154","facility_type":"restaurant","council_district":8,"last_visit":{"date":"2026-01-06","type":"followup"},"grade":{"grade":"A","score":95,"date":"2024-12-07","replaced":null,"open_closure":{"date":"2026-01-03","reason":"health","later_ungraded":["2026-01-03","2026-01-06"],"status":"Ordered Closed"}},"flags":["major","closed","major_2","sanitizing"],"band":"1","points":30}},{"type":"Feature","geometry":{"type":"Point","coordinates":[-117.161104,32.835932]},"properties":{"facility_id":"SAMPLE-FFPP-01213","name":"Sample Cantina 1213","address":"5131 Placeholder Street, San Diego, CA 92111","facility_type":"restaurant","council_district":6,"last_visit":{"date":"2026-06-08","type":"complaint"},"grade":{"grade":"A","score":96,"date":"2025-12-14","replaced":null,"open_closure":null},"flags":[],"points":4}},{"type":"Feature","geometry":{"type":"Point","coordinates":[-117.166498,32.711883]},"properties":{"facility_id":"SAMPLE-FFPP-01214","name":"Sample Noodle House 1214","address":"8446 Invented Road, San Diego, CA 92101","facility_type":"restaurant","council_district":3,"last_visit":{"date":"2025-06-25","type":"routine"},"grade":{"grade":"A","score":98,"date":"2025-06-25","replaced":null,"open_closure":null},"flags":[]}},{"type":"Feature","geometry":{"type":"Point","coordinates":[-117.163241,32.828046]},"properties":{"facility_id":"SAMPLE-FFPP-01215","name":"Sample Carniceria 1215","address":"2708 Mock Lane, San Diego, CA 92111","facility_type":"market","council_district":6,"last_visit":{"date":"2025-11-20","type":"routine"},"grade":{"grade":"A","score":98,"date":"2025-11-20","replaced":null,"open_closure":null},"flags":[]}},{"type":"Feature","geometry":{"type":"Point","coordinates":[-117.166044,32.751493]},"properties":{"facility_id":"SAMPLE-FFPP-01216","name":"Sample Pho House 1216","address":"4682 Placeholder Street, San Diego, CA 92103","facility_type":"restaurant","council_district":3,"last_visit":{"date":"2025-12-01","type":"routine"},"grade":{"grade":"A","score":96,"date":"2025-12-01","replaced":null,"open_closure":null},"flags":[],"points":4}},{"type":"Feature","geometry":{"type":"Point","coordinates":[-117.16501,32.748384]},"properties":{"facility_id":"SAMPLE-FFPP-01217","name":"Sample Diner 1217","address":"6087 Mock Lane, San Diego, CA 92103","facility_type":"restaurant","council_district":3,"last_visit":{"date":"2026-04-21","type":"routine"},"grade":{"grade":"A","score":98,"date":"2026-04-21","replaced":null,"open_closure":null},"flags":[],"points":2}},{"type":"Feature","geometry":{"type":"Point","coordinates":[-117.173558,32.715122]},"properties":{"facility_id":"SAMPLE-FFPP-01218","name":"Sample Cantina 1218","address":"4736 Placeholder Street, San Diego, CA 92101","facility_type":"restaurant","council_district":3,"last_visit":{"date":"2026-05-24","type":"routine"},"grade":{"grade":"A","score":97,"date":"2026-05-24","replaced":null,"open_closure":null},"flags":[],"points":5}},{"type":"Feature","geometry":{"type":"Point","coordinates":[-117.199965,32.809847]},"properties":{"facility_id":"SAMPLE-FFPP-01219","name":"Sample Carniceria 1219","address":"9337 Mock Lane, San Diego, CA 92117","facility_type":"market","council_district":2,"last_visit":{"date":"2026-05-07","type":"routine"},"grade":{"grade":"A","score":94,"date":"2026-05-07","replaced":null,"open_closure":null},"flags":[]}},{"type":"Feature","geometry":{"type":"Point","coordinates":[-117.160185,32.720968]},"properties":{"facility_id":"SAMPLE-FFPP-01220","name":"Sample Cafe 1220","address":"3556 Specimen Way, San Diego, CA 92101","facility_type":"restaurant","council_district":3,"last_visit":{"date":"2026-06-07","type":"routine"},"grade":{"grade":"A","score":96,"date":"2026-06-07","replaced":null,"open_closure":null},"flags":[],"points":6}},{"type":"Feature","geometry":{"type":"Point","coordinates":[-117.164201,32.721692]},"properties":{"facility_id":"SAMPLE-FFPP-01221","name":"Sample Noodle House 1221","address":"2391 Invented Road, San Diego, CA 92101","facility_type":"restaurant","council_district":3,"last_visit":{"date":"2025-12-16","type":"routine"},"grade":{"grade":"A","score":94,"date":"2025-12-16","replaced":null,"open_closure":null},"flags":[],"points":6}},{"type":"Feature","geometry":{"type":"Point","coordinates":[-117.17144,32.751874]},"properties":{"facility_id":"SAMPLE-FFPP-01222","name":"Sample Market 1222","address":"7560 Sample Row, San Diego, CA 92103","facility_type":"market","council_district":3,"last_visit":{"date":"2026-08-21","type":"reinspection"},"grade":{"grade":"A","score":95,"date":"2026-08-21","replaced":null,"open_closure":null},"flags":["major","supplier"]}},{"type":"Feature","geometry":{"type":"Point","coordinates":[-117.222348,32.736905]},"properties":{"facility_id":"SAMPLE-FFPP-01223","name":"Sample Deli Market 1223","address":"7260 Sample Row, San Diego, CA 92106","facility_type":"market","council_district":2,"last_visit":{"date":"2025-12-16","type":"reinspection"},"grade":{"grade":"A","score":94,"date":"2025-12-16","replaced":null,"open_closure":null},"flags":["major","major_2","health"]}},{"type":"Feature","geometry":{"type":"Point","coordinates":[-117.067438,32.772916]},"properties":{"facility_id":"SAMPLE-FFPP-01224","name":"Sample Sushi Bar 1224","address":"9230 Testing Terrace, San Diego, CA 92115","facility_type":"restaurant","council_district":9,"last_visit":{"date":"2025-12-05","type":"routine"},"grade":{"grade":"A","score":98,"date":"2025-12-05","replaced":null,"open_closure":null},"flags":[],"points":2}},{"type":"Feature","geometry":{"type":"Point","coordinates":[-117.167264,32.766888]},"properties":{"facility_id":"SAMPLE-FFPP-01225","name":"Sample Tea House 1225","address":"3716 Placeholder Street, San Diego, CA 92108","facility_type":"limited","council_district":7,"last_visit":{"date":"2025-12-06","type":"routine"},"grade":{"grade":"A","score":96,"date":"2025-12-06","replaced":null,"open_closure":null},"flags":[]}},{"type":"Feature","geometry":{"type":"Point","coordinates":[-117.050592,32.696205]},"properties":{"facility_id":"SAMPLE-FFPP-01226","name":"Sample Pizzeria 1226","address":"2960 Sample Row, San Diego, CA 92114","facility_type":"restaurant","council_district":4,"last_visit":{"date":"2026-05-04","type":"routine"},"grade":{"grade":"A","score":94,"date":"2026-05-04","replaced":null,"open_closure":null},"flags":["major","sanitizing"],"points":6}},{"type":"Feature","geometry":{"type":"Point","coordinates":[-117.06175,32.710776]},"properties":{"facility_id":"SAMPLE-FFPP-01227","name":"Sample Coffee Bar 1227","address":"6939 Invented Road, San Diego, CA 92114","facility_type":"limited","council_district":4,"last_visit":{"date":"2026-08-06","type":"routine"},"grade":{"grade":"A","score":98,"date":"2026-08-06","replaced":null,"open_closure":null},"flags":["major","temperature","condition"]}},{"type":"Feature","geometry":{"type":"Point","coordinates":[-117.194026,32.816885]},"properties":{"facility_id":"SAMPLE-FFPP-01228","name":"Sample Sushi Bar 1228","address":"4144 Mock Lane, San Diego, CA 92117","facility_type":"restaurant","council_district":2,"last_visit":{"date":"2025-12-26","type":"routine"},"grade":{"grade":"A","score":97,"date":"2025-12-26","replaced":null,"open_closure":null},"flags":[],"points":3}},{"type":"Feature","geometry":{"type":"Point","coordinates":[-117.132878,32.750088]},"properties":{"facility_id":"SAMPLE-FFPP-01229","name":"Sample Cantina 1229","address":"5909 Placeholder Street, San Diego, CA 92104","facility_type":"restaurant","council_district":3,"last_visit":{"date":"2026-06-08","type":"routine"},"grade":{"grade":"A","score":93,"date":"2026-06-08","replaced":null,"open_closure":null},"flags":[],"band":"3","points":9}},{"type":"Feature","geometry":{"type":"Point","coordinates":[-117.046917,32.546678]},"properties":{"facility_id":"SAMPLE-FFPP-01230","name":"Sample Taqueria 1230","address":"8489 Sample Row, San Diego, CA 92173","facility_type":"restaurant","council_district":8,"last_visit":{"date":"2025-11-04","type":"routine"},"grade":{"grade":"A","score":97,"date":"2025-11-04","replaced":null,"open_closure":null},"flags":[],"points":3}},{"type":"Feature","geometry":{"type":"Point","coordinates":[-117.159658,32.704766]},"properties":{"facility_id":"SAMPLE-FFPP-01231","name":"Sample Sushi Bar 1231","address":"5269 Placeholder Street, San Diego, CA 92101","facility_type":"restaurant","council_district":3,"last_visit":{"date":"2026-07-22","type":"routine"},"grade":{"grade":"A","score":100,"date":"2026-07-22","replaced":null,"open_closure":null},"flags":["major","vermin"],"points":5}},{"type":"Feature","geometry":{"type":"Point","coordinates":[-117.045993,32.701913]},"properties":{"facility_id":"SAMPLE-FFPP-01232","name":"Sample Diner 1232","address":"6222 Invented Road, San Diego, CA 92114","facility_type":"restaurant","council_district":4,"last_visit":{"date":"2026-03-27","type":"routine"},"grade":{"grade":"A","score":98,"date":"2026-03-27","replaced":null,"open_closure":null},"flags":[],"points":4}},{"type":"Feature","geometry":{"type":"Point","coordinates":[-117.064785,32.684305]},"properties":{"facility_id":"SAMPLE-FFPP-01233","name":"Sample Snack Bar 1233","address":"985 Mock Lane, San Diego, CA 92139","facility_type":"limited","council_district":4,"last_visit":{"date":"2025-12-04","type":"routine"},"grade":{"grade":"A","score":95,"date":"2025-12-04","replaced":null,"open_closure":null},"flags":[]}},{"type":"Feature","geometry":{"type":"Point","coordinates":[-117.137333,32.915489]},"properties":{"facility_id":"SAMPLE-FFPP-01234","name":"Sample Pho House 1234","address":"2585 Sample Row, San Diego, CA 92126","facility_type":"restaurant","council_district":6,"last_visit":{"date":"2026-06-16","type":"routine"},"grade":{"grade":"A","score":97,"date":"2026-06-16","replaced":null,"open_closure":null},"flags":[],"points":3}},{"type":"Feature","geometry":{"type":"Point","coordinates":[-117.104527,32.743081]},"properties":{"facility_id":"SAMPLE-FFPP-01235","name":"Sample Carniceria 1235","address":"6263 Specimen Way, San Diego, CA 92105","facility_type":"market","council_district":9,"last_visit":{"date":"2026-07-22","type":"routine"},"grade":{"grade":"A","score":98,"date":"2026-07-22","replaced":null,"open_closure":null},"flags":[]}},{"type":"Feature","geometry":{"type":"Point","coordinates":[-117.124725,32.950486]},"properties":{"facility_id":"SAMPLE-FFPP-01236","name":"Sample Grocery 1236","address":"237 Testing Terrace, San Diego, CA 92129","facility_type":"market","council_district":5,"last_visit":{"date":"2026-03-11","type":"complaint"},"grade":{"grade":"A","score":94,"date":"2026-01-30","replaced":null,"open_closure":null},"flags":["major","vermin"]}},{"type":"Feature","geometry":{"type":"Point","coordinates":[-117.066783,32.766988]},"properties":{"facility_id":"SAMPLE-FFPP-01237","name":"Sample Cafe 1237","address":"4757 Placeholder Street, San Diego, CA 92115","facility_type":"restaurant","council_district":9,"last_visit":{"date":"2025-08-24","type":"routine"},"grade":{"grade":"A","score":94,"date":"2025-08-24","replaced":null,"open_closure":null},"flags":["major_2"]}},{"type":"Feature","geometry":{"type":"Point","coordinates":[-117.111826,32.760089]},"properties":{"facility_id":"SAMPLE-FFPP-01238","name":"Sample Grill 1238","address":"471 Demo Court, San Diego, CA 92116","facility_type":"restaurant","council_district":9,"last_visit":{"date":"2026-07-08","type":"routine"},"grade":{"grade":"A","score":98,"date":"2026-07-08","replaced":null,"open_closure":null},"flags":[],"points":2}},{"type":"Feature","geometry":{"type":"Point","coordinates":[-117.096544,32.75365]},"properties":{"facility_id":"SAMPLE-FFPP-01239","name":"Sample Sushi Bar 1239","address":"7374 Testing Terrace, San Diego, CA 92105","facility_type":"restaurant","council_district":9,"last_visit":{"date":"2026-03-31","type":"followup"},"grade":{"grade":"A","score":96,"date":"2025-09-15","replaced":null,"open_closure":{"date":"2026-03-27","reason":"health","later_ungraded":["2026-03-27","2026-03-31"],"status":"Ordered Closed"}},"flags":["major","closed","repeat","major_2","closures2","health","sanitizing"],"band":"1","points":30}},{"type":"Feature","geometry":{"type":"Point","coordinates":[-117.158723,32.749744]},"properties":{"facility_id":"SAMPLE-FFPP-01240","name":"Sample Deli Market 1240","address":"7488 Pretend Place, San Diego, CA 92103","facility_type":"market","council_district":3,"last_visit":{"date":"2026-08-04","type":"routine"},"grade":{"grade":"A","score":94,"date":"2026-08-04","replaced":null,"open_closure":null},"flags":["major","vermin"]}},{"type":"Feature","geometry":{"type":"Point","coordinates":[-117.1239,32.970254]},"properties":{"facility_id":"SAMPLE-FFPP-01241","name":"Sample Pizzeria 1241","address":"4558 Fictional Boulevard, San Diego, CA 92129","facility_type":"restaurant","council_district":5,"last_visit":{"date":"2026-07-14","type":"routine"},"grade":{"grade":"A","score":94,"date":"2026-07-14","replaced":null,"open_closure":null},"flags":[],"band":"3","points":8}},{"type":"Feature","geometry":{"type":"Point","coordinates":[-117.147846,32.712566]},"properties":{"facility_id":"SAMPLE-FFPP-01242","name":"Sample Pho House 1242","address":"1216 Specimen Way, San Diego, CA 92101","facility_type":"restaurant","council_district":3,"last_visit":{"date":"2026-02-15","type":"routine"},"grade":{"grade":"A","score":96,"date":"2026-02-15","replaced":null,"open_closure":null},"flags":[],"points":6}},{"type":"Feature","geometry":{"type":"Point","coordinates":[-117.1494,32.764259]},"properties":{"facility_id":"SAMPLE-FFPP-01243","name":"Sample Market 1243","address":"3219 Sample Row, San Diego, CA 92108","facility_type":"market","council_district":7,"last_visit":{"date":"2026-01-30","type":"routine"},"grade":{"grade":"A","score":98,"date":"2026-01-30","replaced":null,"open_closure":null},"flags":[]}},{"type":"Feature","geometry":{"type":"Point","coordinates":[-117.154477,32.827095]},"properties":{"facility_id":"SAMPLE-FFPP-01244","name":"Sample Sushi Bar 1244","address":"4635 Specimen Way, San Diego, CA 92111","facility_type":"restaurant","council_district":6,"last_visit":{"date":"2026-04-24","type":"routine"},"grade":{"grade":"A","score":98,"date":"2026-04-24","replaced":null,"open_closure":null},"flags":[],"points":2}},{"type":"Feature","geometry":{"type":"Point","coordinates":[-117.052802,32.538498]},"properties":{"facility_id":"SAMPLE-FFPP-01245","name":"Sample Cafe 1245","address":"6167 Pretend Place, San Diego, CA 92173","facility_type":"restaurant","council_district":8,"last_visit":{"date":"2026-07-17","type":"routine"},"grade":{"grade":"A","score":100,"date":"2026-07-17","replaced":null,"open_closure":null},"flags":[],"points":0}},{"type":"Feature","geometry":{"type":"Point","coordinates":[-117.128671,32.755409]},"properties":{"facility_id":"SAMPLE-FFPP-01246","name":"Sample Cafe 1246","address":"8760 Demo Court, San Diego, CA 92104","facility_type":"restaurant","council_district":3,"last_visit":{"date":"2026-06-09","type":"routine"},"grade":{"grade":"A","score":99,"date":"2026-06-09","replaced":null,"open_closure":null},"flags":[],"points":1}},{"type":"Feature","geometry":{"type":"Point","coordinates":[-117.040866,32.702472]},"properties":{"facility_id":"SAMPLE-FFPP-01247","name":"Sample Grocery 1247","address":"5932 Invented Road, San Diego, CA 92114","facility_type":"market","council_district":4,"last_visit":{"date":"2026-04-29","type":"routine"},"grade":{"grade":"A","score":100,"date":"2026-04-29","replaced":null,"open_closure":null},"flags":[]}},{"type":"Feature","geometry":{"type":"Point","coordinates":[-117.238538,32.727857]},"properties":{"facility_id":"SAMPLE-FFPP-01248","name":"Sample Cantina 1248","address":"9364 Pretend Place, San Diego, CA 92106","facility_type":"restaurant","council_district":2,"last_visit":{"date":"2026-08-31","type":"routine"},"grade":{"grade":"A","score":100,"date":"2026-08-31","replaced":null,"open_closure":null},"flags":[],"points":3}},{"type":"Feature","geometry":{"type":"Point","coordinates":[-117.030676,32.698632]},"properties":{"facility_id":"SAMPLE-FFPP-01249","name":"Sample Pho House 1249","address":"1706 Pretend Place, San Diego, CA 92114","facility_type":"restaurant","council_district":4,"last_visit":{"date":"2026-06-05","type":"routine"},"grade":{"grade":"A","score":94,"date":"2026-06-05","replaced":null,"open_closure":null},"flags":[],"band":"3","points":8}},{"type":"Feature","geometry":{"type":"Point","coordinates":[-117.143283,32.831965]},"properties":{"facility_id":"SAMPLE-FFPP-01250","name":"Sample Tea House 1250","address":"6857 Testing Terrace, San Diego, CA 92111","facility_type":"limited","council_district":6,"last_visit":{"date":"2026-07-27","type":"routine"},"grade":{"grade":"A","score":100,"date":"2026-07-27","replaced":null,"open_closure":null},"flags":[]}},{"type":"Feature","geometry":{"type":"Point","coordinates":[-117.153555,32.718722]},"properties":{"facility_id":"SAMPLE-FFPP-01251","name":"Sample Kitchen 1251","address":"8040 Demo Court, San Diego, CA 92101","facility_type":"restaurant","council_district":3,"last_visit":{"date":"2025-12-11","type":"routine"},"grade":{"grade":"A","score":100,"date":"2025-12-11","replaced":null,"open_closure":null},"flags":[],"points":0}},{"type":"Feature","geometry":{"type":"Point","coordinates":[-117.249822,32.793798]},"properties":{"facility_id":"SAMPLE-FFPP-01252","name":"Sample Grill 1252","address":"7388 Invented Road, San Diego, CA 92109","facility_type":"restaurant","council_district":2,"last_visit":{"date":"2026-08-23","type":"routine"},"grade":{"grade":"A","score":99,"date":"2026-08-23","replaced":null,"open_closure":null},"flags":[],"points":1}},{"type":"Feature","geometry":{"type":"Point","coordinates":[-117.167655,32.762322]},"properties":{"facility_id":"SAMPLE-FFPP-01253","name":"Sample Pho House 1253","address":"2470 Sample Row, San Diego, CA 92108","facility_type":"restaurant","council_district":7,"last_visit":{"date":"2026-08-11","type":"reinspection"},"grade":{"grade":"A","score":92,"date":"2026-08-05","replaced":null,"open_closure":null},"flags":["major","major_2","handsink","sanitizing","water"],"points":7}},{"type":"Feature","geometry":{"type":"Point","coordinates":[-117.199526,32.78176]},"properties":{"facility_id":"SAMPLE-FFPP-01254","name":"Sample Cantina 1254","address":"3527 Fictional Boulevard, San Diego, CA 92110","facility_type":"restaurant","council_district":2,"last_visit":{"date":"2026-01-13","type":"reinspection"},"grade":{"grade":"A","score":92,"date":"2026-01-05","replaced":null,"open_closure":null},"flags":["major","sanitizing"],"band":"3","points":8}},{"type":"Feature","geometry":{"type":"Point","coordinates":[-117.097587,32.835087]},"properties":{"facility_id":"SAMPLE-FFPP-01255","name":"Sample Diner 1255","address":"3320 Example Avenue, San Diego, CA 92124","facility_type":"restaurant","council_district":7,"last_visit":{"date":"2026-08-09","type":"routine"},"grade":{"grade":"A","score":97,"date":"2026-08-09","replaced":null,"open_closure":null},"flags":[],"points":3}},{"type":"Feature","geometry":{"type":"Point","coordinates":[-117.184246,32.779914]},"properties":{"facility_id":"SAMPLE-FFPP-01256","name":"Sample Pizzeria 1256","address":"6561 Mock Lane, San Diego, CA 92111","facility_type":"restaurant","council_district":7,"last_visit":{"date":"2025-11-09","type":"complaint"},"grade":{"grade":"A","score":98,"date":"2025-09-02","replaced":null,"open_closure":null},"flags":[],"points":2}},{"type":"Feature","geometry":{"type":"Point","coordinates":[-117.122532,32.749619]},"properties":{"facility_id":"SAMPLE-FFPP-01257","name":"Sample Taqueria 1257","address":"1068 Specimen Way, San Diego, CA 92104","facility_type":"restaurant","council_district":3,"last_visit":{"date":"2026-01-02","type":"routine"},"grade":{"grade":"A","score":96,"date":"2026-01-02","replaced":null,"open_closure":null},"flags":[],"points":4}},{"type":"Feature","geometry":{"type":"Point","coordinates":[-117.264421,32.85609]},"properties":{"facility_id":"SAMPLE-FFPP-01258","name":"Sample Carniceria 1258","address":"7686 Invented Road, San Diego, CA 92037","facility_type":"market","council_district":1,"last_visit":{"date":"2025-07-25","type":"reinspection"},"grade":{"grade":"A","score":94,"date":"2025-07-25","replaced":null,"open_closure":null},"flags":[]}},{"type":"Feature","geometry":{"type":"Point","coordinates":[-117.090966,32.820644]},"properties":{"facility_id":"SAMPLE-FFPP-01259","name":"Sample Market 1259","address":"6730 Fictional Boulevard, San Diego, CA 92124","facility_type":"market","council_district":7,"last_visit":{"date":"2026-02-05","type":"routine"},"grade":{"grade":"A","score":98,"date":"2026-02-05","replaced":null,"open_closure":null},"flags":[]}},{"type":"Feature","geometry":{"type":"Point","coordinates":[-117.098834,32.900061]},"properties":{"facility_id":"SAMPLE-FFPP-01260","name":"Sample Kitchen 1260","address":"6580 Placeholder Street, San Diego, CA 92131","facility_type":"restaurant","council_district":5,"last_visit":{"date":"2026-05-13","type":"routine"},"grade":{"grade":"A","score":98,"date":"2026-05-13","replaced":null,"open_closure":null},"flags":[],"points":2}},{"type":"Feature","geometry":{"type":"Point","coordinates":[-117.228291,32.732027]},"properties":{"facility_id":"SAMPLE-FFPP-01261","name":"Sample Deli Market 1261","address":"9697 Mock Lane, San Diego, CA 92106","facility_type":"market","council_district":2,"last_visit":{"date":"2026-06-11","type":"routine"},"grade":{"grade":"A","score":99,"date":"2026-06-11","replaced":null,"open_closure":null},"flags":[]}},{"type":"Feature","geometry":{"type":"Point","coordinates":[-117.056384,32.716557]},"properties":{"facility_id":"SAMPLE-FFPP-01262","name":"Sample Deli Market 1262","address":"4763 Demo Court, San Diego, CA 92114","facility_type":"market","council_district":4,"last_visit":{"date":"2025-09-24","type":"routine"},"grade":{"grade":"A","score":100,"date":"2025-09-24","replaced":null,"open_closure":null},"flags":[]}},{"type":"Feature","geometry":{"type":"Point","coordinates":[-117.151509,32.718632]},"properties":{"facility_id":"SAMPLE-FFPP-01263","name":"Sample Pizzeria 1263","address":"8594 Example Avenue, San Diego, CA 92101","facility_type":"restaurant","council_district":3,"last_visit":{"date":"2026-06-15","type":"routine"},"grade":{"grade":"A","score":96,"date":"2026-06-15","replaced":null,"open_closure":null},"flags":[],"points":4}},{"type":"Feature","geometry":{"type":"Point","coordinates":[-117.051618,32.708339]},"properties":{"facility_id":"SAMPLE-FFPP-01264","name":"Sample Grocery 1264","address":"232 Example Avenue, San Diego, CA 92114","facility_type":"market","council_district":4,"last_visit":{"date":"2026-05-07","type":"routine"},"grade":{"grade":"A","score":99,"date":"2026-05-07","replaced":null,"open_closure":null},"flags":[]}},{"type":"Feature","geometry":{"type":"Point","coordinates":[-117.150065,32.828872]},"properties":{"facility_id":"SAMPLE-FFPP-01265","name":"Sample Snack Bar 1265","address":"5582 Invented Road, San Diego, CA 92123","facility_type":"limited","council_district":6,"last_visit":{"date":"2025-10-28","type":"routine"},"grade":{"grade":"A","score":98,"date":"2025-10-28","replaced":null,"open_closure":null},"flags":[]}},{"type":"Feature","geometry":{"type":"Point","coordinates":[-117.151241,32.750435]},"properties":{"facility_id":"SAMPLE-FFPP-01266","name":"Sample Diner 1266","address":"1884 Placeholder Street, San Diego, CA 92103","facility_type":"restaurant","council_district":3,"last_visit":{"date":"2025-08-23","type":"routine"},"grade":{"grade":"A","score":98,"date":"2025-08-23","replaced":null,"open_closure":null},"flags":[]}},{"type":"Feature","geometry":{"type":"Point","coordinates":[-117.08334,33.013209]},"properties":{"facility_id":"SAMPLE-FFPP-01267","name":"Sample Cafe 1267","address":"1552 Testing Terrace, San Diego, CA 92128","facility_type":"restaurant","council_district":5,"last_visit":{"date":"2026-06-15","type":"routine"},"grade":{"grade":"A","score":96,"date":"2026-06-15","replaced":null,"open_closure":null},"flags":["major","major_2","vermin"],"band":"3","points":10}},{"type":"Feature","geometry":{"type":"Point","coordinates":[-117.176588,32.713105]},"properties":{"facility_id":"SAMPLE-FFPP-01268","name":"Sample Taqueria 1268","address":"5657 Mock Lane, San Diego, CA 92101","facility_type":"restaurant","council_district":3,"last_visit":{"date":"2026-02-01","type":"routine"},"grade":{"grade":"A","score":94,"date":"2026-02-01","replaced":null,"open_closure":null},"flags":[],"points":6}},{"type":"Feature","geometry":{"type":"Point","coordinates":[-117.162307,32.784914]},"properties":{"facility_id":"SAMPLE-FFPP-01269","name":"Sample Pho House 1269","address":"881 Demo Court, San Diego, CA 92108","facility_type":"restaurant","council_district":7,"last_visit":{"date":"2026-04-09","type":"routine"},"grade":{"grade":"A","score":96,"date":"2026-04-09","replaced":null,"open_closure":null},"flags":[],"points":4}},{"type":"Feature","geometry":{"type":"Point","coordinates":[-117.202158,32.782219]},"properties":{"facility_id":"SAMPLE-FFPP-01270","name":"Sample Cantina 1270","address":"7390 Example Avenue, San Diego, CA 92110","facility_type":"restaurant","council_district":2,"last_visit":{"date":"2025-12-23","type":"routine"},"grade":{"grade":"A","score":100,"date":"2025-12-23","replaced":null,"open_closure":null},"flags":[],"points":0}},{"type":"Feature","geometry":{"type":"Point","coordinates":[-117.225909,32.750643]},"properties":{"facility_id":"SAMPLE-FFPP-01271","name":"Sample Kitchen 1271","address":"705 Invented Road, San Diego, CA 92106","facility_type":"restaurant","council_district":2,"last_visit":{"date":"2026-06-10","type":"routine"},"grade":{"grade":"A","score":98,"date":"2026-06-10","replaced":null,"open_closure":null},"flags":[],"points":2}},{"type":"Feature","geometry":{"type":"Point","coordinates":[-117.035658,32.553335]},"properties":{"facility_id":"SAMPLE-FFPP-01272","name":"Sample Pizzeria 1272","address":"6165 Fictional Boulevard, San Diego, CA 92173","facility_type":"restaurant","council_district":8,"last_visit":{"date":"2026-02-18","type":"routine"},"grade":{"grade":"A","score":97,"date":"2026-02-18","replaced":null,"open_closure":null},"flags":[],"points":3}},{"type":"Feature","geometry":{"type":"Point","coordinates":[-117.164509,32.766819]},"properties":{"facility_id":"SAMPLE-FFPP-01273","name":"Sample Diner 1273","address":"7119 Mock Lane, San Diego, CA 92108","facility_type":"restaurant","council_district":7,"last_visit":{"date":"2025-12-20","type":"routine"},"grade":{"grade":"A","score":93,"date":"2025-12-20","replaced":null,"open_closure":null},"flags":["major","major_2","sewage"],"band":"3","points":9}},{"type":"Feature","geometry":{"type":"Point","coordinates":[-117.158474,32.777575]},"properties":{"facility_id":"SAMPLE-FFPP-01274","name":"Sample Pho House 1274","address":"4384 Invented Road, San Diego, CA 92108","facility_type":"restaurant","council_district":7,"last_visit":{"date":"2025-12-05","type":"routine"},"grade":{"grade":"A","score":95,"date":"2025-12-05","replaced":null,"open_closure":null},"flags":[],"points":5}},{"type":"Feature","geometry":{"type":"Point","coordinates":[-117.262959,32.845768]},"properties":{"facility_id":"SAMPLE-FFPP-01275","name":"Sample Pizzeria 1275","address":"5692 Example Avenue, San Diego, CA 92037","facility_type":"restaurant","council_district":1,"last_visit":{"date":"2025-12-02","type":"routine"},"grade":{"grade":"A","score":98,"date":"2025-12-02","replaced":null,"open_closure":null},"flags":[],"points":2}},{"type":"Feature","geometry":{"type":"Point","coordinates":[-117.155511,32.721911]},"properties":{"facility_id":"SAMPLE-FFPP-01276","name":"Sample Cantina 1276","address":"7338 Invented Road, San Diego, CA 92101","facility_type":"restaurant","council_district":3,"last_visit":{"date":"2026-07-04","type":"complaint"},"grade":{"grade":"A","score":98,"date":"2026-06-20","replaced":null,"open_closure":null},"flags":["major","temperature"],"band":"3","points":10}},{"type":"Feature","geometry":{"type":"Point","coordinates":[-117.068273,32.778365]},"properties":{"facility_id":"SAMPLE-FFPP-01277","name":"Sample Snack Bar 1277","address":"721 Placeholder Street, San Diego, CA 92115","facility_type":"limited","council_district":9,"last_visit":{"date":"2025-10-10","type":"routine"},"grade":{"grade":"A","score":98,"date":"2025-10-10","replaced":null,"open_closure":null},"flags":[]}},{"type":"Feature","geometry":{"type":"Point","coordinates":[-117.189817,32.817506]},"properties":{"facility_id":"SAMPLE-FFPP-01278","name":"Sample Diner 1278","address":"9701 Specimen Way, San Diego, CA 92117","facility_type":"restaurant","council_district":2,"last_visit":{"date":"2025-08-26","type":"routine"},"grade":{"grade":"A","score":98,"date":"2025-08-26","replaced":null,"open_closure":null},"flags":[]}},{"type":"Feature","geometry":{"type":"Point","coordinates":[-117.269595,32.795609]},"properties":{"facility_id":"SAMPLE-FFPP-01279","name":"Sample Taqueria 1279","address":"4902 Testing Terrace, San Diego, CA 92109","facility_type":"restaurant","council_district":2,"last_visit":{"date":"2026-08-31","type":"routine"},"grade":{"grade":"A","score":98,"date":"2026-08-31","replaced":null,"open_closure":null},"flags":["major","hands"],"points":3}},{"type":"Feature","geometry":{"type":"Point","coordinates":[-117.063773,32.678215]},"properties":{"facility_id":"SAMPLE-FFPP-01280","name":"Sample Grocery 1280","address":"7101 Placeholder Street, San Diego, CA 92139","facility_type":"market","council_district":4,"last_visit":{"date":"2025-11-11","type":"routine"},"grade":{"grade":"A","score":97,"date":"2025-11-11","replaced":null,"open_closure":null},"flags":[]}},{"type":"Feature","geometry":{"type":"Point","coordinates":[-117.112962,32.766361]},"properties":{"facility_id":"SAMPLE-FFPP-01281","name":"Sample Noodle House 1281","address":"9831 Specimen Way, San Diego, CA 92116","facility_type":"restaurant","council_district":9,"last_visit":{"date":"2025-10-17","type":"routine"},"grade":{"grade":"A","score":98,"date":"2025-10-17","replaced":null,"open_closure":null},"flags":[],"points":4}},{"type":"Feature","geometry":{"type":"Point","coordinates":[-117.167949,32.83279]},"properties":{"facility_id":"SAMPLE-FFPP-01282","name":"Sample Pizzeria 1282","address":"7001 Testing Terrace, San Diego, CA 92111","facility_type":"restaurant","council_district":6,"last_visit":{"date":"2025-09-16","type":"routine"},"grade":{"grade":"A","score":98,"date":"2025-09-16","replaced":null,"open_closure":null},"flags":[],"points":2}},{"type":"Feature","geometry":{"type":"Point","coordinates":[-117.146496,32.914264]},"properties":{"facility_id":"SAMPLE-FFPP-01283","name":"Sample Grocery 1283","address":"8060 Mock Lane, San Diego, CA 92126","facility_type":"market","council_district":6,"last_visit":{"date":"2025-12-21","type":"routine"},"grade":{"grade":"A","score":96,"date":"2025-12-21","replaced":null,"open_closure":null},"flags":[]}},{"type":"Feature","geometry":{"type":"Point","coordinates":[-117.061611,32.709076]},"properties":{"facility_id":"SAMPLE-FFPP-01284","name":"Sample Cafe 1284","address":"5528 Sample Row, San Diego, CA 92114","facility_type":"restaurant","council_district":4,"last_visit":{"date":"2026-05-20","type":"routine"},"grade":{"grade":"A","score":98,"date":"2026-05-20","replaced":null,"open_closure":null},"flags":[],"points":2}},{"type":"Feature","geometry":{"type":"Point","coordinates":[-117.075512,32.779704]},"properties":{"facility_id":"SAMPLE-FFPP-01285","name":"Sample Kitchen 1285","address":"3342 Invented Road, San Diego, CA 92115","facility_type":"restaurant","council_district":9,"last_visit":{"date":"2026-08-04","type":"complaint"},"grade":{"grade":"A","score":97,"date":"2026-02-18","replaced":null,"open_closure":null},"flags":[],"points":3}},{"type":"Feature","geometry":{"type":"Point","coordinates":[-117.228982,32.735475]},"properties":{"facility_id":"SAMPLE-FFPP-01286","name":"Sample Taqueria 1286","address":"239 Invented Road, San Diego, CA 92106","facility_type":"restaurant","council_district":2,"last_visit":{"date":"2026-04-07","type":"routine"},"grade":{"grade":"A","score":96,"date":"2026-04-07","replaced":null,"open_closure":null},"flags":[],"points":4}},{"type":"Feature","geometry":{"type":"Point","coordinates":[-117.265545,32.851249]},"properties":{"facility_id":"SAMPLE-FFPP-01287","name":"Sample Cantina 1287","address":"6070 Demo Court, San Diego, CA 92037","facility_type":"restaurant","council_district":1,"last_visit":{"date":"2026-05-31","type":"reinspection"},"grade":{"grade":"A","score":94,"date":"2026-05-31","replaced":null,"open_closure":null},"flags":["major","temperature","supplier"],"band":"3","points":8}},{"type":"Feature","geometry":{"type":"Point","coordinates":[-117.101448,32.743308]},"properties":{"facility_id":"SAMPLE-FFPP-01288","name":"Sample Deli Market 1288","address":"5785 Placeholder Street, San Diego, CA 92105","facility_type":"market","council_district":9,"last_visit":{"date":"2026-01-16","type":"routine"},"grade":{"grade":"A","score":99,"date":"2026-01-16","replaced":null,"open_closure":null},"flags":[]}},{"type":"Feature","geometry":{"type":"Point","coordinates":[-117.151418,32.771513]},"properties":{"facility_id":"SAMPLE-FFPP-01289","name":"Sample Cantina 1289","address":"3734 Testing Terrace, San Diego, CA 92108","facility_type":"restaurant","council_district":7,"last_visit":{"date":"2025-07-28","type":"routine"},"grade":{"grade":"A","score":96,"date":"2025-07-28","replaced":null,"open_closure":null},"flags":[]}},{"type":"Feature","geometry":{"type":"Point","coordinates":[-117.05349,32.707367]},"properties":{"facility_id":"SAMPLE-FFPP-01290","name":"Sample Pho House 1290","address":"3325 Fictional Boulevard, San Diego, CA 92114","facility_type":"restaurant","council_district":4,"last_visit":{"date":"2025-10-15","type":"routine"},"grade":{"grade":"A","score":99,"date":"2025-10-15","replaced":null,"open_closure":null},"flags":[],"points":1}},{"type":"Feature","geometry":{"type":"Point","coordinates":[-117.151377,32.922052]},"properties":{"facility_id":"SAMPLE-FFPP-01291","name":"Sample Noodle House 1291","address":"8351 Invented Road, San Diego, CA 92126","facility_type":"restaurant","council_district":6,"last_visit":{"date":"2026-04-25","type":"routine"},"grade":{"grade":"A","score":98,"date":"2026-04-25","replaced":null,"open_closure":null},"flags":[],"points":4}},{"type":"Feature","geometry":{"type":"Point","coordinates":[-117.150935,32.718817]},"properties":{"facility_id":"SAMPLE-FFPP-01292","name":"Sample Pizzeria 1292","address":"2895 Demo Court, San Diego, CA 92101","facility_type":"restaurant","council_district":3,"last_visit":{"date":"2026-07-10","type":"routine"},"grade":{"grade":"A","score":98,"date":"2026-07-10","replaced":null,"open_closure":null},"flags":[],"points":2}},{"type":"Feature","geometry":{"type":"Point","coordinates":[-117.001983,32.563338]},"properties":{"facility_id":"SAMPLE-FFPP-01293","name":"Sample Tea House 1293","address":"2125 Pretend Place, San Diego, CA 92154","facility_type":"limited","council_district":8,"last_visit":{"date":"2026-05-13","type":"routine"},"grade":{"grade":"A","score":100,"date":"2026-05-13","replaced":null,"open_closure":null},"flags":[]}},{"type":"Feature","geometry":{"type":"Point","coordinates":[-117.155692,32.825707]},"properties":{"facility_id":"SAMPLE-FFPP-01294","name":"Sample Taqueria 1294","address":"1201 Testing Terrace, San Diego, CA 92111","facility_type":"restaurant","council_district":6,"last_visit":{"date":"2025-09-22","type":"routine"},"grade":{"grade":"A","score":95,"date":"2025-09-22","replaced":null,"open_closure":null},"flags":[],"points":5}},{"type":"Feature","geometry":{"type":"Point","coordinates":[-117.137032,32.758689]},"properties":{"facility_id":"SAMPLE-FFPP-01295","name":"Sample Taqueria 1295","address":"3090 Sample Row, San Diego, CA 92104","facility_type":"restaurant","council_district":3,"last_visit":{"date":"2026-05-11","type":"routine"},"grade":{"grade":"A","score":98,"date":"2026-05-11","replaced":null,"open_closure":null},"flags":[],"points":2}},{"type":"Feature","geometry":{"type":"Point","coordinates":[-117.122355,32.760314]},"properties":{"facility_id":"SAMPLE-FFPP-01296","name":"Sample Grocery 1296","address":"3847 Sample Row, San Diego, CA 92104","facility_type":"market","council_district":3,"last_visit":{"date":"2025-10-11","type":"routine"},"grade":{"grade":"A","score":98,"date":"2025-10-11","replaced":null,"open_closure":null},"flags":[]}},{"type":"Feature","geometry":{"type":"Point","coordinates":[-117.055257,32.679949]},"properties":{"facility_id":"SAMPLE-FFPP-01297","name":"Sample Market 1297","address":"4017 Sample Row, San Diego, CA 92139","facility_type":"market","council_district":4,"last_visit":{"date":"2026-08-21","type":"routine"},"grade":{"grade":"A","score":96,"date":"2026-08-21","replaced":null,"open_closure":null},"flags":[]}},{"type":"Feature","geometry":{"type":"Point","coordinates":[-117.046452,32.538046]},"properties":{"facility_id":"SAMPLE-FFPP-01298","name":"Sample Sushi Bar 1298","address":"9602 Mock Lane, San Diego, CA 92173","facility_type":"restaurant","council_district":8,"last_visit":{"date":"2026-06-08","type":"routine"},"grade":{"grade":"A","score":96,"date":"2026-06-08","replaced":null,"open_closure":null},"flags":[],"points":5}},{"type":"Feature","geometry":{"type":"Point","coordinates":[-117.152747,32.918086]},"properties":{"facility_id":"SAMPLE-FFPP-01299","name":"Sample Sushi Bar 1299","address":"9542 Invented Road, San Diego, CA 92126","facility_type":"restaurant","council_district":6,"last_visit":{"date":"2026-03-18","type":"routine"},"grade":{"grade":"A","score":96,"date":"2026-03-18","replaced":null,"open_closure":null},"flags":["major","temperature"],"points":6}},{"type":"Feature","geometry":{"type":"Point","coordinates":[-117.130462,32.74871]},"properties":{"facility_id":"SAMPLE-FFPP-01300","name":"Sample Pho House 1300","address":"6829 Mock Lane, San Diego, CA 92104","facility_type":"restaurant","council_district":3,"last_visit":{"date":"2025-11-25","type":"complaint"},"grade":{"grade":"A","score":96,"date":"2025-11-02","replaced":null,"open_closure":null},"flags":[],"points":4}},{"type":"Feature","geometry":{"type":"Point","coordinates":[-117.15483,32.823586]},"properties":{"facility_id":"SAMPLE-FFPP-01301","name":"Sample Noodle House 1301","address":"6473 Mock Lane, San Diego, CA 92111","facility_type":"restaurant","council_district":6,"last_visit":{"date":"2026-04-30","type":"routine"},"grade":{"grade":"A","score":97,"date":"2026-04-30","replaced":null,"open_closure":null},"flags":[],"points":6}},{"type":"Feature","geometry":{"type":"Point","coordinates":[-117.220561,32.866554]},"properties":{"facility_id":"SAMPLE-FFPP-01302","name":"Sample Pizzeria 1302","address":"9676 Demo Court, San Diego, CA 92122","facility_type":"restaurant","council_district":1,"last_visit":{"date":"2026-05-19","type":"routine"},"grade":{"grade":"A","score":98,"date":"2026-05-19","replaced":null,"open_closure":null},"flags":[],"points":2}},{"type":"Feature","geometry":{"type":"Point","coordinates":[-117.2023,32.783061]},"properties":{"facility_id":"SAMPLE-FFPP-01303","name":"Sample Market 1303","address":"9157 Demo Court, San Diego, CA 92110","facility_type":"market","council_district":2,"last_visit":{"date":"2026-04-05","type":"routine"},"grade":{"grade":"A","score":99,"date":"2026-04-05","replaced":null,"open_closure":null},"flags":[]}},{"type":"Feature","geometry":{"type":"Point","coordinates":[-117.234626,32.935934]},"properties":{"facility_id":"SAMPLE-FFPP-01304","name":"Sample Kitchen 1304","address":"802 Fictional Boulevard, San Diego, CA 92130","facility_type":"restaurant","council_district":1,"last_visit":{"date":"2026-08-22","type":"routine"},"grade":{"grade":"A","score":99,"date":"2026-08-22","replaced":null,"open_closure":null},"flags":[],"points":3}},{"type":"Feature","geometry":{"type":"Point","coordinates":[-117.168193,32.720893]},"properties":{"facility_id":"SAMPLE-FFPP-01305","name":"Sample Juice Bar 1305","address":"4120 Placeholder Street, San Diego, CA 92101","facility_type":"limited","council_district":3,"last_visit":{"date":"2025-12-28","type":"routine"},"grade":{"grade":"A","score":98,"date":"2025-12-28","replaced":null,"open_closure":null},"flags":[]}},{"type":"Feature","geometry":{"type":"Point","coordinates":[-117.16597,32.820972]},"properties":{"facility_id":"SAMPLE-FFPP-01306","name":"Sample Noodle House 1306","address":"1010 Specimen Way, San Diego, CA 92111","facility_type":"restaurant","council_district":6,"last_visit":{"date":"2026-04-04","type":"routine"},"grade":{"grade":"A","score":100,"date":"2026-04-04","replaced":null,"open_closure":null},"flags":[],"points":0}},{"type":"Feature","geometry":{"type":"Point","coordinates":[-117.117846,32.953097]},"properties":{"facility_id":"SAMPLE-FFPP-01307","name":"Sample Noodle House 1307","address":"1487 Testing Terrace, San Diego, CA 92129","facility_type":"restaurant","council_district":5,"last_visit":{"date":"2025-12-12","type":"routine"},"grade":{"grade":"A","score":98,"date":"2025-12-12","replaced":null,"open_closure":null},"flags":[],"points":2}},{"type":"Feature","geometry":{"type":"Point","coordinates":[-117.191759,32.789673]},"properties":{"facility_id":"SAMPLE-FFPP-01308","name":"Sample Grill 1308","address":"5881 Pretend Place, San Diego, CA 92111","facility_type":"restaurant","council_district":7,"last_visit":{"date":"2025-09-19","type":"routine"},"grade":{"grade":"A","score":98,"date":"2025-09-19","replaced":null,"open_closure":null},"flags":[],"points":2}},{"type":"Feature","geometry":{"type":"Point","coordinates":[-116.998468,32.567922]},"properties":{"facility_id":"SAMPLE-FFPP-01309","name":"Sample Pho House 1309","address":"5005 Fictional Boulevard, San Diego, CA 92154","facility_type":"restaurant","council_district":8,"last_visit":{"date":"2026-08-19","type":"routine"},"grade":{"grade":"A","score":90,"date":"2026-08-19","replaced":null,"open_closure":null},"flags":["major","condition"],"band":"3","points":12}},{"type":"Feature","geometry":{"type":"Point","coordinates":[-117.217556,32.938847]},"properties":{"facility_id":"SAMPLE-FFPP-01310","name":"Sample Pizzeria 1310","address":"8408 Demo Court, San Diego, CA 92130","facility_type":"restaurant","council_district":1,"last_visit":{"date":"2025-10-13","type":"routine"},"grade":{"grade":"A","score":97,"date":"2025-10-13","replaced":null,"open_closure":null},"flags":[],"points":3}},{"type":"Feature","geometry":{"type":"Point","coordinates":[-117.260992,32.857717]},"properties":{"facility_id":"SAMPLE-FFPP-01311","name":"Sample Diner 1311","address":"9063 Placeholder Street, San Diego, CA 92037","facility_type":"restaurant","council_district":1,"last_visit":{"date":"2026-03-02","type":"routine"},"grade":{"grade":"A","score":94,"date":"2026-03-02","replaced":null,"open_closure":null},"flags":[],"band":"3","points":8}},{"type":"Feature","geometry":{"type":"Point","coordinates":[-117.163054,32.834012]},"properties":{"facility_id":"SAMPLE-FFPP-01312","name":"Sample Juice Bar 1312","address":"7160 Mock Lane, San Diego, CA 92111","facility_type":"limited","council_district":6,"last_visit":{"date":"2026-03-29","type":"reinspection"},"grade":{"grade":"A","score":96,"date":"2026-03-29","replaced":null,"open_closure":null},"flags":["major","temperature"]}},{"type":"Feature","geometry":{"type":"Point","coordinates":[-117.131576,32.75075]},"properties":{"facility_id":"SAMPLE-FFPP-01313","name":"Sample Carniceria 1313","address":"2463 Example Avenue, San Diego, CA 92104","facility_type":"market","council_district":3,"last_visit":{"date":"2026-04-25","type":"routine"},"grade":{"grade":"A","score":97,"date":"2026-04-25","replaced":null,"open_closure":null},"flags":["major","temperature"]}},{"type":"Feature","geometry":{"type":"Point","coordinates":[-117.084085,32.779686]},"properties":{"facility_id":"SAMPLE-FFPP-01314","name":"Sample Deli Market 1314","address":"1149 Fictional Boulevard, San Diego, CA 92115","facility_type":"market","council_district":9,"last_visit":{"date":"2026-08-03","type":"reinspection"},"grade":{"grade":"A","score":95,"date":"2026-08-03","replaced":null,"open_closure":null},"flags":["major","sewage"]}},{"type":"Feature","geometry":{"type":"Point","coordinates":[-117.249204,32.802653]},"properties":{"facility_id":"SAMPLE-FFPP-01315","name":"Sample Taqueria 1315","address":"837 Placeholder Street, San Diego, CA 92109","facility_type":"restaurant","council_district":2,"last_visit":{"date":"2026-03-26","type":"routine"},"grade":{"grade":"A","score":98,"date":"2026-03-26","replaced":null,"open_closure":null},"flags":[],"points":1}},{"type":"Feature","geometry":{"type":"Point","coordinates":[-117.265819,32.794707]},"properties":{"facility_id":"SAMPLE-FFPP-01316","name":"Sample Tea House 1316","address":"2898 Fictional Boulevard, San Diego, CA 92109","facility_type":"limited","council_district":2,"last_visit":{"date":"2026-08-19","type":"routine"},"grade":{"grade":"A","score":97,"date":"2026-08-19","replaced":null,"open_closure":null},"flags":[]}},{"type":"Feature","geometry":{"type":"Point","coordinates":[-117.237703,32.740895]},"properties":{"facility_id":"SAMPLE-FFPP-01317","name":"Sample Diner 1317","address":"754 Specimen Way, San Diego, CA 92107","facility_type":"restaurant","council_district":2,"last_visit":{"date":"2026-03-21","type":"followup"},"grade":{"grade":"B","score":86,"date":"2026-03-21","replaced":{"grade":"B","score":80,"date":"2026-03-12"},"open_closure":null},"flags":["major","bc","hands","temperature"],"band":"2","points":22}},{"type":"Feature","geometry":{"type":"Point","coordinates":[-117.055698,32.686749]},"properties":{"facility_id":"SAMPLE-FFPP-01318","name":"Sample Cafe 1318","address":"6110 Demo Court, San Diego, CA 92139","facility_type":"restaurant","council_district":4,"last_visit":{"date":"2026-06-26","type":"routine"},"grade":{"grade":"A","score":98,"date":"2026-06-26","replaced":null,"open_closure":null},"flags":[],"points":2}},{"type":"Feature","geometry":{"type":"Point","coordinates":[-117.167989,32.766563]},"properties":{"facility_id":"SAMPLE-FFPP-01319","name":"Sample Taqueria 1319","address":"2077 Specimen Way, San Diego, CA 92108","facility_type":"restaurant","council_district":7,"last_visit":{"date":"2026-07-01","type":"routine"},"grade":{"grade":"A","score":100,"date":"2026-07-01","replaced":null,"open_closure":null},"flags":[],"points":1}},{"type":"Feature","geometry":{"type":"Point","coordinates":[-117.056592,32.707412]},"properties":{"facility_id":"SAMPLE-FFPP-01320","name":"Sample Pho House 1320","address":"7575 Pretend Place, San Diego, CA 92114","facility_type":"restaurant","council_district":4,"last_visit":{"date":"2026-05-29","type":"complaint"},"grade":{"grade":"A","score":98,"date":"2026-04-16","replaced":null,"open_closure":null},"flags":[],"points":4}},{"type":"Feature","geometry":{"type":"Point","coordinates":[-117.004117,32.571571]},"properties":{"facility_id":"SAMPLE-FFPP-01321","name":"Sample Market 1321","address":"9306 Pretend Place, San Diego, CA 92154","facility_type":"market","council_district":8,"last_visit":{"date":"2025-05-31","type":"routine"},"grade":{"grade":"A","score":98,"date":"2025-05-31","replaced":null,"open_closure":null},"flags":[]}},{"type":"Feature","geometry":{"type":"Point","coordinates":[-117.156776,32.819872]},"properties":{"facility_id":"SAMPLE-FFPP-01322","name":"Sample Market 1322","address":"7936 Fictional Boulevard, San Diego, CA 92111","facility_type":"market","council_district":6,"last_visit":{"date":"2026-08-02","type":"routine"},"grade":{"grade":"A","score":98,"date":"2026-08-02","replaced":null,"open_closure":null},"flags":[]}},{"type":"Feature","geometry":{"type":"Point","coordinates":[-117.036631,32.553384]},"properties":{"facility_id":"SAMPLE-FFPP-01323","name":"Sample Sushi Bar 1323","address":"1986 Sample Row, San Diego, CA 92173","facility_type":"restaurant","council_district":8,"last_visit":{"date":"2026-07-09","type":"routine"},"grade":{"grade":"A","score":97,"date":"2026-07-09","replaced":null,"open_closure":null},"flags":[],"points":5}},{"type":"Feature","geometry":{"type":"Point","coordinates":[-117.160537,32.770431]},"properties":{"facility_id":"SAMPLE-FFPP-01324","name":"Sample Grill 1324","address":"7919 Mock Lane, San Diego, CA 92108","facility_type":"restaurant","council_district":7,"last_visit":{"date":"2026-07-07","type":"routine"},"grade":{"grade":"A","score":96,"date":"2026-07-07","replaced":null,"open_closure":null},"flags":[],"points":4}},{"type":"Feature","geometry":{"type":"Point","coordinates":[-117.165285,32.814563]},"properties":{"facility_id":"SAMPLE-FFPP-01325","name":"Sample Kitchen 1325","address":"921 Fictional Boulevard, San Diego, CA 92111","facility_type":"restaurant","council_district":6,"last_visit":{"date":"2026-08-17","type":"routine"},"grade":{"grade":"A","score":96,"date":"2026-08-17","replaced":null,"open_closure":null},"flags":[],"points":4}},{"type":"Feature","geometry":{"type":"Point","coordinates":[-117.243831,32.739]},"properties":{"facility_id":"SAMPLE-FFPP-01326","name":"Sample Pho House 1326","address":"7111 Placeholder Street, San Diego, CA 92107","facility_type":"restaurant","council_district":2,"last_visit":{"date":"2026-06-25","type":"routine"},"grade":{"grade":"A","score":98,"date":"2026-06-25","replaced":null,"open_closure":null},"flags":[],"points":3}},{"type":"Feature","geometry":{"type":"Point","coordinates":[-117.11896,32.739567]},"properties":{"facility_id":"SAMPLE-FFPP-01327","name":"Sample Grocery 1327","address":"3377 Fictional Boulevard, San Diego, CA 92116","facility_type":"market","council_district":9,"last_visit":{"date":"2026-04-05","type":"complaint"},"grade":{"grade":"A","score":100,"date":"2025-12-21","replaced":null,"open_closure":null},"flags":[]}},{"type":"Feature","geometry":{"type":"Point","coordinates":[-117.153004,32.77573]},"properties":{"facility_id":"SAMPLE-FFPP-01328","name":"Sample Kitchen 1328","address":"5935 Testing Terrace, San Diego, CA 92108","facility_type":"restaurant","council_district":7,"last_visit":{"date":"2026-06-12","type":"reinspection"},"grade":{"grade":"A","score":93,"date":"2026-06-05","replaced":null,"open_closure":null},"flags":["major","closed","water"],"band":"1","points":30}},{"type":"Feature","geometry":{"type":"Point","coordinates":[-117.184063,32.782148]},"properties":{"facility_id":"SAMPLE-FFPP-01329","name":"Sample Sushi Bar 1329","address":"2691 Invented Road, San Diego, CA 92111","facility_type":"restaurant","council_district":7,"last_visit":{"date":"2025-08-11","type":"routine"},"grade":{"grade":"A","score":99,"date":"2025-08-11","replaced":null,"open_closure":null},"flags":[]}},{"type":"Feature","geometry":{"type":"Point","coordinates":[-117.072798,32.777774]},"properties":{"facility_id":"SAMPLE-FFPP-01330","name":"Sample Sushi Bar 1330","address":"5382 Mock Lane, San Diego, CA 92115","facility_type":"restaurant","council_district":9,"last_visit":{"date":"2025-11-06","type":"reinspection"},"grade":{"grade":"A","score":93,"date":"2025-10-23","replaced":null,"open_closure":null},"flags":["major","temperature"],"band":"3","points":11}},{"type":"Feature","geometry":{"type":"Point","coordinates":[-117.198287,32.822212]},"properties":{"facility_id":"SAMPLE-FFPP-01331","name":"Sample Diner 1331","address":"8860 Specimen Way, San Diego, CA 92117","facility_type":"restaurant","council_district":2,"last_visit":{"date":"2026-01-14","type":"routine"},"grade":{"grade":"A","score":96,"date":"2026-01-14","replaced":null,"open_closure":null},"flags":[],"points":4}},{"type":"Feature","geometry":{"type":"Point","coordinates":[-117.162117,32.776583]},"properties":{"facility_id":"SAMPLE-FFPP-01332","name":"Sample Pho House 1332","address":"1118 Demo Court, San Diego, CA 92108","facility_type":"restaurant","council_district":7,"last_visit":{"date":"2026-04-05","type":"routine"},"grade":{"grade":"A","score":98,"date":"2026-04-05","replaced":null,"open_closure":null},"flags":[],"points":2}},{"type":"Feature","geometry":{"type":"Point","coordinates":[-117.14812,32.927388]},"properties":{"facility_id":"SAMPLE-FFPP-01333","name":"Sample Pho House 1333","address":"3743 Testing Terrace, San Diego, CA 92126","facility_type":"restaurant","council_district":6,"last_visit":{"date":"2025-09-18","type":"routine"},"grade":{"grade":"A","score":100,"date":"2025-09-18","replaced":null,"open_closure":null},"flags":[],"points":0}},{"type":"Feature","geometry":{"type":"Point","coordinates":[-117.164103,32.728278]},"properties":{"facility_id":"SAMPLE-FFPP-01334","name":"Sample Taqueria 1334","address":"1150 Pretend Place, San Diego, CA 92101","facility_type":"restaurant","council_district":3,"last_visit":{"date":"2026-08-01","type":"complaint"},"grade":{"grade":"A","score":96,"date":"2026-01-16","replaced":null,"open_closure":null},"flags":[],"points":4}},{"type":"Feature","geometry":{"type":"Point","coordinates":[-117.195723,32.788169]},"properties":{"facility_id":"SAMPLE-FFPP-01335","name":"Sample Carniceria 1335","address":"9343 Mock Lane, San Diego, CA 92111","facility_type":"market","council_district":7,"last_visit":{"date":"2026-02-14","type":"routine"},"grade":{"grade":"A","score":96,"date":"2026-02-14","replaced":null,"open_closure":null},"flags":[]}},{"type":"Feature","geometry":{"type":"Point","coordinates":[-117.057014,32.72547]},"properties":{"facility_id":"SAMPLE-FFPP-01336","name":"Sample Noodle House 1336","address":"1109 Specimen Way, San Diego, CA 92114","facility_type":"restaurant","council_district":4,"last_visit":{"date":"2026-07-16","type":"routine"},"grade":{"grade":"A","score":96,"date":"2026-07-16","replaced":null,"open_closure":null},"flags":["major","closed","major_2","temperature"],"band":"2","points":19}},{"type":"Feature","geometry":{"type":"Point","coordinates":[-117.165973,32.747429]},"properties":{"facility_id":"SAMPLE-FFPP-01337","name":"Sample Grill 1337","address":"653 Fictional Boulevard, San Diego, CA 92103","facility_type":"restaurant","council_district":3,"last_visit":{"date":"2026-05-16","type":"routine"},"grade":{"grade":"A","score":98,"date":"2026-05-16","replaced":null,"open_closure":null},"flags":[],"points":2}},{"type":"Feature","geometry":{"type":"Point","coordinates":[-117.077177,32.782529]},"properties":{"facility_id":"SAMPLE-FFPP-01338","name":"Sample Pho House 1338","address":"6409 Pretend Place, San Diego, CA 92115","facility_type":"restaurant","council_district":9,"last_visit":{"date":"2025-11-26","type":"routine"},"grade":{"grade":"A","score":97,"date":"2025-11-26","replaced":null,"open_closure":null},"flags":[],"points":3}},{"type":"Feature","geometry":{"type":"Point","coordinates":[-117.177257,32.712555]},"properties":{"facility_id":"SAMPLE-FFPP-01339","name":"Sample Cafe 1339","address":"4749 Fictional Boulevard, San Diego, CA 92101","facility_type":"restaurant","council_district":3,"last_visit":{"date":"2026-06-24","type":"reinspection"},"grade":{"grade":"A","score":98,"date":"2025-03-17","replaced":null,"open_closure":{"date":"2026-06-12","reason":"health","later_ungraded":["2026-06-15","2026-06-24"],"status":"Ordered Closed"}},"flags":["major","closed","health"],"band":"1","points":30}},{"type":"Feature","geometry":{"type":"Point","coordinates":[-117.169046,32.823722]},"properties":{"facility_id":"SAMPLE-FFPP-01340","name":"Sample Diner 1340","address":"5439 Mock Lane, San Diego, CA 92111","facility_type":"restaurant","council_district":6,"last_visit":{"date":"2025-07-26","type":"followup"},"grade":{"grade":"A","score":96,"date":"2024-07-23","replaced":null,"open_closure":{"date":"2025-07-25","reason":"health","later_ungraded":["2025-07-26"],"status":"Ordered Closed"}},"flags":[]}},{"type":"Feature","geometry":{"type":"Point","coordinates":[-117.144715,32.839659]},"properties":{"facility_id":"SAMPLE-FFPP-01341","name":"Sample Cantina 1341","address":"7359 Invented Road, San Diego, CA 92123","facility_type":"restaurant","council_district":6,"last_visit":{"date":"2026-03-29","type":"routine"},"grade":{"grade":"A","score":98,"date":"2026-03-29","replaced":null,"open_closure":null},"flags":[],"points":2}},{"type":"Feature","geometry":{"type":"Point","coordinates":[-117.203194,32.780407]},"properties":{"facility_id":"SAMPLE-FFPP-01342","name":"Sample Snack Bar 1342","address":"6112 Placeholder Street, San Diego, CA 92110","facility_type":"limited","council_district":2,"last_visit":{"date":"2026-07-07","type":"routine"},"grade":{"grade":"A","score":100,"date":"2026-07-07","replaced":null,"open_closure":null},"flags":[]}},{"type":"Feature","geometry":{"type":"Point","coordinates":[-117.199537,32.815256]},"properties":{"facility_id":"SAMPLE-FFPP-01343","name":"Sample Noodle House 1343","address":"3446 Mock Lane, San Diego, CA 92117","facility_type":"restaurant","council_district":2,"last_visit":{"date":"2026-03-02","type":"reinspection"},"grade":{"grade":"A","score":92,"date":"2026-03-02","replaced":null,"open_closure":null},"flags":["major","major_2","sanitizing"],"band":"3","points":8}},{"type":"Feature","geometry":{"type":"Point","coordinates":[-117.144882,32.827955]},"properties":{"facility_id":"SAMPLE-FFPP-01344","name":"Sample Diner 1344","address":"1817 Pretend Place, San Diego, CA 92111","facility_type":"restaurant","council_district":6,"last_visit":{"date":"2026-08-03","type":"reinspection"},"grade":{"grade":"A","score":95,"date":"2026-07-24","replaced":null,"open_closure":null},"flags":["major","closed","condition"],"band":"1","points":30}},{"type":"Feature","geometry":{"type":"Point","coordinates":[-117.153098,32.768624]},"properties":{"facility_id":"SAMPLE-FFPP-01345","name":"Sample Carniceria 1345","address":"6822 Invented Road, San Diego, CA 92108","facility_type":"market","council_district":7,"last_visit":{"date":"2026-06-29","type":"routine"},"grade":{"grade":"A","score":97,"date":"2026-06-29","replaced":null,"open_closure":null},"flags":[]}},{"type":"Feature","geometry":{"type":"Point","coordinates":[-116.997287,32.587823]},"properties":{"facility_id":"SAMPLE-FFPP-01346","name":"Sample Grill 1346","address":"4478 Mock Lane, San Diego, CA 92154","facility_type":"restaurant","council_district":8,"last_visit":{"date":"2026-07-04","type":"routine"},"grade":{"grade":"A","score":96,"date":"2026-07-04","replaced":null,"open_closure":null},"flags":["major","temperature"],"points":7}},{"type":"Feature","geometry":{"type":"Point","coordinates":[-117.159545,32.764521]},"properties":{"facility_id":"SAMPLE-FFPP-01347","name":"Sample Cantina 1347","address":"7778 Testing Terrace, San Diego, CA 92108","facility_type":"restaurant","council_district":7,"last_visit":{"date":"2025-09-17","type":"routine"},"grade":{"grade":"A","score":100,"date":"2025-09-17","replaced":null,"open_closure":null},"flags":[],"points":0}},{"type":"Feature","geometry":{"type":"Point","coordinates":[-117.11731,32.954137]},"properties":{"facility_id":"SAMPLE-FFPP-01348","name":"Sample Kitchen 1348","address":"5772 Fictional Boulevard, San Diego, CA 92129","facility_type":"restaurant","council_district":5,"last_visit":{"date":"2025-09-05","type":"followup"},"grade":{"grade":"A","score":93,"date":"2025-09-05","replaced":null,"open_closure":null},"flags":["major","closed","temperature","vermin"],"band":"1","points":32}},{"type":"Feature","geometry":{"type":"Point","coordinates":[-117.243653,32.740629]},"properties":{"facility_id":"SAMPLE-FFPP-01349","name":"Sample Grocery 1349","address":"8981 Placeholder Street, San Diego, CA 92107","facility_type":"market","council_district":2,"last_visit":{"date":"2025-07-04","type":"routine"},"grade":{"grade":"A","score":97,"date":"2025-07-04","replaced":null,"open_closure":null},"flags":[]}},{"type":"Feature","geometry":{"type":"Point","coordinates":[-117.061044,32.706434]},"properties":{"facility_id":"SAMPLE-FFPP-01350","name":"Sample Diner 1350","address":"5521 Pretend Place, San Diego, CA 92114","facility_type":"restaurant","council_district":4,"last_visit":{"date":"2026-05-15","type":"routine"},"grade":{"grade":"A","score":98,"date":"2026-05-15","replaced":null,"open_closure":null},"flags":[],"points":3}},{"type":"Feature","geometry":{"type":"Point","coordinates":[-117.255298,32.804876]},"properties":{"facility_id":"SAMPLE-FFPP-01351","name":"Sample Cantina 1351","address":"647 Example Avenue, San Diego, CA 92109","facility_type":"restaurant","council_district":2,"last_visit":{"date":"2026-07-22","type":"followup"},"grade":{"grade":"B","score":87,"date":"2026-07-22","replaced":{"grade":"C","score":75,"date":"2026-07-02"},"open_closure":null},"flags":["major","bc","temperature"],"band":"2","points":17}},{"type":"Feature","geometry":{"type":"Point","coordinates":[-117.059016,32.683744]},"properties":{"facility_id":"SAMPLE-FFPP-01352","name":"Sample Pizzeria 1352","address":"6596 Mock Lane, San Diego, CA 92139","facility_type":"restaurant","council_district":4,"last_visit":{"date":"2026-08-18","type":"routine"},"grade":{"grade":"A","score":100,"date":"2026-08-18","replaced":null,"open_closure":null},"flags":[],"points":0}},{"type":"Feature","geometry":{"type":"Point","coordinates":[-117.04255,32.704519]},"properties":{"facility_id":"SAMPLE-FFPP-01353","name":"Sample Carniceria 1353","address":"6435 Example Avenue, San Diego, CA 92114","facility_type":"market","council_district":4,"last_visit":{"date":"2026-07-11","type":"routine"},"grade":{"grade":"A","score":97,"date":"2026-07-11","replaced":null,"open_closure":null},"flags":[]}},{"type":"Feature","geometry":{"type":"Point","coordinates":[-117.062638,32.766247]},"properties":{"facility_id":"SAMPLE-FFPP-01354","name":"Sample Grocery 1354","address":"5977 Pretend Place, San Diego, CA 92115","facility_type":"market","council_district":9,"last_visit":{"date":"2026-02-06","type":"routine"},"grade":{"grade":"A","score":99,"date":"2026-02-06","replaced":null,"open_closure":null},"flags":[]}},{"type":"Feature","geometry":{"type":"Point","coordinates":[-117.210458,32.870582]},"properties":{"facility_id":"SAMPLE-FFPP-01355","name":"Sample Grill 1355","address":"5741 Invented Road, San Diego, CA 92122","facility_type":"restaurant","council_district":1,"last_visit":{"date":"2025-09-16","type":"routine"},"grade":{"grade":"A","score":99,"date":"2025-09-16","replaced":null,"open_closure":null},"flags":[],"points":1}},{"type":"Feature","geometry":{"type":"Point","coordinates":[-117.038315,32.549833]},"properties":{"facility_id":"SAMPLE-FFPP-01356","name":"Sample Grocery 1356","address":"8646 Invented Road, San Diego, CA 92173","facility_type":"market","council_district":8,"last_visit":{"date":"2025-12-19","type":"routine"},"grade":{"grade":"A","score":96,"date":"2025-12-19","replaced":null,"open_closure":null},"flags":[]}},{"type":"Feature","geometry":{"type":"Point","coordinates":[-117.007701,32.577067]},"properties":{"facility_id":"SAMPLE-FFPP-01357","name":"Sample Kitchen 1357","address":"1396 Demo Court, San Diego, CA 92154","facility_type":"restaurant","council_district":8,"last_visit":{"date":"2026-08-02","type":"routine"},"grade":{"grade":"A","score":90,"date":"2026-08-02","replaced":null,"open_closure":null},"flags":["major","vermin"],"band":"3","points":11}},{"type":"Feature","geometry":{"type":"Point","coordinates":[-117.169787,32.723452]},"properties":{"facility_id":"SAMPLE-FFPP-01358","name":"Sample Taqueria 1358","address":"8615 Specimen Way, San Diego, CA 92101","facility_type":"restaurant","council_district":3,"last_visit":{"date":"2026-05-17","type":"routine"},"grade":{"grade":"A","score":98,"date":"2026-05-17","replaced":null,"open_closure":null},"flags":[],"points":2}},{"type":"Feature","geometry":{"type":"Point","coordinates":[-117.152837,32.825247]},"properties":{"facility_id":"SAMPLE-FFPP-01359","name":"Sample Taqueria 1359","address":"3597 Invented Road, San Diego, CA 92111","facility_type":"restaurant","council_district":6,"last_visit":{"date":"2025-08-11","type":"routine"},"grade":{"grade":"A","score":98,"date":"2025-08-11","replaced":null,"open_closure":null},"flags":[]}},{"type":"Feature","geometry":{"type":"Point","coordinates":[-117.047853,32.710912]},"properties":{"facility_id":"SAMPLE-FFPP-01360","name":"Sample Pizzeria 1360","address":"1322 Placeholder Street, San Diego, CA 92114","facility_type":"restaurant","council_district":4,"last_visit":{"date":"2026-04-14","type":"reinspection"},"grade":{"grade":"A","score":95,"date":"2026-04-13","replaced":null,"open_closure":null},"flags":["major","closed","temperature"],"band":"1","points":32}},{"type":"Feature","geometry":{"type":"Point","coordinates":[-117.063753,32.671065]},"properties":{"facility_id":"SAMPLE-FFPP-01361","name":"Sample Sushi Bar 1361","address":"7581 Specimen Way, San Diego, CA 92139","facility_type":"restaurant","council_district":4,"last_visit":{"date":"2026-03-09","type":"routine"},"grade":{"grade":"A","score":100,"date":"2026-03-09","replaced":null,"open_closure":null},"flags":[],"points":0}},{"type":"Feature","geometry":{"type":"Point","coordinates":[-117.093789,32.76428]},"properties":{"facility_id":"SAMPLE-FFPP-01362","name":"Sample Pizzeria 1362","address":"4106 Testing Terrace, San Diego, CA 92105","facility_type":"restaurant","council_district":9,"last_visit":{"date":"2026-04-17","type":"routine"},"grade":{"grade":"A","score":100,"date":"2026-04-17","replaced":null,"open_closure":null},"flags":[],"points":0}},{"type":"Feature","geometry":{"type":"Point","coordinates":[-117.171394,32.727308]},"properties":{"facility_id":"SAMPLE-FFPP-01363","name":"Sample Noodle House 1363","address":"3043 Pretend Place, San Diego, CA 92101","facility_type":"restaurant","council_district":3,"last_visit":{"date":"2026-01-27","type":"routine"},"grade":{"grade":"A","score":98,"date":"2026-01-27","replaced":null,"open_closure":null},"flags":[],"points":2}},{"type":"Feature","geometry":{"type":"Point","coordinates":[-117.097181,32.743583]},"properties":{"facility_id":"SAMPLE-FFPP-01364","name":"Sample Cantina 1364","address":"3378 Fictional Boulevard, San Diego, CA 92105","facility_type":"restaurant","council_district":9,"last_visit":{"date":"2026-03-11","type":"routine"},"grade":{"grade":"A","score":98,"date":"2026-03-11","replaced":null,"open_closure":null},"flags":[],"points":2}},{"type":"Feature","geometry":{"type":"Point","coordinates":[-117.054293,32.692486]},"properties":{"facility_id":"SAMPLE-FFPP-01365","name":"Sample Pizzeria 1365","address":"1332 Testing Terrace, San Diego, CA 92139","facility_type":"restaurant","council_district":4,"last_visit":{"date":"2025-10-18","type":"routine"},"grade":{"grade":"A","score":98,"date":"2025-10-18","replaced":null,"open_closure":null},"flags":[],"points":2}},{"type":"Feature","geometry":{"type":"Point","coordinates":[-117.151122,32.746939]},"properties":{"facility_id":"SAMPLE-FFPP-01366","name":"Sample Snack Bar 1366","address":"3727 Invented Road, San Diego, CA 92103","facility_type":"limited","council_district":3,"last_visit":{"date":"2026-02-03","type":"routine"},"grade":{"grade":"A","score":96,"date":"2026-02-03","replaced":null,"open_closure":null},"flags":[]}},{"type":"Feature","geometry":{"type":"Point","coordinates":[-117.042583,32.551547]},"properties":{"facility_id":"SAMPLE-FFPP-01367","name":"Sample Noodle House 1367","address":"9537 Placeholder Street, San Diego, CA 92173","facility_type":"restaurant","council_district":8,"last_visit":{"date":"2026-01-27","type":"routine"},"grade":{"grade":"A","score":98,"date":"2026-01-27","replaced":null,"open_closure":null},"flags":[],"points":4}},{"type":"Feature","geometry":{"type":"Point","coordinates":[-117.019559,32.570492]},"properties":{"facility_id":"SAMPLE-FFPP-01368","name":"Sample Snack Bar 1368","address":"4819 Example Avenue, San Diego, CA 92154","facility_type":"limited","council_district":8,"last_visit":{"date":"2025-12-13","type":"routine"},"grade":{"grade":"A","score":100,"date":"2025-12-13","replaced":null,"open_closure":null},"flags":[]}},{"type":"Feature","geometry":{"type":"Point","coordinates":[-117.128789,32.837688]},"properties":{"facility_id":"SAMPLE-FFPP-01369","name":"Sample Pho House 1369","address":"9502 Specimen Way, San Diego, CA 92123","facility_type":"restaurant","council_district":6,"last_visit":{"date":"2026-08-08","type":"routine"},"grade":{"grade":"A","score":93,"date":"2026-08-08","replaced":null,"open_closure":null},"flags":[],"points":4}},{"type":"Feature","geometry":{"type":"Point","coordinates":[-117.091371,32.752022]},"properties":{"facility_id":"SAMPLE-FFPP-01370","name":"Sample Grill 1370","address":"7313 Mock Lane, San Diego, CA 92105","facility_type":"restaurant","council_district":9,"last_visit":{"date":"2026-07-29","type":"routine"},"grade":{"grade":"A","score":98,"date":"2026-07-29","replaced":null,"open_closure":null},"flags":[],"points":4}},{"type":"Feature","geometry":{"type":"Point","coordinates":[-117.15497,32.750332]},"properties":{"facility_id":"SAMPLE-FFPP-01371","name":"Sample Grill 1371","address":"5675 Sample Row, San Diego, CA 92103","facility_type":"restaurant","council_district":3,"last_visit":{"date":"2026-08-08","type":"routine"},"grade":{"grade":"A","score":98,"date":"2026-08-08","replaced":null,"open_closure":null},"flags":[],"points":2}},{"type":"Feature","geometry":{"type":"Point","coordinates":[-117.203466,32.872058]},"properties":{"facility_id":"SAMPLE-FFPP-01372","name":"Sample Carniceria 1372","address":"4515 Invented Road, San Diego, CA 92122","facility_type":"market","council_district":1,"last_visit":{"date":"2026-07-09","type":"complaint"},"grade":{"grade":"A","score":99,"date":"2026-05-03","replaced":null,"open_closure":null},"flags":[]}},{"type":"Feature","geometry":{"type":"Point","coordinates":[-117.163964,32.842182]},"properties":{"facility_id":"SAMPLE-FFPP-01373","name":"Sample Noodle House 1373","address":"2660 Specimen Way, San Diego, CA 92111","facility_type":"restaurant","council_district":6,"last_visit":{"date":"2025-09-26","type":"routine"},"grade":{"grade":"A","score":98,"date":"2025-09-26","replaced":null,"open_closure":null},"flags":[],"points":2}},{"type":"Feature","geometry":{"type":"Point","coordinates":[-117.149644,32.772889]},"properties":{"facility_id":"SAMPLE-FFPP-01374","name":"Sample Cantina 1374","address":"3954 Fictional Boulevard, San Diego, CA 92108","facility_type":"restaurant","council_district":7,"last_visit":{"date":"2026-03-29","type":"routine"},"grade":{"grade":"A","score":99,"date":"2026-03-29","replaced":null,"open_closure":null},"flags":[],"points":1}},{"type":"Feature","geometry":{"type":"Point","coordinates":[-117.00385,32.565672]},"properties":{"facility_id":"SAMPLE-FFPP-01375","name":"Sample Tea House 1375","address":"2841 Placeholder Street, San Diego, CA 92154","facility_type":"limited","council_district":8,"last_visit":{"date":"2026-01-22","type":"routine"},"grade":{"grade":"A","score":98,"date":"2026-01-22","replaced":null,"open_closure":null},"flags":[]}},{"type":"Feature","geometry":{"type":"Point","coordinates":[-117.239117,32.794131]},"properties":{"facility_id":"SAMPLE-FFPP-01376","name":"Sample Sushi Bar 1376","address":"9763 Fictional Boulevard, San Diego, CA 92109","facility_type":"restaurant","council_district":2,"last_visit":{"date":"2026-04-06","type":"reinspection"},"grade":{"grade":"A","score":90,"date":"2026-03-28","replaced":null,"open_closure":null},"flags":["major","handsink","temperature"],"band":"3","points":12}},{"type":"Feature","geometry":{"type":"Point","coordinates":[-117.177962,32.737287]},"properties":{"facility_id":"SAMPLE-FFPP-01377","name":"Sample Carniceria 1377","address":"9752 Placeholder Street, San Diego, CA 92101","facility_type":"market","council_district":3,"last_visit":{"date":"2026-02-04","type":"routine"},"grade":{"grade":"A","score":98,"date":"2026-02-04","replaced":null,"open_closure":null},"flags":[]}},{"type":"Feature","geometry":{"type":"Point","coordinates":[-117.15891,32.716655]},"properties":{"facility_id":"SAMPLE-FFPP-01378","name":"Sample Cafe 1378","address":"5235 Invented Road, San Diego, CA 92101","facility_type":"restaurant","council_district":3,"last_visit":{"date":"2025-12-07","type":"reinspection"},"grade":{"grade":"A","score":96,"date":"2025-12-07","replaced":null,"open_closure":null},"flags":["major","health"],"points":4}},{"type":"Feature","geometry":{"type":"Point","coordinates":[-117.253273,32.802806]},"properties":{"facility_id":"SAMPLE-FFPP-01379","name":"Sample Juice Bar 1379","address":"482 Sample Row, San Diego, CA 92109","facility_type":"limited","council_district":2,"last_visit":{"date":"2025-12-12","type":"routine"},"grade":{"grade":"A","score":99,"date":"2025-12-12","replaced":null,"open_closure":null},"flags":[]}},{"type":"Feature","geometry":{"type":"Point","coordinates":[-117.149037,32.824464]},"properties":{"facility_id":"SAMPLE-FFPP-01380","name":"Sample Kitchen 1380","address":"3636 Invented Road, San Diego, CA 92111","facility_type":"restaurant","council_district":6,"last_visit":{"date":"2026-03-14","type":"routine"},"grade":{"grade":"A","score":94,"date":"2026-03-14","replaced":null,"open_closure":null},"flags":[],"band":"3","points":8}},{"type":"Feature","geometry":{"type":"Point","coordinates":[-117.257344,32.805763]},"properties":{"facility_id":"SAMPLE-FFPP-01381","name":"Sample Cafe 1381","address":"5393 Testing Terrace, San Diego, CA 92109","facility_type":"restaurant","council_district":2,"last_visit":{"date":"2026-03-18","type":"routine"},"grade":{"grade":"A","score":98,"date":"2026-03-18","replaced":null,"open_closure":null},"flags":[],"points":2}},{"type":"Feature","geometry":{"type":"Point","coordinates":[-117.138043,32.913214]},"properties":{"facility_id":"SAMPLE-FFPP-01382","name":"Sample Pizzeria 1382","address":"361 Invented Road, San Diego, CA 92126","facility_type":"restaurant","council_district":6,"last_visit":{"date":"2025-09-23","type":"routine"},"grade":{"grade":"A","score":99,"date":"2025-09-23","replaced":null,"open_closure":null},"flags":[],"points":1}},{"type":"Feature","geometry":{"type":"Point","coordinates":[-117.095195,32.9026]},"properties":{"facility_id":"SAMPLE-FFPP-01383","name":"Sample Market 1383","address":"5639 Invented Road, San Diego, CA 92131","facility_type":"market","council_district":5,"last_visit":{"date":"2025-10-30","type":"routine"},"grade":{"grade":"A","score":96,"date":"2025-10-30","replaced":null,"open_closure":null},"flags":[]}},{"type":"Feature","geometry":{"type":"Point","coordinates":[-117.046784,32.551461]},"properties":{"facility_id":"SAMPLE-FFPP-01384","name":"Sample Cafe 1384","address":"1154 Fictional Boulevard, San Diego, CA 92173","facility_type":"restaurant","council_district":8,"last_visit":{"date":"2026-03-20","type":"reinspection"},"grade":{"grade":"A","score":92,"date":"2026-03-20","replaced":null,"open_closure":null},"flags":["major","handsink"],"band":"3","points":10}},{"type":"Feature","geometry":{"type":"Point","coordinates":[-117.063792,32.760753]},"properties":{"facility_id":"SAMPLE-FFPP-01385","name":"Sample Pizzeria 1385","address":"415 Pretend Place, San Diego, CA 92115","facility_type":"restaurant","council_district":9,"last_visit":{"date":"2025-10-11","type":"routine"},"grade":{"grade":"A","score":97,"date":"2025-10-11","replaced":null,"open_closure":null},"flags":[],"points":5}},{"type":"Feature","geometry":{"type":"Point","coordinates":[-117.174805,32.775002]},"properties":{"facility_id":"SAMPLE-FFPP-01386","name":"Sample Cafe 1386","address":"4131 Demo Court, San Diego, CA 92108","facility_type":"restaurant","council_district":7,"last_visit":{"date":"2026-08-26","type":"routine"},"grade":{"grade":"B","score":81,"date":"2026-08-26","replaced":null,"open_closure":null},"flags":["major","bc","health","handsink"],"band":"3","points":10}},{"type":"Feature","geometry":{"type":"Point","coordinates":[-117.158729,32.70646]},"properties":{"facility_id":"SAMPLE-FFPP-01387","name":"Sample Kitchen 1387","address":"3688 Pretend Place, San Diego, CA 92101","facility_type":"restaurant","council_district":3,"last_visit":{"date":"2026-01-27","type":"routine"},"grade":{"grade":"A","score":94,"date":"2026-01-27","replaced":null,"open_closure":null},"flags":[],"points":6}},{"type":"Feature","geometry":{"type":"Point","coordinates":[-117.254739,32.803573]},"properties":{"facility_id":"SAMPLE-FFPP-01388","name":"Sample Diner 1388","address":"9580 Invented Road, San Diego, CA 92109","facility_type":"restaurant","council_district":2,"last_visit":{"date":"2025-10-19","type":"routine"},"grade":{"grade":"A","score":98,"date":"2025-10-19","replaced":null,"open_closure":null},"flags":[],"points":2}},{"type":"Feature","geometry":{"type":"Point","coordinates":[-117.219027,32.87196]},"properties":{"facility_id":"SAMPLE-FFPP-01389","name":"Sample Sushi Bar 1389","address":"9129 Sample Row, San Diego, CA 92122","facility_type":"restaurant","council_district":1,"last_visit":{"date":"2026-08-08","type":"complaint"},"grade":{"grade":"A","score":96,"date":"2025-02-11","replaced":null,"open_closure":{"date":"2026-05-03","reason":"health","later_ungraded":["2026-05-03","2026-05-07","2026-08-08"],"status":"Ordered Closed"}},"flags":["major","closed","temperature"],"band":"1","points":36}},{"type":"Feature","geometry":{"type":"Point","coordinates":[-117.204587,32.787663]},"properties":{"facility_id":"SAMPLE-FFPP-01390","name":"Sample Pho House 1390","address":"3094 Pretend Place, San Diego, CA 92110","facility_type":"restaurant","council_district":2,"last_visit":{"date":"2025-06-25","type":"routine"},"grade":{"grade":"A","score":100,"date":"2025-06-25","replaced":null,"open_closure":null},"flags":[]}},{"type":"Feature","geometry":{"type":"Point","coordinates":[-117.263704,32.796895]},"properties":{"facility_id":"SAMPLE-FFPP-01391","name":"Sample Noodle House 1391","address":"8916 Mock Lane, San Diego, CA 92109","facility_type":"restaurant","council_district":2,"last_visit":{"date":"2026-05-04","type":"routine"},"grade":{"grade":"A","score":97,"date":"2026-05-04","replaced":null,"open_closure":null},"flags":[],"points":4}},{"type":"Feature","geometry":{"type":"Point","coordinates":[-117.058244,32.679452]},"properties":{"facility_id":"SAMPLE-FFPP-01392","name":"Sample Pizzeria 1392","address":"2698 Pretend Place, San Diego, CA 92139","facility_type":"restaurant","council_district":4,"last_visit":{"date":"2025-10-21","type":"routine"},"grade":{"grade":"A","score":100,"date":"2025-10-21","replaced":null,"open_closure":null},"flags":[],"points":0}},{"type":"Feature","geometry":{"type":"Point","coordinates":[-117.045864,32.700956]},"properties":{"facility_id":"SAMPLE-FFPP-01393","name":"Sample Pizzeria 1393","address":"1934 Sample Row, San Diego, CA 92114","facility_type":"restaurant","council_district":4,"last_visit":{"date":"2026-03-10","type":"routine"},"grade":{"grade":"A","score":97,"date":"2026-03-10","replaced":null,"open_closure":null},"flags":[],"points":3}},{"type":"Feature","geometry":{"type":"Point","coordinates":[-117.052076,32.683193]},"properties":{"facility_id":"SAMPLE-FFPP-01394","name":"Sample Deli Market 1394","address":"1149 Example Avenue, San Diego, CA 92139","facility_type":"market","council_district":4,"last_visit":{"date":"2025-12-18","type":"routine"},"grade":{"grade":"A","score":98,"date":"2025-12-18","replaced":null,"open_closure":null},"flags":[]}},{"type":"Feature","geometry":{"type":"Point","coordinates":[-117.060732,32.777587]},"properties":{"facility_id":"SAMPLE-FFPP-01395","name":"Sample Diner 1395","address":"1362 Sample Row, San Diego, CA 92115","facility_type":"restaurant","council_district":9,"last_visit":{"date":"2025-09-05","type":"routine"},"grade":{"grade":"A","score":94,"date":"2025-09-05","replaced":null,"open_closure":null},"flags":["major","temperature"],"band":"3","points":10}},{"type":"Feature","geometry":{"type":"Point","coordinates":[-117.171804,32.723644]},"properties":{"facility_id":"SAMPLE-FFPP-01396","name":"Sample Cantina 1396","address":"7782 Pretend Place, San Diego, CA 92101","facility_type":"restaurant","council_district":3,"last_visit":{"date":"2026-06-19","type":"routine"},"grade":{"grade":"A","score":99,"date":"2026-06-19","replaced":null,"open_closure":null},"flags":[],"points":3}},{"type":"Feature","geometry":{"type":"Point","coordinates":[-117.065528,32.713834]},"properties":{"facility_id":"SAMPLE-FFPP-01397","name":"Sample Pho House 1397","address":"3949 Invented Road, San Diego, CA 92114","facility_type":"restaurant","council_district":4,"last_visit":{"date":"2026-08-24","type":"routine"},"grade":{"grade":"A","score":96,"date":"2026-08-24","replaced":null,"open_closure":null},"flags":[],"points":5}},{"type":"Feature","geometry":{"type":"Point","coordinates":[-117.14573,32.778355]},"properties":{"facility_id":"SAMPLE-FFPP-01398","name":"Sample Grocery 1398","address":"7273 Placeholder Street, San Diego, CA 92108","facility_type":"market","council_district":7,"last_visit":{"date":"2026-02-19","type":"routine"},"grade":{"grade":"A","score":98,"date":"2026-02-19","replaced":null,"open_closure":null},"flags":[]}},{"type":"Feature","geometry":{"type":"Point","coordinates":[-117.125463,32.758721]},"properties":{"facility_id":"SAMPLE-FFPP-01399","name":"Sample Deli Market 1399","address":"971 Invented Road, San Diego, CA 92104","facility_type":"market","council_district":3,"last_visit":{"date":"2026-06-20","type":"routine"},"grade":{"grade":"A","score":98,"date":"2026-06-20","replaced":null,"open_closure":null},"flags":[]}},{"type":"Feature","geometry":{"type":"Point","coordinates":[-117.139389,32.919251]},"properties":{"facility_id":"SAMPLE-FFPP-01400","name":"Sample Coffee Bar 1400","address":"4164 Demo Court, San Diego, CA 92126","facility_type":"limited","council_district":6,"last_visit":{"date":"2025-10-08","type":"routine"},"grade":{"grade":"A","score":96,"date":"2025-10-08","replaced":null,"open_closure":null},"flags":[]}}]}